dest,dest_avg_dep_delay,dest_avg_taxi_out,dest_avg_wheels_off,dest_avg_wheels_on,dest_avg_taxi_in,dest_avg_arr_delay,dest_avg_crs_elapsed_time,dest_avg_actual_elapsed_time,dest_avg_air_time,dest_avg_carrier_delay,dest_avg_weather_delay,dest_avg_nas_delay,dest_avg_security_delay,dest_avg_late_aircraft_delay,dest_avg_total_add_gtime,dest_avg_longest_add_gtime
ABE,9.51017454235845,20.0786583808632,1507.55495020005,1613.60565539562,4.9022229793033,4.59250085411684,106.034766697164,101.577832806763,76.608658526172,23.4266727772686,5.8666361136572,10.7763519706691,0.0953253895508708,25.9216315307058,41.9868421052632,41.1973684210526
ABI,5.6977240398293,19.1046263345196,1655.55895610913,1699.38580246914,3.79582146248813,5.96550903901047,53.5898391983221,53.9153187440533,31.0475737392959,13.4369310793238,5.5370611183355,10.2769830949285,0.0403120936280884,24.1352405721717,35.2666666666667,35.2666666666667
ABQ,10.0541875580316,16.2677712353957,1465.14958114308,1527.49362572013,5.43664746329678,4.98125918895278,122.429225675924,117.296056427149,95.5970632572162,21.023130154517,2.22096881220969,7.14759692861883,0.11877903118779,25.2772774670585,33.2243346007605,32.6844106463878
ABR,10.7865397688647,20.211708645337,1652.39278420694,1691.53646898432,4.68984321745058,3.43668720054757,79.4384203480589,72.0547570157426,47.1649555099247,43.4593023255814,32.2383720930233,14.0988372093023,0.0,30.5872093023256,35.9411764705882,35.9411764705882
ABY,12.102,19.2259830761573,1586.33051269288,1638.78685258964,3.6394422310757,8.21378269617706,57.0816831683168,53.2134268537074,30.4283567134269,24.3151862464183,24.2406876790831,10.3553008595989,0.0401146131805158,20.3123209169054,25.0833333333333,25.0833333333333
ACK,16.3510511701706,22.3706349206349,1209.55317460317,1276.18102073365,6.99561403508772,9.27543224768798,78.1292413267251,71.3569131832797,42.0518488745981,30.1802325581395,15.7403100775194,10.4767441860465,0.0,39.6356589147287,42.96,41.36
ACT,4.4541312272175,18.8059701492537,1548.84221748401,1582.6118902439,3.68506097560976,3.52687843616371,43.864856889938,43.1273671350031,20.6380574221136,16.523166023166,4.7972972972973,7.54247104247104,0.0308880308880309,21.8359073359073,56.4,52.92
ACV,17.9052287581699,24.8382877526754,1555.36801426873,1593.21647624775,5.98135898977751,11.1234417756157,97.8033209275694,91.4104591061113,60.5834600182426,37.7496503496504,11.7818181818182,7.04895104895105,0.0,36.2405594405594,38.0333333333333,38.0333333333333
ACY,10.5587256300523,13.6389725701601,1577.03424766133,1645.85458293689,4.89010466222645,6.56217246307766,134.80554250822,130.980625694775,112.456249007464,12.1586582048957,3.24478694469628,37.6464188576609,0.242973708068903,26.8014505893019,27.8064516129032,27.8064516129032
ADK,-1.17085427135678,12.1407035175879,1422.07035175879,1598.46733668342,5.09045226130653,-7.95477386934673,189.951690821256,183.075376884422,165.844221105528,24.16,2.24,10.4,0.0,12.52,20.0,20.0
ADQ,-1.96557245796637,14.2820512820513,1140.07852564103,1207.78716490658,3.22989439480097,-0.689486552567237,58.5828750981932,60.1711491442543,42.7025264873676,15.7820512820513,8.57692307692308,7.07051282051282,0.0,8.15384615384615,14.8461538461538,14.8461538461538
AEX,6.29791761665907,19.620935885749,1533.02962625342,1579.55040291926,3.72038923521362,3.91592920353982,82.2137817144573,80.0146408418484,56.6797315845661,21.5306666666667,7.17777777777778,11.448,0.00977777777777778,20.7377777777778,38.2542372881356,38.2542372881356
AGS,9.30667846955838,20.1182362761465,1562.44515368752,1513.21310670073,5.01129887993712,6.43465405085748,61.7063384376817,58.9839487936977,33.879074347612,19.9532224532225,8.02702702702703,9.55405405405405,0.0888773388773389,25.9662162162162,38.0131578947368,36.6578947368421
AKN,-5.39516129032258,14.5,1562.81451612903,1643.92741935484,3.5,-2.16129032258065,61.6854838709677,64.9193548387097,46.9193548387097,7.66666666666667,0.0,11.1111111111111,0.0,11.0,4.0,4.0
ALB,13.92990972325,19.6983322965728,1503.12417429426,1524.4459591619,4.27759831668791,8.45377677564825,109.116225347232,104.137004183107,80.1596700981992,24.2860793544048,5.05353059852051,8.91257565568258,0.111499663752522,30.2168123739072,43.9778597785978,43.6088560885609
ALO,6.00150715900527,20.4675716440422,1639.58295625943,1696.10784313725,4.35444947209653,7.51476154428463,67.2,68.6850870552612,43.9061317183952,11.0174825174825,6.26223776223776,15.6083916083916,0.0,20.4160839160839,60.0,60.0
ALW,6.15288077581289,16.1689497716895,1639.63641552511,1708.05462909718,3.59286946520989,4.34024179620035,62.9615595826469,61.2993667242372,41.5273459988486,12.8603988603989,1.62108262108262,5.94586894586895,0.0313390313390313,21.025641025641,22.75,22.75
AMA,11.8682922641023,16.6471346335596,1497.27081364378,1589.38989759917,4.63824111522244,9.14387992754248,84.036974789916,81.6011386181316,60.3306305529199,22.3290774299835,4.82578253706755,8.24505766062603,0.0947281713344316,32.6375617792422,36.6626506024096,36.6626506024096
ANC,2.90493804806125,15.6876083525241,1456.29500349316,1435.27440933675,4.2740470460368,-1.74126363236018,188.84666496945,185.166377367289,165.212031711488,14.7414032650226,3.29749913164293,10.1794025703369,0.875303924973949,19.8308440430705,23.6160990712074,23.5108359133127
APN,8.83927091963546,16.5813953488372,1602.22508305648,1651.33862876254,4.9623745819398,1.90243902439024,58.8528938906752,52.632464255677,31.107653490328,19.7884615384615,25.5961538461538,12.9102564102564,0.108974358974359,49.974358974359,42.125,42.125
ART,12.6649331352155,24.5100521221147,1523.73417721519,1579.46848899013,4.78815489749431,6.90874233128834,88.9217330538085,83.7223926380368,54.4532208588957,14.8952702702703,6.64864864864865,12.7398648648649,0.0574324324324324,32.2702702702703,67.625,67.625
ASE,19.3000233299634,22.686442660014,1387.29663990021,1513.18543259557,4.03605633802817,14.5110440948733,113.305823428272,108.896242562556,82.298394327166,36.0013495276653,11.389338731444,17.1174089068826,0.011808367071525,26.1052631578947,45.832,45.832
ATL,7.78610892476627,16.6841077808921,1248.62744132317,1407.73758862526,8.78899959317454,1.99558230253726,122.453062470972,116.650022303575,91.1898072663508,22.4391328993249,4.39505642681691,15.7127385471598,0.0720837556040332,26.2272446192693,40.849946638207,39.9978655282817
ATW,12.208307549505,20.6211804749749,1549.58474510714,1613.07036148309,5.17965786825606,6.61743454277057,89.6149943203332,84.3800279546513,58.5915514831496,28.83002722676,7.75690392843252,11.2263710618436,0.0108907040062233,29.6164916374951,46.0294117647059,45.4019607843137
ATY,8.74596774193548,19.5161290322581,1454.02016129032,1538.64503042596,4.62677484787018,2.42362525458248,95.1647509578544,88.7820773930754,64.6232179226069,29.8681318681319,16.0769230769231,9.0,0.0,24.2967032967033,23.75,23.75
AUS,10.1130187861719,16.2620912200331,1391.55493476545,1510.78023160404,6.56246032851857,3.96394887068752,153.218356103504,147.17692546343,124.363546110292,20.3486166659795,2.89267307137261,9.98894982064075,0.0990805261204799,26.066259844143,35.2167553191489,34.8949468085106
AVL,11.5165075034106,20.128711790393,1480.05180131004,1574.71797955502,5.45804406056962,8.70343461030383,81.6009316770186,78.7573840822837,53.1831582421209,21.9987283825025,7.0233977619532,11.236520854527,0.069175991861648,26.9318413021363,43.3918918918919,42.9256756756757
AVP,10.1607223476298,22.7761706743808,1628.7630627373,1687.73813835567,4.50235421948569,5.79344470673688,92.7876694359423,88.7558762138125,61.4826209274889,19.6257416704701,5.83021451392058,12.3235965312643,0.0684618895481515,28.6581469648562,49.4204545454545,49.1818181818182
AZA,14.857943067034,12.076492194674,1547.88236914601,1633.19357208448,6.01019283746556,12.1803067879122,159.423809090081,156.681638651603,138.594562322035,21.2317335243553,3.93194842406877,8.87249283667622,0.251790830945559,34.6647564469914,35.6607142857143,33.5
AZO,9.82213541666667,20.617911615174,1601.96949550254,1660.05026765896,3.73678025851939,5.5086387434555,59.4122562674095,55.3761780104712,31.0437172774869,23.5260597637248,7.5642807505212,10.0097289784573,0.0,27.8325225851286,48.6779661016949,46.5423728813559
BDL,11.6659283057153,17.2906139015728,1470.24097750719,1483.08888212207,5.35639125727433,6.19568937763695,130.871485477178,125.635696862931,102.991039365811,22.8366949152542,3.87983050847458,9.78457627118644,0.116186440677966,28.3901694915254,39.7564102564103,39.3615384615385
BET,-2.99507692307692,12.3526510480888,1362.31442663379,1464.80359355638,3.70508054522924,-3.79850746268657,77.2815884476534,76.4944029850746,60.4185323383085,18.6617647058824,12.7573529411765,5.97794117647059,0.0,12.3455882352941,17.875,17.875
BFF,11.7191489361702,18.8616567036721,1784.98462852263,1828.83832335329,4.01710863986313,4.84991423670669,57.7506255212677,51.1174957118353,28.2512864493997,53.7878787878788,5.72727272727273,8.17676767676768,0.0,26.5050505050505,32.7142857142857,32.7142857142857
BFL,11.2957954785548,21.2142857142857,1637.38186813187,1701.49619450317,4.58414376321353,7.12375713983499,116.646076794658,112.364924899513,86.5667442352443,29.1691489361702,2.40744680851064,6.7531914893617,0.331914893617021,33.0,28.375,28.375
BFM,8.36363636363636,19.4350649350649,1215.85714285714,1492.94805194805,9.40909090909091,7.18181818181818,156.132911392405,155.415584415584,126.571428571429,22.5142857142857,0.0,30.6285714285714,0.0,10.8571428571429,20.5,20.5
BGM,14.3496767241379,20.1239892183288,1620.27870619946,1679.95297297297,3.82432432432432,4.98803046789989,87.3749333333333,79.0119695321001,55.0772578890098,27.978978978979,17.2672672672673,11.1711711711712,0.24024024024024,21.4174174174174,45.4117647058824,45.4117647058824
BGR,10.8223438212494,24.3167820699708,1447.8630648688,1521.53667883212,4.98886861313869,6.68553401609364,112.021674271674,108.255641845592,78.945180447693,22.133611691023,2.37995824634656,11.4258872651357,0.021294363256785,31.4839248434238,52.9909090909091,52.2363636363636
BHM,11.491601205474,18.8323114956737,1511.19161928307,1568.63933331685,4.02297287272188,7.50169785599207,104.30576343668,100.146996133637,77.3095816397343,21.75164987843,4.47111265485701,9.38265601481996,0.0976033344911428,27.2000694685655,42.1609589041096,41.2465753424658
BIL,8.9842331581462,18.0518872431916,1499.25814464507,1485.28490818669,3.93141381289459,2.78737286509307,115.249548950717,109.207925542122,87.2517750911533,24.9588960657663,6.19788608338227,8.53787433940106,0.111567821491486,25.7480916030534,32.8194444444444,32.5972222222222
BIS,11.8444116198917,19.8404926108374,1462.16137931034,1592.53160437827,4.83699832363672,6.19807863721898,117.276698559969,111.429137367535,86.758046944637,26.6805625313913,8.79708689100954,9.08186840783526,0.0311401305876444,29.1988950276243,45.0875,43.35
BJI,6.04424778761062,18.9959155888359,1651.23213070116,1695.76310415248,4.66848196051736,-0.634129692832765,68.4679270762998,61.877133105802,38.2075085324232,21.8734939759036,25.9638554216867,12.8915662650602,0.0,21.5060240963855,30.5,30.5
BKG,12.7585034013605,19.877133105802,1466.53924914676,1660.01369863014,6.81849315068493,11.7465753424658,105.291390728477,104.575342465753,77.8835616438356,15.8513513513514,0.0,20.4324324324324,0.0,34.6891891891892,75.5,75.5
BLI,3.18488238668962,15.5874587458746,1535.07375520161,1512.22274949669,5.23698590739143,0.834557235421166,108.116067623242,106.000431965443,85.2093592512599,18.5934393638171,1.81312127236581,9.36182902584493,0.0546719681908549,18.7882703777336,24.64,23.8823529411765
BLV,9.17993079584775,13.6594167078596,1217.72120612951,1369.09490855166,6.16065249629263,8.16468253968254,134.203148057059,133.22619047619,113.480158730159,30.7122302158273,7.29976019184652,10.5755395683453,0.0911270983213429,17.3812949640288,25.8461538461538,25.0
BMI,11.8408156553198,19.5261169513798,1521.75476346912,1583.64607295432,4.14853762734144,8.38375165125495,97.2201923076923,94.1713390501319,70.5062664907652,25.8377088305489,8.02943516308672,8.94828957836118,0.081145584725537,29.2267303102625,32.6862745098039,32.6862745098039
BNA,10.1005332028395,17.0605960433301,1395.04392132431,1475.58771734639,6.50791188531104,4.06534333261182,126.616003057989,120.61287653095,97.0514220966058,20.1316614420063,3.15074580591822,9.33304626408075,0.0994178235557546,27.3364221984912,42.1712643678161,41.7298850574713
BOI,6.76883788006249,17.0206121549617,1482.94853972197,1571.81135817308,3.98098958333333,2.04308771929825,109.847262650026,105.052110275689,84.0527318295739,21.2379332897318,3.0380640941792,6.75644211903205,0.0644865925441465,26.2234139960759,32.1566265060241,31.8032128514056
BOS,15.0214326496552,18.4206645557857,1379.63726189229,1429.81042570737,8.40670668234849,9.42878417117657,157.320277008494,152.451230860333,125.628549192116,17.8302299028798,2.86366519600242,24.2897396501417,0.0583003256135207,28.6226125199104,40.7860988742046,40.0734214390602
BPT,5.5281650864473,21.4742729306488,1555.48993288591,1633.32940516274,4.14758698092031,4.2611142374789,79.1168199026501,78.0815981992122,52.4541361845808,14.1754966887417,9.36754966887417,11.1026490066225,0.0,23.4304635761589,37.6,37.6
BQK,8.50416054821341,20.3666828557552,1516.79796017484,1583.43807673628,3.60271976687712,4.20117762512267,70.7224371373308,66.5402242808386,42.5568015602145,26.5032467532468,11.9188311688312,8.38636363636364,0.0,24.2305194805195,25.7,25.7
BQN,19.0640207890385,17.743680604772,1300.62957713206,436.5530356721,7.23623907394283,14.1782927406006,182.392161464445,177.509813194609,152.535824071885,23.5230891719745,1.94187898089172,10.2213375796178,0.175955414012739,29.5167197452229,32.1351351351351,31.4594594594595
BRD,14.3594249201278,16.871096877502,1840.31865492394,1862.30904723779,4.42273819055244,5.90224358974359,55.7399527186761,47.6081730769231,26.3309294871795,44.9225806451613,63.6516129032258,7.74838709677419,0.0,17.5032258064516,48.7142857142857,48.7142857142857
BRO,7.16628264208909,19.4718431674034,1510.5685181626,1542.47046332046,4.84517374517374,5.56061192873741,87.6935665914221,86.0660340821069,61.7701394268009,26.1982281284607,5.62679955703211,10.3133997785161,0.0210409745293466,23.9645625692137,41.3548387096774,40.7096774193548
BRW,-8.60933147632312,7.93732590529248,1363.34331476323,1421.05464868701,4.19730305180979,-8.79985805535841,48.7209621993127,49.2938254080908,37.1738821859475,4.25225225225225,3.22522522522523,6.05405405405405,0.027027027027027,32.3693693693694,6.5,6.5
BTM,1.0480413895048,18.6629711751663,1693.75018477458,1768.78566149298,3.41537324464154,-7.27740492170022,87.0945347119646,78.7024608501119,56.6562266964952,25.0897435897436,42.2179487179487,6.32051282051282,0.0,15.9358974358974,28.8181818181818,28.8181818181818
BTR,10.3103149763601,19.6515806988353,1532.18009983361,1581.80327541442,4.46594767325744,6.42477462437396,90.0477564943584,86.2034305546286,62.0854301541747,32.9436212504518,4.48825442717745,8.93783881460065,0.0,25.8127936393206,36.3095238095238,36.3095238095238
BTV,12.430258302583,23.2719225929622,1504.28242287499,1558.48128040306,5.32157748436414,8.39621407074628,99.8140103749315,96.0260774923814,67.4376578145407,22.6642941874259,4.92447607750099,11.4800316330565,0.0130486358244365,33.1344404903124,50.8907103825137,49.6775956284153
BUF,12.3488327155831,20.0344797302045,1466.14689454086,1461.19498435907,4.57941724368212,6.9208464639707,107.171829009515,102.046134356195,77.4350564802759,24.550143025408,3.2037691401649,9.72025912838634,0.110466094565034,30.6118963486455,49.9811764705882,49.4047058823529
BUR,8.68909733550843,14.3102627732264,1404.3961314886,1498.37341158459,3.21226503359701,4.0280271923398,100.032941137423,95.6272468607841,78.1158400490689,19.29593605547,1.24845916795069,6.06221109399076,0.175173343605547,26.3123073959938,32.2151898734177,30.6455696202532
BWI,9.4445986438985,14.2108931101559,1341.04911505487,1413.98400326758,5.45048893587372,2.37222350652103,132.445785959298,125.610083790812,105.955557160744,17.7244191144235,2.47800672219787,13.5451410200205,0.147099225485898,24.7166447464562,33.916742081448,33.5393665158371
BZN,8.28394593911835,19.3091839312784,1388.47353461344,1480.43149646107,5.2197295247725,2.54329210275928,137.339588301745,131.654741516016,107.139993656835,20.4845735027223,4.66569872958258,9.5557168784029,0.117241379310345,23.8736842105263,31.990099009901,31.9108910891089
CAE,11.4366581896958,20.7569146680488,1603.18659002026,1604.41471461564,4.73870009897723,7.21723323890463,87.0083410138249,82.6270770392749,57.1436933534743,22.9133440884997,4.76261811477299,9.66997003917953,0.0274256741184605,32.3021433510025,49.9333333333333,49.7866666666667
CAK,17.6924038762113,21.310996993988,1595.968499499,1682.84168964653,5.65473802958135,14.1544592983117,96.2346511204227,92.8701054216867,65.9026731927711,24.0074716799229,5.22656061701615,10.4948180284406,0.0404916847433116,37.4087731983611,52.0691823899371,51.2955974842767
CDC,0.463537906137184,19.9783393501805,1385.20866425993,1439.64234104046,3.17846820809249,2.34492753623188,58.1465703971119,60.3072463768116,37.1601449275362,16.5028248587571,5.63841807909604,16.3220338983051,0.0,6.9774011299435,17.5,17.5
CDV,-1.37245256500351,12.8854532677442,1358.7266338721,1421.52330508475,3.87429378531073,1.78995756718529,48.4875173370319,51.9130127298444,35.1874115983027,15.304347826087,1.76521739130435,8.57391304347826,0.0,18.2652173913043,9.17647058823529,9.17647058823529
CGI,12.5563709139426,17.704469646431,1574.18945963976,1595.69025367156,4.99065420560748,5.35747820254863,65.8900889453621,59.0784708249497,36.4071093226023,39.0615384615385,5.63692307692308,6.59076923076923,0.0,39.0892307692308,27.5714285714286,27.5714285714286
CHA,11.2181194091949,20.6808322496749,1547.61050715215,1567.51711580481,5.47117885755905,7.18742505604504,84.7415230399427,80.4863470557582,54.343147472642,23.1690573770492,5.5968237704918,10.2061987704918,0.00973360655737705,29.9016393442623,47.8740157480315,47.8740157480315
CHO,11.6882947118241,23.5791790600833,1559.11737061273,1636.04539752703,4.26742727435637,7.56826501830403,85.6826250361376,81.7649175412294,53.9571814092954,22.3964446952596,6.31941309255079,11.1297968397291,0.0654627539503386,32.222065462754,55.414201183432,55.1420118343195
CHS,9.69758898706521,19.5070201902994,1427.11762203141,1512.42817903981,6.33277883090255,4.46055333824156,112.388976020861,107.074876980898,81.2378627610523,22.4712345806987,4.02031719705608,10.2678552918006,0.0725614180574272,27.7730900798176,44.56,43.7457142857143
CID,9.66201007009576,20.8385344657318,1492.9016887221,1570.68757413998,6.44029260577303,5.42300639341825,101.703769850847,97.9785473642489,70.7011494252874,20.7555668016194,6.40814777327935,11.0091093117409,0.0589574898785425,26.9111842105263,46.0440251572327,45.0503144654088
CIU,11.3295711060948,20.0226073850791,1761.9434815373,1846.80393641181,4.555639666919,1.97016067329763,90.2290585618977,81.1216526396327,56.4934965570008,29.962441314554,18.4460093896714,11.7887323943662,5.16901408450704,18.9859154929577,46.6875,46.6875
CKB,20.1169950738916,21.9377695625385,1520.95871842267,1640.6794081381,4.08199753390875,16.8707482993197,84.7975903614458,81.543599257885,55.5473098330241,44.3316708229426,8.09476309226933,10.1895261845387,0.0,39.14463840399,55.25,55.25
CLE,11.3344818785094,19.6336147653642,1463.5203416454,1498.37516079302,6.97091487544065,5.91743633627431,120.602515977516,115.458584885253,88.8613891565554,21.7167589330649,4.20005032712632,11.572722697534,0.0478107700050327,32.1649723200805,48.9895424836601,48.0601307189542
CLL,8.04940755644981,20.4625195793242,1554.26695010069,1599.6490481523,4.71825307950728,6.77248201438849,54.5761154855643,53.2589928057554,28.0822841726619,34.8233731739708,4.79017264276228,11.0863213811421,0.0,24.3877822045153,35.8787878787879,35.6363636363636
CLT,8.5825885441401,16.9165793197956,1248.15743032982,1379.74288377443,12.5730733772803,3.08150539437072,116.395509382042,111.082618152974,81.606166974,20.1680546923555,3.33390926041019,11.5569670602859,0.0722063393412057,31.9601118707272,42.2947818126335,41.6109246261825
CMH,10.2806490260478,18.9136165948699,1466.00092974246,1526.37385195516,5.95857224030167,4.84792841255884,115.984031652633,110.737131744455,85.8700761337305,21.0236211940622,3.59437642214758,10.0296890237295,0.0837577202297107,29.158196987756,47.518771331058,46.5631399317406
CMI,11.3010714913051,22.0798171589311,1593.9685302391,1663.2920556632,4.78950149726968,9.47668668315083,76.3144356067016,75.1455316142706,48.2900035323207,16.1695294996266,5.72143390589993,11.7221807318895,0.029126213592233,30.0216579536968,40.6153846153846,40.6153846153846
CMX,22.196804647785,25.8704512372635,1567.55312954876,1537.80486008837,4.69587628865979,20.2312267657993,90.2451790633609,88.3635687732342,57.835687732342,30.1331658291457,19.035175879397,11.178391959799,0.0,28.178391959799,49.7083333333333,49.7083333333333
CNY,8.87426326129666,20.8187192118227,1276.75862068966,1356.11221449851,4.51042701092353,5.98303393213573,76.1275167785235,73.2425149700599,47.9880239520958,32.0942408376963,6.7434554973822,8.07329842931937,0.0,23.9895287958115,47.8461538461538,47.8461538461538
COD,16.3257751041185,22.7359888837425,1461.40250115794,1547.09230769231,3.86013986013986,16.1093823668081,87.0237442922374,87.0674210278171,60.4879773691655,34.3546391752577,10.2927835051546,12.0329896907216,0.0,38.1711340206186,50.28,50.28
COS,14.5352367688022,20.9917305458769,1545.40943089431,1625.19832674878,7.24113409249361,10.6414127294754,117.265105878058,113.371959742801,85.1659211629857,27.5950347567031,4.80139026812314,10.5185700099305,0.0411122144985104,31.0510427010924,41.6120218579235,40.8579234972678
COU,13.8126403039199,22.6649956784788,1649.78254105445,1716.27644105937,4.51947377531591,12.966869037294,91.1169281585467,90.5016478751084,63.3172593235039,22.5154155495979,4.72050938337802,11.2747989276139,0.00402144772117962,32.9738605898123,45.5510204081633,45.5510204081633
CPR,15.1486424298205,21.1772151898734,1542.2087456847,1600.90211883924,3.77614002763703,10.3387990762125,72.9615559599636,68.2667436489607,43.3242494226328,37.4518229166667,7.16276041666667,9.56901041666667,0.0,54.5091145833333,48.2857142857143,47.8285714285714
CRP,10.1487780861158,16.189934628817,1499.57598280648,1557.82035659887,4.48069169429263,6.75804860550623,70.3686559327966,66.9484351179266,46.2867007443279,21.5175284837862,4.35495179666959,8.14767747589833,0.0451358457493427,27.9592462751972,35.2459016393443,34.4262295081967
CRW,12.2910488742449,20.2314594396631,1529.87987548068,1607.18500504726,3.97843443149491,7.71943776585907,83.3668723727752,79.0496257277516,54.8687736808058,20.8895297249335,8.07630878438332,8.31100266193434,0.0488021295474712,33.5008873114463,45.9885057471264,44.1609195402299
CSG,8.10732673267327,20.2552268244576,1548.88205128205,1586.95183576786,3.39794709830241,5.41263494602159,47.6963515103962,45.3271139341008,21.7098054783644,26.7549019607843,7.89950980392157,8.41176470588235,0.0,23.8382352941176,26.4782608695652,26.4782608695652
CVG,11.5356228332808,19.6640090444357,1438.38733779001,1517.68051281547,6.14359029819197,6.13218775864108,120.724377830243,115.568405720078,89.7683525741337,20.3218041365562,4.13859955145776,11.324794418141,0.0589583852479442,35.7947171692001,45.7875354107649,44.871104815864
CWA,8.2115668338743,20.6706975372364,1542.81698864474,1582.66238179669,3.84397163120567,4.92839102659337,70.3735525375268,67.2655208178989,42.787968587939,20.5431993156544,12.082121471343,12.5970915312233,0.0153977758768178,28.8665526090676,46.655737704918,46.2622950819672
CYS,10.5767097966728,23.8872458410351,1288.0831792976,1344.13148148148,3.96666666666667,0.936685288640596,143.678883071553,133.92364990689,106.061452513966,59.3589743589744,5.96153846153846,5.16666666666667,0.0,27.7051282051282,42.0,42.0
DAB,8.04949763593381,17.7395094562648,1534.40957446809,1575.51019804907,3.77992905704996,4.18110469420998,88.6750401635753,84.8833111209833,63.3654671997631,18.2218543046358,6.63079470198675,9.07615894039735,0.081953642384106,21.1034768211921,29.6206896551724,29.6206896551724
DAL,9.63618294447332,12.5645591851071,1332.24150333685,1511.96317706795,5.14475294316216,3.7391356542617,127.556789080898,121.883475743238,104.192302803474,14.5695925828214,1.53812233822033,11.4899935928843,0.116609505144537,23.2609957411525,27.2867383512545,27.0268817204301
DAY,13.6526883330837,21.3695508784554,1527.8556095221,1613.62469261681,5.26491933065435,9.29478553406224,99.7988146677566,95.5153781462125,68.8834024148495,23.04114490161,5.82331085730012,10.6945094261731,0.0423833769093161,35.8699600935737,51.2414860681115,48.9318885448916
DBQ,7.13112244897959,22.6848825331971,1548.61593462717,1594.26861838726,4.63687724704674,8.51779267663744,57.2496343247197,58.7013924703455,31.4115523465704,9.36997885835095,4.77589852008457,13.6194503171247,0.0,23.0126849894292,40.8235294117647,40.8235294117647
DCA,10.2639267676316,17.0786091646904,1311.15519023654,1471.01802940113,6.68248638935918,5.44317259411972,118.587471346855,114.098490534867,90.3550708762655,19.1266964187731,2.87836997475948,15.749058053188,0.0827084171635512,30.7166294765336,43.9006426099852,43.0785961443401
DEN,10.163492696591,16.2343703747286,1278.39744285118,1384.36541379101,8.89463008630186,5.42827521067312,150.680794884286,146.102823979102,120.984872858218,21.0005695375944,3.23114388679949,16.7211131514086,0.0704066302031678,29.2061824287833,36.9245618491237,36.2308864617729
DFW,11.5874627126799,16.7185386816976,1241.3302022704,1398.12985878254,11.9863545232488,7.37823978165217,143.871148234183,139.95618678165,111.29297968572,22.3975865326048,5.17060230753613,17.5485827279067,0.0883378501249106,29.8788940775593,41.3019378098242,40.4729607931501
DHN,10.6516976998905,20.2665206279664,1560.53377144943,1519.77254472435,3.64293537787514,6.04314442413163,62.5886421550783,58.0299817184643,34.1414990859232,18.4655172413793,6.20306513409962,9.272030651341,0.693486590038314,29.4540229885057,40.4615384615385,40.4615384615385
DIK,24.6851851851852,20.2191780821918,1689.55197421434,1778.47738287561,5.4232633279483,22.0563725490196,101.024767801858,98.343137254902,72.7222222222222,30.9527777777778,8.76388888888889,7.57777777777778,0.0,50.2722222222222,35.75,34.9
DLG,-1.93373493975904,12.1867469879518,1411.59036144578,1488.15950920245,4.68098159509202,-3.96319018404908,70.4939759036145,68.6503067484663,51.8036809815951,29.6470588235294,0.0,3.23529411764706,0.0,17.0,,
DLH,16.3465050639216,20.3967093235832,1530.29649326907,1575.63628776498,5.40360540811217,8.9734721289456,77.8789303079417,70.5933512424446,44.8210208193418,26.7926509186352,26.4698162729659,10.0481189851269,0.163604549431321,27.7025371828521,40.625,40.3571428571429
DRO,14.6307136629717,20.2859636000997,1449.18698578908,1523.11005739955,4.70464187671575,12.2283070767692,89.2694785462502,86.7596899224806,61.7889472368092,24.6001091107474,4.42389525368249,8.45935624659029,0.155482815057283,41.1543917075832,39.36,38.22
DRT,1.42270531400966,19.2524154589372,1696.42995169082,1772.18621523579,3.82103990326481,0.612864077669903,85.0238663484487,84.2342233009709,61.1796116504854,10.1428571428571,2.16666666666667,11.0714285714286,0.0,18.4365079365079,31.8571428571429,31.8571428571429
DSM,10.3693536382893,20.6282073261329,1488.6000914338,1594.50387198171,5.63243320474353,6.06171883958262,118.50954804961,114.383958751074,88.1263248352907,20.3045678144765,5.05495432185524,10.1070976809557,0.0352775825720309,28.7583977512298,42.6439393939394,42.0719696969697
DTW,9.08295718681672,17.3837637634764,1295.93297635625,1420.52868153389,8.60457216041902,2.50534915498022,122.745910522139,116.282129354092,90.3012233866678,24.9752353976881,6.51339661639746,12.9894932251397,0.0757100206690653,33.5557299242134,42.7565877623939,42.0803930326038
DUT,15.9657142857143,8.64065855404438,1209.08941344778,1449.40648011782,2.77286135693215,26.7061503416856,138.219649561952,149.739329268293,138.362042682927,20.7929447852761,4.73619631901841,17.521472392638,0.0,9.51687116564417,11.0,7.0
DVL,9.23925863521483,15.8854254422915,1756.6697556866,1686.99746407439,5.43702451394759,6.93564775613887,45.1315156375301,42.4733276883997,21.2125317527519,67.0047393364929,10.9668246445498,6.36492890995261,0.0,38.8341232227488,30.0,30.0
EAR,11.360884749709,19.6247086247086,1731.06876456876,1860.67643610785,4.2672919109027,6.43683589138135,76.1830508474576,71.3211334120425,47.5017709563164,42.8089171974522,10.3949044585987,9.38216560509554,0.0,23.375796178344,48.2857142857143,48.2857142857143
EAT,4.94478527607362,16.0771591407278,1641.79526523455,1456.47699115044,4.35840707964602,4.3215234720992,47.9631849315069,47.4198405668733,26.9986713906112,11.5251798561151,1.94964028776978,7.08393285371703,0.0,19.1630695443645,17.625,17.625
EAU,16.9060258249641,23.5570710696339,1605.14931801866,1675.03323699422,3.93280346820809,11.3687272727273,81.6049896049896,76.6218181818182,49.1461818181818,30.7241379310345,6.25862068965517,11.5574712643678,0.0,31.2701149425287,52.6666666666667,52.6666666666667
ECP,13.4080435693339,16.0353641163161,1495.13165172212,1553.84832732456,3.64894776557391,8.42563198118754,90.3447650453421,85.2036617115982,65.5369110607206,32.2078272604588,8.39226270805218,11.6248313090418,0.0193432298695457,25.195681511471,34.4590163934426,34.4590163934426
EGE,16.779427587691,20.2798362774666,1326.12688496338,1445.5383445579,6.80056484901151,14.2484034353667,141.157927984839,138.645892975116,111.680026425897,29.1100917431193,14.143119266055,19.1110091743119,0.0018348623853211,22.954128440367,38.4285714285714,38.4285714285714
EKO,1.37025796661609,17.5394537177542,1767.01972685888,1722.66844106464,4.24562737642586,-4.19036697247706,60.8108925869894,55.8165137614679,34.0496941896024,33.7866666666667,44.1333333333333,9.84,0.0,13.3866666666667,27.5,27.5
ELM,11.5704184979935,19.1575119617225,1535.77454545455,1612.2996742671,4.26058631921824,6.31008645533141,84.4945427173504,79.2330451488953,55.8096061479347,31.7830687830688,6.52169312169312,7.58518518518519,0.0518518518518519,39.3470899470899,43.74,42.14
ELP,11.369171156347,16.2463294836055,1502.56975972388,1529.65353159851,3.80998406797663,6.93272171253823,114.464944068064,110.007100119665,89.9531711208616,20.8643108651911,2.9976106639839,6.80193661971831,0.0663983903420523,27.7423289738431,31.03,30.78
ERI,11.1387530562347,22.625,1681.6455954323,1737.3750255467,3.80012262415696,6.24825891028267,80.4162688941925,75.288201556739,48.8951249487915,22.2658610271903,5.87713997985901,9.0392749244713,0.00100704934541793,31.8902316213494,48.8965517241379,48.8965517241379
ESC,12.4249384741591,20.6086956521739,1275.31173092699,1370.82493806771,4.38398018166804,4.60847880299252,89.0691318327974,81.1172069825436,56.2086450540316,32.340206185567,21.860824742268,6.96907216494845,0.0,25.7525773195876,39.2,39.2
EUG,7.26342086916105,18.7416037187682,1561.33137710633,1537.2833469008,4.94481916501919,3.55661696178938,105.141353729369,101.304636533085,77.6226118359739,22.8041345480028,2.77785564120533,7.18780658724597,0.0949544498948844,28.3090399439383,31.9213483146067,31.9213483146067
EVV,10.3461502825906,21.75954869139,1549.99842781837,1584.20592044403,4.48732654949121,6.66350622792341,89.6839387625691,86.1721357063404,59.9349276974416,23.0717339667458,4.89596199524941,8.74014251781473,0.00475059382422803,33.3453681710214,43.7294117647059,42.8941176470588
EWN,9.49751639181403,19.266137040715,1531.64508440914,1590.57535337448,3.55464861636472,7.73058446757406,70.6624350836699,69.2392564461323,46.4471317209674,17.4519140989729,6.19887955182073,8.43043884220355,0.0373482726423903,27.4491129785247,35.3529411764706,35.0588235294118
EWR,22.8921084226824,20.8846182341781,1315.77296022729,1415.92805164168,10.0926868884792,18.8600652334295,164.062077443147,161.052325731887,130.092595708332,13.3884180935344,2.68949654996167,44.5542754919499,0.0326910299003322,22.1770508561206,45.7810018326206,45.1857055589493
EYW,3.73411129327804,19.9247394828252,1324.90167888846,1483.96950689955,4.93023255813953,0.411399767351687,118.303718612229,114.66595579682,89.8201822411788,22.1974248927039,6.59728183118741,14.6330472103004,0.0107296137339056,15.8640915593705,39.75,38.4464285714286
FAI,0.787701928087546,15.9158586174539,1562.94401000938,1351.60538116592,3.58306392741683,-1.66412771285476,143.57732491983,141.536832220367,122.042153589316,20.1570850202429,2.5004048582996,10.668016194332,0.0388663967611336,15.9457489878543,22.2233009708738,21.126213592233
FAR,10.5203354297694,20.2093852716973,1469.51339254493,1596.8422673198,6.16696990902729,6.27683140553803,111.860476222965,107.642486683488,81.2863751051304,26.1639985770189,7.04909284951974,11.367129135539,0.00675916044112415,24.8271077908218,40.9826086956522,40.504347826087
FAT,8.14254929863793,20.0413515491583,1500.91530454582,1563.86833970552,5.29093793215651,3.88304974354799,107.15876605023,102.862289342994,77.5295123341203,28.234583127775,2.26739023186976,6.82634435125802,0.0436605821410952,30.84361124815,30.3700787401575,30.1496062992126
FAY,10.074444827983,20.050298576022,1526.84014699127,1574.83042078639,4.52690273626121,6.48110918544194,66.633845463721,63.2717316117132,38.7083237260779,20.0152314001172,5.78383128295255,7.05448154657294,0.125366139425893,28.7633274751025,43.2222222222222,43.2222222222222
FCA,7.7407285132607,19.2571805876527,1444.74325960163,1521.7167254297,4.01564565888056,1.77037773359841,130.585267075306,124.590015462779,101.328584051248,23.5350578624915,3.25187202178353,7.91286589516678,0.0530973451327434,24.5146358066712,27.5789473684211,27.2631578947368
FLG,7.88536251709986,21.4194520547945,1545.46657534247,1577.23413025556,3.95136026380874,4.12283117598458,76.8935656836461,73.1032773340678,47.7427705866153,31.7450628366248,2.99461400359066,9.48653500897666,0.132854578096948,30.1723518850987,39.53125,39.53125
FLL,12.9249743274833,16.3504467165943,1316.3660030865,1413.33488535354,7.12524390118002,6.97674490809737,166.646547147466,160.706182179468,137.241144844217,21.1073307192043,2.22620983167559,15.6591908951798,0.127534429992349,26.9716908951798,35.3803986710963,34.5074750830565
FLO,8.28197908286404,23.3631600161225,1599.06368399839,1620.80475998386,6.46551028640581,5.97456600726685,58.4965517241379,56.0976988292289,26.3007670569237,16.5869120654397,6.04294478527607,6.3640081799591,0.132924335378323,27.4907975460123,47.7222222222222,47.7222222222222
FNT,8.75223816201057,19.7814990307991,1461.86689640319,1499.47320754717,4.82242587601078,5.17778258986574,94.9722134512157,92.0271410034602,67.4344723183391,23.280258519389,3.74559341950646,9.76498237367803,0.0240893066980024,28.0223266745006,36.6,36.6
FSD,12.7112296187324,21.4734130634775,1493.0237350506,1623.22011420151,5.72524098974642,8.82270596941293,107.340640305818,103.535458806117,76.3690182535767,24.8017967434026,5.65188096574958,11.692869174621,0.0401459854014599,28.6777091521617,41.8620689655172,40.8275862068966
FSM,10.0084581923635,19.2612373127115,1587.63629772837,1616.73694390716,3.81890715667311,7.63367297428433,81.2659069325736,79.1857419980601,56.105722599418,22.1003717472119,4.99504337050805,7.23296158612144,0.0,32.8525402726146,38.75,38.75
FWA,13.5529987924326,21.3968307258444,1581.95051366414,1696.64316914186,5.75781197500168,8.33634341936788,96.3160155991804,91.302109306557,64.157962126828,25.4369773923815,7.09476618148033,9.55311241870548,0.158253329204088,31.9355837720657,44.2888888888889,43.9259259259259
GCC,7.51269035532995,20.1556543837357,1648.84752223634,1670.4548346056,5.54834605597964,5.85969387755102,77.8622194513716,76.1734693877551,50.4566326530612,29.6541095890411,4.63698630136986,9.27054794520548,0.0,25.8253424657534,28.625,28.625
GCK,3.41284403669725,19.5095406360424,1683.80848056537,1775.0170575693,4.181947405828,2.28183118741059,91.1502057613169,90.2646638054363,66.5236051502146,12.969696969697,12.5808080808081,9.86868686868687,0.303030303030303,17.4141414141414,38.5384615384615,37.7692307692308
GEG,7.1183908045977,15.6941576805463,1495.68411008668,1497.58756438558,4.07500919793966,3.27332166866194,101.294486930716,97.3642830831568,77.5974767473985,19.9731306825892,2.07436558556113,6.62464377798887,0.0925498710815579,24.1964988465192,29.7083333333333,28.9958333333333
GFK,8.39807460890493,18.5173243503369,1481.31063522618,1569.85731501567,4.3940708604483,0.612817412333736,93.373339658444,85.4276045443558,62.5516074450085,23.9798534798535,20.6446886446886,11.1062271062271,0.441391941391941,21.8369963369963,39.5172413793103,39.5172413793103
GGG,3.55910165484634,21.3489059727972,1587.29331756357,1633.16873889876,4.52457075192422,2.68938944872555,54.0568965517241,53.3556609365738,27.4736218138708,13.5708154506438,9.04721030042919,8.7725321888412,0.0,23.5407725321888,57.1764705882353,57.1764705882353
GJT,6.07151319332256,20.2358897027143,1534.54190004308,1597.12903920724,3.707453683757,2.66429341963323,87.059891107078,83.6637540453074,59.7306364617044,25.0346420323326,4.61739799846035,10.0061585835258,0.00538876058506543,31.0554272517321,35.72,35.72
GNV,7.63627829352248,19.946968118358,1571.72348405918,1612.37905158937,4.13684210526316,5.20127695206196,83.302085484204,80.9157532101472,56.8339075060027,20.3223796033994,4.59603399433428,9.37847025495751,0.0492917847025496,22.8640226628895,36.0943396226415,36.0943396226415
GPT,10.8355354659249,19.0450544359509,1574.17790132036,1604.94179710145,4.58098550724638,7.93653196692675,91.5807333181508,88.7394390783196,65.1392994297684,22.4840394660476,10.0713871154962,9.64712710388857,0.0621009866511898,26.6819500870575,32.0754716981132,31.9622641509434
GRB,11.0389137274383,20.7683905668184,1523.02639635912,1559.49792909211,4.25207090788602,6.20277109433336,75.8403124496698,71.2818875435396,46.2769945264555,26.8545531197302,7.37984822934233,9.96753794266442,0.113406408094435,26.2293423271501,46.0853658536585,45.5487804878049
GRI,7.40304907098618,18.9556297709924,1453.94704198473,1603.0553699284,5.40286396181384,4.93100143747005,117.121722846442,114.758984187829,90.4230953521802,31.8005617977528,5.41292134831461,9.00842696629213,0.132022471910112,18.9466292134831,36.2222222222222,33.7222222222222
GRK,6.29101375119923,19.921132618781,1505.26299792033,1545.00288184438,4.45949407620877,5.19505935194097,56.9117416522966,55.8750401026628,31.5046519088867,21.2614259597806,4.27513711151737,11.2915904936015,0.0219378427787934,19.1873857404022,40.8421052631579,40.8421052631579
GRR,11.0244002411091,20.2539318795832,1470.77057603242,1567.25687055133,6.2553022077452,7.16137297558617,103.943396671224,100.2280316026,73.7212786005944,21.57375,4.96693181818182,11.22875,0.0778409090909091,26.91625,47.4955752212389,46.1091445427729
GSO,11.1357409713574,22.1550010144045,1523.78491725357,1591.54226576994,6.13888566790352,7.88459416291564,93.7783080137799,90.4786332230157,62.1963072635429,19.2502989238741,4.98339311810814,12.7702936096718,0.016606881891856,30.2681015012621,57.5555555555556,56.4640522875817
GSP,11.552970428914,20.558872305141,1505.31606846719,1555.19378536094,4.17251695844071,6.72012933080209,91.688070999739,86.5806346381969,61.8559015421115,21.6455876083558,4.65894557339776,9.82407275827767,0.0383686229927526,29.9964473497229,45.7598253275109,45.061135371179
GST,-5.27272727272727,13.6666666666667,1665.88484848485,1692.46951219512,5.80487804878049,-4.84756097560976,33.9638554216867,34.3353658536585,14.9329268292683,19.75,0.0,6.6,0.0,23.4,19.0,19.0
GTF,9.43024,20.3874839948784,1546.50912291933,1622.53365384615,4.03958333333333,3.44608947537818,120.680577594414,114.709044093981,90.2938525909237,27.3241379310345,7.41773399014778,8.35270935960591,0.0,30.1093596059113,37.48,37.22
GTR,9.58831583751711,18.2221210741921,1539.03140646336,1514.6704597178,3.53117888029131,3.65048098946404,73.3107678328033,67.4872029250457,45.7545703839122,20.3018867924528,9.76819407008086,7.3989218328841,0.0,27.8490566037736,26.258064516129,26.258064516129
GUC,18.2829113924051,21.8446417247939,1315.60177552315,1392.55477707006,3.36751592356688,15.8347213324792,89.1173939766441,87.137732222934,61.9115951313261,24.2434367541766,12.8663484486874,8.50119331742243,0.0429594272076372,33.326968973747,39.0869565217391,39.0869565217391
GUM,2.71655328798186,13.1260770975057,1294.55011337868,1433.0603722197,4.01543349977304,0.0349523377212892,184.974740640505,182.434861552429,165.294598275079,24.722602739726,0.808219178082192,6.78424657534247,0.0,27.1712328767123,32.0,28.1428571428571
HDN,17.9143598615917,22.030294287363,1308.04904789383,1425.11327330816,5.03165843740924,14.8468284127448,121.638755304102,118.90967553347,91.917567962584,27.634772462077,5.42123687281213,12.0583430571762,0.0,41.2112018669778,28.6944444444444,28.6944444444444
HGR,12.35,13.403125,1181.125,1347.371875,5.56875,9.26959247648903,126.872274143302,123.721003134796,104.746081504702,28.8615384615385,15.3384615384615,14.0307692307692,0.0,17.7384615384615,20.3333333333333,20.3333333333333
HHH,13.3402929261452,20.8356719675709,1413.27720611163,1485.8065830721,6.62915360501567,11.5527146464646,78.5714285714286,77.0811237373737,49.6186868686869,26.6742301458671,15.1507293354943,9.31118314424635,0.191247974068071,37.6790923824959,45.6111111111111,45.6111111111111
HIB,4.25363489499192,19.016155088853,1668.03069466882,1729.4696847211,3.41713823767179,-8.32820097244733,67.242983159583,54.6223662884927,32.1766612641815,20.0480769230769,40.2788461538462,11.8365384615385,0.153846153846154,14.8076923076923,21.6666666666667,21.6666666666667
HLN,7.62045357295678,20.4973250588487,1613.31885298523,1735.83586561096,3.60517868606891,1.51051051051051,113.70353041259,107.570999571,83.4946374946375,19.6666666666667,6.19553805774278,8.6758530183727,0.0236220472440945,28.8845144356955,42.0384615384615,42.0384615384615
HNL,3.75021788391145,12.6918755361166,1312.28709455447,1450.85634015273,7.58209672857547,0.566055762252538,176.508828060197,173.768591245234,157.336711871125,24.9057426875492,1.80283201029822,5.94872344990345,0.108488879353501,20.9618822856326,25.1034482758621,24.9589490968801
HOB,7.91861288039632,19.9262934089298,1557.0616583983,1588.97021276596,4.97234042553191,5.17246273953158,104.926212227688,102.309439318666,77.4059616749468,26.6865671641791,3.82835820895522,13.2201492537313,0.0,22.7462686567164,53.0714285714286,53.0714285714286
HOU,10.0378175644657,12.9131621354681,1339.3048985462,1452.36230477214,5.46755880670492,3.48665641907442,126.122379488222,119.828491780215,101.455071255504,15.1911831471897,1.70852628711523,10.8028239353491,0.150685553436847,23.0458094978662,28.983666061706,28.4355716878403
HPN,15.8844811441219,18.6491638653674,1469.64878090294,1617.93942245989,5.25805347593583,11.8529081808768,134.007936836013,130.762512393844,106.91610984179,26.8400992731785,6.30047863853927,11.0879276723985,0.103882290374047,31.7562488920404,40.3922651933702,39.6298342541436
HRL,9.36916965658637,14.9725922131148,1504.77113217213,1559.98321373655,3.24141465914915,3.91714836223507,78.793281980048,73.3712267180475,55.1735388567758,21.1301322199026,4.17745302713988,7.89839944328462,0.0521920668058455,22.4237995824635,34.46875,34.09375
HSV,9.79521150752342,19.7238654110075,1532.33377502248,1588.72930373456,5.27400956122497,6.08660409556314,99.4926593569968,95.6111742962752,70.6241588475026,23.1937639198218,5.2425142291512,9.56743380351398,0.0346448898787429,30.2066320217768,43.0306748466258,42.9693251533742
HTS,8.59249418797742,20.1800332778702,1403.08519134775,1491.21952031979,4.56095936042638,5.24282855236825,86.8969873663751,83.8535690460307,59.1017344896598,19.7207357859532,7.7809364548495,7.08026755852843,0.0702341137123746,25.7993311036789,36.9354838709677,36.9354838709677
HVN,12.1494949494949,21.8923154701719,1543.54752275025,1588.83724489796,3.56020408163265,6.24550590652286,71.2646358876725,65.7498715973292,40.3287108371854,15.8575342465753,6.04383561643836,10.0493150684932,0.13972602739726,40.8904109589041,55.9444444444444,55.9444444444444
HYA,14.6959064327485,22.1578947368421,1184.43859649123,1251.34502923977,3.97076023391813,11.6352941176471,67.5755813953488,64.8,38.6235294117647,39.5405405405405,8.27027027027027,6.10810810810811,0.810810810810811,25.8648648648649,22.0,22.0
HYS,15.7829525483304,18.7235164835165,1373.37054945055,1465.02448797863,4.57969723953695,13.8820375335121,59.869042507514,58.6295799821269,35.4030384271671,48.0149892933619,5.93147751605996,10.0471092077088,0.0321199143468951,36.186295503212,52.2222222222222,52.2222222222222
IAD,10.9548362753462,17.5689184531983,1336.89110134954,1428.82305760572,6.16707791461727,6.66758014392748,129.149390654004,125.342083630186,101.614216035513,22.8515139693305,4.48302973921916,14.636347267653,0.0338805029559163,38.6373075653453,44.1628264208909,43.1144393241167
IAG,5.58920907418761,12.5885959534028,1425.87185775598,1103.72470876763,7.51502145922747,-0.36402701043585,157.379393939394,151.453652547575,131.352977286679,25.0139534883721,6.67441860465116,15.1348837209302,1.52558139534884,20.9813953488372,20.8,20.8
IAH,8.63412637050689,17.2243326151783,1255.28769386619,1414.77589838733,8.58131297274154,5.80106286113513,147.790137637334,145.097408249394,119.311952058913,18.99930829148,4.96246729421672,21.1848365462693,0.0436828967549848,26.0257586238008,39.642578125,39.08046875
ICT,10.5721595836947,19.5863520020823,1454.06776278686,1580.01931088353,4.48255511195973,6.24105395886778,111.054413646055,106.957693812774,82.9001260924388,22.3429610611896,4.02481814291827,9.62879760376551,0.0466409927257167,26.8761232349166,37.4894736842105,37.0052631578947
IDA,9.81968085106383,20.4868747782902,1508.49769421781,1596.48013479957,4.21053565094005,4.97157576834251,87.5926447298962,82.6791614851661,57.9857878841713,31.3007769145394,3.51276359600444,8.1054384017758,0.0588235294117647,33.9256381798002,36.2558139534884,35.1162790697674
IFP,1.2,24.5333333333333,1130.73333333333,1188.26666666667,4.13333333333333,-4.91111111111111,72.7555555555556,66.6444444444444,37.9777777777778,7.14285714285714,0.0,3.42857142857143,0.0,14.1428571428571,,
ILM,8.44272482820436,21.5894799760909,1473.92390914525,1544.96147864577,4.61550424691949,5.11293708390811,87.0627571420293,83.5840527577938,57.3881294964029,18.5263157894737,4.80473372781065,10.518530052943,0.0535658673310495,27.1273746496419,50.6029411764706,48.6544117647059
IMT,6.68098159509202,18.623944742901,1276.54029163469,1319.22384615385,4.52692307692308,-2.91388673390225,83.9389140271493,74.3762606671839,51.211016291699,29.3904109589041,14.9246575342466,8.04794520547945,0.178082191780822,22.972602739726,39.6363636363636,39.6363636363636
IND,10.6608481243029,19.3086805079937,1463.12352503767,1543.07643904253,6.20395161763842,5.20911772488069,127.759998075906,122.479065028704,96.9695135092772,22.1191510864073,3.55406771096513,9.81414855987873,0.0902475997978777,29.510611419909,43.8923959827834,43.2611190817791
INL,4.80265210608424,17.743950039032,1294.92271662763,1373.37236533958,4.23419203747073,-3.98824451410658,76.1344667697063,67.2970219435737,45.3495297805643,32.0821917808219,7.71917808219178,10.8082191780822,0.0,15.8493150684932,36.6666666666667,36.6666666666667
IPT,5.290212183436,24.4297520661157,1565.94214876033,1607.28330995792,6.13113604488079,0.163969035890218,66.783194355356,62.0738916256158,31.5249824067558,13.0083333333333,1.98333333333333,16.575,0.0,27.6666666666667,49.75,49.75
ISN,10.1431523022432,21.1317577548006,1471.48803545052,1614.89464338562,5.69014501331755,3.83764495985727,117.989516598719,111.991376746952,85.1513529586679,27.9484193011647,4.75707154742097,10.7071547420965,0.0,30.3660565723794,41.5641025641026,41.5641025641026
ISP,14.4374291115312,15.0518871492323,1498.71726798275,1572.53901515152,4.89568181818182,8.8880206357636,123.645266032027,118.480009104013,98.5503376071618,22.3609958506224,2.25103734439834,9.04840940525588,0.13865836791148,34.792531120332,37.4761904761905,37.4761904761905
ITH,13.2357954545455,23.2980427046263,1620.6909252669,1662.82246829791,4.77317378103233,6.47936849659132,79.2737830913749,72.9047362755651,44.8369214208827,24.5258092738408,10.6981627296588,9.02537182852143,0.0244969378827647,32.1242344706912,58.078125,56.8125
ITO,-1.01598409542744,13.1835387673956,1249.182027833,1312.2510936133,5.58363159150561,-1.14975730086735,66.9848292295473,66.8506405665632,48.0830747195035,18.8895705521472,1.30429447852761,1.97791411042945,0.0834355828220859,12.9754601226994,17.2833333333333,17.2833333333333
JAC,13.1917929432585,19.729092920354,1388.91581858407,1531.91790383337,4.18335918457789,9.10441767068273,128.538528992656,124.121374386435,100.239402052655,27.165471594043,8.65968008825152,11.3717595146167,0.0,30.380584666299,35.5714285714286,35.5714285714286
JAN,9.66432025463671,18.99865237366,1479.06964777948,1530.49564844325,4.88777886736945,6.79660182221128,93.8859375,90.9162819329024,67.0406278855032,23.788881748072,5.84832904884319,9.79723650385604,0.0411311053984576,26.7596401028278,46.2952380952381,46.2952380952381
JAX,10.5022384840778,19.6561012613041,1435.37638326987,1530.49854227405,5.68133813292081,5.8691654247392,121.034190664615,116.177774797729,90.8493436443014,22.4878279194826,3.24068018312623,11.0375699440448,0.0678003052103772,25.4868832206962,45.652719665272,45.1799163179916
JFK,14.4283286748825,18.2363446044535,1320.85320846286,1393.03847328365,10.142229396111,6.89258955515037,194.264328213105,187.741199494045,159.381776886789,20.6028597873104,3.20211178481706,28.0967114334826,0.114240380801269,28.3616289832077,39.7571636716853,38.95677513356
JHM,-3.24216765453006,11.7109634551495,1137.86378737542,1180.36852723605,2.22057834566241,-4.62146892655367,39.4665161775771,38.2068665797479,24.8944182918628,13.8705882352941,0.0764705882352941,2.62352941176471,0.0882352941176471,18.6588235294118,19.3125,19.3125
JLN,8.75656660412758,19.945463093559,1627.94452280207,1685.55214723926,4.97262859839547,8.45445920303605,82.4942844078647,82.3856736242884,57.4952561669829,24.4954128440367,3.35321100917431,9.89678899082569,0.135321100917431,24.5871559633028,53.2631578947368,49.4736842105263
JMS,16.7751448130595,21.696682464455,1227.22064244339,1360.81102783726,4.54336188436831,9.3772874058127,91.9271623672231,87.1851453175457,61.005382131324,67.4646464646465,21.7878787878788,10.6599326599327,0.0606060606060606,24.030303030303,34.1666666666667,34.1666666666667
JNU,-1.31973327305606,14.8256839249378,1431.91363328058,1478.5415860735,4.0715667311412,-2.95577843628904,93.937822671156,92.8553681331206,73.9590836562571,17.5597014925373,2.83675373134328,9.1660447761194,0.319962686567164,18.8134328358209,14.7261904761905,14.6666666666667
KOA,1.6661049431668,15.9152121352631,1255.56996654854,1391.66508777741,5.46866512090096,-2.63141174134622,176.193399492269,171.730557945595,150.647320244097,20.4359412367612,1.25111035189614,8.84010932695593,0.222753672702426,16.0263067987701,27.2071428571429,26.9071428571429
KTN,0.478269954032595,15.9080459770115,1304.81504702194,1365.46945202603,4.32353558681503,-1.64018495166036,93.0590436590437,91.3629676334594,71.1593106347205,17.2552845528455,2.78211382113821,9.57560975609756,0.0585365853658537,21.8325203252033,16.5094339622642,16.5094339622642
LAN,11.4010492923377,21.599682384559,1593.1881260689,1667.20014662757,4.16715542521994,7.63054910113734,66.2867174482266,62.3977008682891,36.6343402225755,28.819083023544,7.0997521685254,10.2893432465923,0.0353159851301115,28.776332094176,51.6470588235294,50.7941176470588
LAR,16.7635914332784,18.2675474814203,1796.691164327,1826.10430463576,4.58692052980132,13.6350789692436,49.6104,47.6350789692436,24.8852867830424,57.3744855967078,14.641975308642,8.59670781893004,0.106995884773663,21.9094650205761,27.3571428571429,27.3571428571429
LAS,9.7036340300808,15.1984079052391,1427.48242352877,1487.97601862419,6.85821819682879,3.96522664073303,163.901309736429,158.118606877479,136.069376529046,17.1524381194242,2.03227189525239,12.9274748107716,0.117956498078858,26.0056892201646,32.9994314951677,32.4013644115975
LAW,7.60921305182342,21.8756257219869,1491.07893723527,1527.45067698259,3.43365570599613,7.09080325960419,56.8108411214953,56.511835467598,31.2153667054715,32.1897321428571,5.00446428571429,8.45535714285714,0.0,20.9107142857143,43.6296296296296,43.6296296296296
LAX,9.07720644573309,18.4238184462162,1363.1538959559,1434.07920470545,11.7707002900562,2.90902114890257,201.991034586016,196.084892458244,165.894740136873,21.6649386536974,2.44790538299989,13.2928263512767,0.128208245827346,24.7583618879186,34.8924924924925,34.3072072072072
LBB,11.8474768207233,16.3789928465189,1524.82420851335,1600.56776894692,4.24701958558047,8.3255186132424,82.4006645438184,79.0882352941177,58.4842995169082,22.425,4.09898648648649,7.50101351351351,0.0260135135135135,30.7820945945946,36.375,36.375
LBE,11.7695150115473,14.5078558225508,1560.90804066543,1692.07781380269,6.67160722556739,7.24744661095636,134.462341197822,130.056638811513,108.876508820799,17.5831202046036,8.18158567774936,33.002557544757,0.051150895140665,24.2020460358056,30.9375,30.9375
LBF,10.0264730999146,19.3347602739726,1695.26198630137,1827.18384879725,4.98797250859107,5.22950819672131,66.2876254180602,61.6479723899914,37.3528904227783,47.089552238806,6.06467661691542,9.41791044776119,0.0,23.3980099502488,37.9,37.9
LBL,5.94768439108062,16.5287553648069,1776.96480686695,1784.78897502153,4.84840654608097,3.69516407599309,64.5455311973019,62.4110535405872,41.0379965457686,28.1153846153846,6.03846153846154,10.0240384615385,0.0,37.7403846153846,40.125,40.125
LCH,5.68444328824142,20.076882981496,1596.99947875945,1657.61243144424,4.98250195873596,4.89889994761655,64.9667519181586,64.1521739130435,39.0961236249345,18.6163982430454,9.8506588579795,12.8374816983895,0.0234260614934114,18.0468521229868,51.6666666666667,51.6666666666667
LCK,9.67950546837851,12.8834997622444,1232.68426058012,1409.47646219686,6.15786970993818,8.98902671755725,122.023674242424,121.348759541985,102.30534351145,30.5178997613365,8.75656324582339,8.39379474940334,0.136038186157518,23.5536992840095,23.6875,23.0
LEX,10.0509205506718,20.7282153373979,1536.67890174609,1584.74435590969,5.10620019920319,6.13233764612888,93.8652101387363,89.943407210279,64.1181753919082,23.4990611308158,4.50385979553516,10.3822240767786,0.0611308157730023,27.9338618819111,41.7613636363636,41.3693181818182
LFT,8.64785647230625,18.9185803757829,1495.32338204593,1542.60779600794,5.64949315497962,5.48790195873049,83.2171598238968,80.2045668796481,55.6517230543626,24.1585648148148,6.64467592592593,11.265625,0.0,26.6510416666667,44.3137254901961,43.0392156862745
LGA,16.513693736604,20.1297964721845,1307.12875320368,1479.80571980793,8.94763385981337,11.0474368388792,133.66796416453,128.776386084278,99.7247054400359,15.7461234167929,4.13030719207428,34.2999025718679,0.0590672723644516,21.7438227042763,52.7257926306769,51.9591545272779
LGB,8.94737162882828,15.2301103456685,1386.84636956654,1499.38685285688,4.25519848771267,4.44734107579462,120.281691850234,115.50684596577,96.0400061124694,20.2914402173913,1.78549592391304,6.05519701086957,0.138417119565217,31.3298233695652,35.8641975308642,35.0185185185185
LIH,1.69330216413417,15.3595294617865,1255.4371611806,1392.4743726074,6.2246207287679,-1.96280639431616,172.908151712426,169.019715808171,147.447744227353,24.2150183150183,1.56190476190476,6.46483516483516,0.168131868131868,16.0765567765568,25.6039603960396,24.6089108910891
LIT,8.78208048595292,18.9775183893359,1506.8804434161,1578.07485060965,5.57103381575766,5.30220977279801,101.716100251992,98.1780206100007,73.6305761117643,18.933025404157,4.30662639900515,9.89944928051164,0.0490317996091668,23.4528335405934,36.2971428571429,35.8457142857143
LNK,11.7432123463847,23.7095714285714,1504.79385714286,1613.029,4.19585714285714,6.33805841924399,101.297762237762,95.9258304696449,68.0386597938144,23.8053830227743,5.02070393374741,10.5175983436853,0.159420289855072,32.1559696342305,47.6969696969697,46.1363636363636
LNY,8.57130801687764,11.8715637674628,1340.91572780532,1377.36851601263,1.6147947677041,9.04992907801418,34.1852056306928,35.1619858156028,21.6796204247628,18.1312154696133,2.06906077348066,4.10359116022099,0.0,38.8204419889503,22.4615384615385,20.0
LRD,6.57966978317088,19.8894642501494,1502.77574188409,1585.53237696752,4.24068539549711,5.08349980023971,86.994319294809,85.5922892528965,61.4592489013184,25.6967963386728,4.61441647597254,12.1853546910755,0.0217391304347826,22.9736842105263,44.4594594594595,42.1351351351351
LSE,8.11766098484848,24.101706970128,1551.84257942153,1610.32652576585,3.72405604369508,4.62508926446084,69.6236732810337,66.186860271364,38.3813377767198,21.7597977243995,5.87104930467762,15.063211125158,0.103666245259166,21.7787610619469,46.03125,46.03125
LWB,14.3796835970025,23.985,1297.41916666667,1441.30325814536,4.00334168755221,13.7676174496644,83.7552334943639,82.7248322147651,54.7843959731544,21.7888198757764,7.98447204968944,10.0993788819876,0.0,36.9006211180124,43.2,43.2
LWS,0.263787943565626,17.2164242942686,1624.39520958084,1644.54370179949,4.30205655526992,-5.82535575679172,90.3808510638298,84.6571798188875,63.1686071582579,24.8715083798883,8.29050279329609,8.68715083798883,0.0,13.3240223463687,24.0909090909091,24.0909090909091
LYH,8.62459627329193,23.0587064676617,1507.1460199005,1546.35602094241,4.53552729992521,5.99025243689078,65.5894534071755,63.0644838790302,35.4898775306173,17.1877300613497,5.59509202453988,6.61840490797546,0.0,26.7877300613497,44.875,44.875
MAF,10.724827139153,16.1386036960986,1483.02075002702,1568.12824534833,4.19758762440502,7.15798601701805,87.5088779350188,84.1293154842556,63.8073275161238,22.4681075382182,4.24591460200316,9.02556668423827,0.103584607274644,27.9965735371639,33.877358490566,32.8679245283019
MBS,13.0858801434181,22.0823669849932,1575.43622100955,1648.21399317406,4.54505119453925,7.29429892141757,66.8500418410042,60.7348614437222,34.1414642490592,33.3844011142061,12.1792014856082,9.85701021355617,0.100278551532033,30.9981429897864,43.3255813953488,42.906976744186
MCI,9.64341829139239,16.7832633806859,1415.52368524896,1515.81494805591,5.2410510828414,3.31125952826118,136.353291986837,130.052721455278,108.037766033937,20.6583383503913,3.32746337547662,8.74789283564118,0.0830824804334738,26.0022075055188,38.5198675496689,37.9900662251656
MCO,12.001127204892,16.3450423643333,1327.44166618635,1457.98538265591,9.44474989821544,6.32082397057867,160.748556947268,155.102688506113,129.329744805063,20.0913853115211,2.4009397841977,15.3114688478942,0.159049773755656,28.3160459450052,38.5228070175439,38.1198830409357
MDT,9.93081731447102,21.4927338569346,1516.78239194846,1630.13605986446,5.5972797439759,5.40527928352581,93.626763789628,89.3305683853332,62.2443208596475,23.4226044226044,5.49262899262899,10.7764127764128,0.0115479115479115,27.6078624078624,38.3525641025641,37.9423076923077
MDW,9.94660878220772,13.2546615887486,1323.28292200198,1422.97354849942,5.64755146515858,2.69826075963084,135.921273412165,128.708164014762,109.816311172919,15.3172759208375,2.19352370352336,9.20541894194985,0.178393794998435,25.505478070328,30.7768817204301,30.4018817204301
MEI,16.5652818991098,21.0717821782178,1390.61287128713,1469.27020327219,4.97372335151215,16.2799007444169,78.8982558139535,78.618858560794,52.5732009925558,41.1097804391218,3.27744510978044,10.6946107784431,0.0139720558882236,39.5349301397206,64.5454545454545,64.5454545454545
MEM,11.117088546772,19.587215226377,1489.30445063924,1563.20805614305,5.34393385887329,6.14741910631741,123.129708774584,118.056678992373,93.1289191895848,21.3108083055247,3.65044493882091,10.2659436410827,0.0525583982202447,27.2723396366333,46.9487179487179,46.1538461538462
MFE,11.0438183094355,18.238816449348,1461.97081243731,1538.86494079872,4.36915512743327,9.50457240478344,94.0232672295307,92.6666666666667,70.0542659029243,24.466297322253,5.30978762696214,8.8938134810711,0.0355493998153278,27.6722068328717,37.1166666666667,36.8833333333333
MFR,8.37097984872106,18.7080637707948,1493.2501155268,1472.98268172604,4.84367216912829,4.04744207653446,102.287447317462,98.3952151443006,74.8554587688734,25.4831069313828,4.80668756530825,8.87983281086729,0.00801114594218042,28.3152211772901,33.7019230769231,33.4038461538462
MGM,10.4178803495407,20.0335683115139,1561.70347991496,1573.12803581421,3.98522663682149,7.48109078666816,81.3820931773018,78.2457123640847,54.2266562044614,22.5252637423654,8.07384786229872,8.27096057745697,0.0416435313714603,26.7679067184897,40.6753246753247,39.3636363636364
MHK,8.62749326145553,22.2690958164642,1555.22213225371,1649.68883482022,4.14949986482833,8.41569372793918,98.0398322851153,98.207439587293,71.8265001357589,20.233045622688,4.61282367447596,13.4414303329223,0.0,22.2268803945746,35.7352941176471,35.7352941176471
MHT,10.8567559026681,19.0794782687187,1541.4150832694,1500.96577414548,4.88689212985957,5.74446252599223,107.978070753681,103.088390799403,79.1268923132541,21.0512702078522,4.00438799076213,8.32355658198614,0.121709006928406,29.9831408775982,43.0869565217391,42.5797101449275
MIA,9.79937105482439,18.3823269144035,1244.10378570328,1401.50425940094,8.93914652110859,3.78874900526138,167.243562007513,161.288843469648,133.981221624902,24.5564411959296,3.22280331432532,13.3990737531899,0.159572792287578,26.1232790397278,36.3880597014925,35.7425373134328
MKE,11.7375356377924,18.3961230629506,1483.90595731396,1552.79940379019,5.27055149407339,5.29277869458829,129.258009766141,122.905437890275,99.2479268310029,21.985531241002,3.26547653325655,9.0601065361359,0.0452778577598618,30.0377915346962,46.1685144124169,45.6341463414634
MKG,15.2875722543353,24.3613323678494,1437.44460535844,1530.52145454545,4.79927272727273,12.4586686174104,60.036036036036,57.1419166057059,27.9787856620337,33.0632183908046,5.45402298850575,7.92241379310345,0.0,27.9540229885057,42.2857142857143,42.2857142857143
MKK,7.91903210795719,10.8458528951487,1304.83881064163,1343.51802507837,1.77664576802508,8.55854579792257,29.8830032243206,30.9050991501416,18.568271507498,23.1645569620253,3.74430379746835,3.72405063291139,0.0506329113924051,29.9417721518987,22.6470588235294,22.6470588235294
MLB,6.04918359219435,17.6618876941458,1500.02887295898,1592.20131421744,4.4573874950219,2.17654099341712,95.4095031545741,91.5138639537203,69.3993616596848,18.328320802005,3.84461152882206,9.43233082706767,0.0789473684210526,19.4736842105263,29.9642857142857,28.2142857142857
MLI,12.3911183698865,20.8272267600156,1560.75332555426,1632.40918645387,5.55718178279486,8.47468996178145,95.634148193137,92.1832007487131,65.8190609889253,23.959970620639,5.91590157914065,10.8439221446934,0.00954829232464194,33.3665075284613,39.7079646017699,39.0088495575221
MLU,10.2972563541491,18.660101010101,1582.02609427609,1625.11023091185,4.4078880836002,6.78773026871726,83.3909574468085,80.0725029575799,56.9983099543688,29.2598870056497,8.44726930320151,9.50188323917138,0.019774011299435,27.8860640301318,30.974358974359,30.974358974359
MMH,15.720197044335,20.6722606120434,1461.53998025666,1547.90881147541,3.93647540983607,12.9682051282051,83.4844444444444,80.0420512820513,55.5025641025641,31.6123348017621,7.31277533039648,7.21145374449339,0.118942731277533,33.8105726872247,38.2,38.2
MOB,10.6179061040055,20.3161280441109,1529.42793689692,1569.61363287839,4.5859530746818,7.73334359132174,93.5481981981982,90.5555213780375,65.6673331282682,24.2806004618938,9.80292532717475,9.53233256351039,0.0535026943802925,24.5338722093918,43.5555555555556,42.4242424242424
MOT,10.1349032493611,19.3903997079759,1491.04690636978,1597.91968532748,5.37797292352726,3.60272208938753,114.69407540395,108.331556699136,83.5759970593641,30.2366325369738,12.6211604095563,11.4288964732651,0.0511945392491468,22.0386803185438,29.68,29.68
MQT,21.6997019374069,21.7444983215218,1645.69190600522,1777.89410439354,4.84754036800601,15.3121452894438,84.7284623773173,79.7166099129777,53.2031782065834,22.4609929078014,37.1312056737589,12.4166666666667,0.0390070921985816,35.7056737588652,56.4137931034483,56.4137931034483
MRY,10.844141069397,21.8548992830318,1474.55695914419,1536.829218107,3.39311842706904,6.03846153846154,100.125729681185,95.5389221556886,70.3125287885767,28.4481525625745,3.42252681764005,8.1984505363528,0.0643623361144219,33.4094159713945,35.5254237288136,35.5254237288136
MSN,10.0425629290618,20.9114155848403,1487.66436676368,1557.50583963097,4.89923774004646,5.10348444619268,105.704640675473,100.979254063975,75.1787821185108,20.3781442612027,4.67582875229052,11.6008662335499,0.0171580876228552,28.6758287522905,50.265306122449,50.265306122449
MSO,7.27520152552657,17.977284550026,1435.94598578117,1536.65069860279,5.93317712401284,3.04072398190045,125.328477848647,121.141589069707,97.2293098947002,20.2685370741483,5.92334669338677,9.77555110220441,0.0445891783567134,21.0756513026052,39.1142857142857,38.3285714285714
MSP,8.70110524235341,17.7312629902052,1257.02969234216,1398.32086029135,6.00862967700174,1.73811692484294,140.02708420715,133.188086396079,109.461437003639,23.7203346282707,7.68537131816407,14.7520092084438,0.0963186779305667,28.4672257507554,41.7358216190015,41.1594764905477
MSY,9.91911953812999,16.3633509524992,1407.93199474973,1498.34194744593,5.51586203225635,4.29546706959381,136.580046424035,131.008105585922,109.13238234902,19.1958544449562,3.10188853063105,11.4917088899125,0.110640257945647,24.8923537540304,36.9220183486239,36.4082568807339
MTJ,13.4537053814097,22.1248867137937,1312.63240891789,1411.71508886471,5.20892274211099,11.1490174672489,114.254842722588,111.976710334789,84.6584788937409,22.6320246343341,3.04080061585835,10.548883756736,0.0,37.2771362586605,37.9111111111111,37.5555555555556
MVY,7.04360465116279,22.6779497098646,1213.45357833656,1276.34044616877,4.82541222114452,1.94266277939747,70.7107279693487,65.8331716779825,38.3229873908826,24.1607142857143,2.66666666666667,13.5357142857143,0.392857142857143,27.8571428571429,57.6666666666667,57.6666666666667
MYR,7.89591506054921,17.1312195954596,1342.17269778954,1448.91719310227,5.46704797677992,4.77997094762027,91.6543307743658,88.5639097744361,65.9703092959672,17.357990406463,3.1267356728099,18.549356223176,0.182529664226206,27.1747033577379,47.9776119402985,47.5522388059701
OAJ,10.8126244829171,19.5823520415966,1554.53188560942,1608.59623334865,3.70142397795131,8.07209838585703,70.1949769653738,67.7036355269213,44.4267525694125,20.6286919831224,6.41772151898734,7.73488045007032,0.210970464135021,25.5105485232068,34.0769230769231,33.1025641025641
OAK,9.10857040480523,12.8612549396863,1403.91479689519,1491.91951746319,6.11124001395924,2.33366686174933,134.261693870351,127.638552738394,108.6742434254,17.972025260359,0.771936627520496,6.66685131841347,0.209395080877465,25.4868712608021,26.5711009174312,25.9770642201835
OGD,7.80349344978166,12.8864628820961,948.183406113537,1147.0480349345,5.29257641921397,6.52401746724891,98.3130434782609,97.0436681222707,78.8646288209607,19.4130434782609,3.23913043478261,11.6086956521739,0.0,13.7608695652174,,
OGG,3.20474709941609,15.8963072771158,1223.33683030199,1371.50682431662,6.82332813747481,-0.794587922521838,199.517084885502,195.238207368021,172.924771096263,27.8817668548655,1.62271670541348,7.29558286283627,0.190800398538691,16.1522749916971,25.1974522292994,24.828025477707
OGS,20.9199372056515,20.4850393700787,1380.85196850394,1561.72741679873,4.91125198098257,16.6187399030695,133.368421052632,129.004846526656,103.51211631664,76.2478632478633,9.00854700854701,17.7692307692308,0.162393162393162,36.3504273504274,41.7142857142857,41.7142857142857
OKC,11.328299014502,18.0987075443342,1504.10507965134,1619.58633620085,5.15410375182979,7.00016083634902,119.835391271707,115.585323683152,92.3427422597507,20.1323709783942,4.63034248514011,9.43947542220964,0.0656665723181432,26.0278328144165,38.4186046511628,37.9302325581395
OMA,10.10535604808,18.6461701415988,1446.72642806705,1550.32917015147,4.5454883375151,4.162139519297,130.361810425325,124.419106833709,101.235447420838,20.6519840884836,3.92703987581255,8.8691180750946,0.0742214029300475,26.3855632094693,42.4107142857143,41.4107142857143
OME,-4.01863799283154,11.0637992831541,1393.25304659498,1485.09197080292,3.61897810218978,-4.50438596491228,72.795281054823,72.937865497076,58.2733918128655,9.06060606060606,6.18181818181818,7.91666666666667,0.121212121212121,17.2121212121212,11.7142857142857,11.7142857142857
ONT,9.5701675170452,14.7058438332656,1479.3956103509,1527.37327792583,4.33996567143954,4.16084421747187,112.502302911058,107.105617571293,88.0630225516338,18.6574286058561,1.48391372454513,5.29280636221231,0.104711411013375,26.8474515001807,27.9489795918367,27.9081632653061
ORD,13.8324095397947,18.0526968268871,1259.50917346967,1353.27862664522,13.8911163066343,9.96636962842789,136.661651432809,133.322442229998,101.391661735758,20.3575123020006,4.38482214479844,28.6387222681178,0.0458496462052369,30.4493133627863,46.631164209456,45.7269954245043
ORF,12.5727581362679,21.0087621723943,1488.26686571824,1552.74074074074,4.6136004217185,7.93015885437045,98.2251775069294,93.7721637792812,68.1546282898596,23.5987122517457,4.3801577945044,10.9283576675433,0.0771742087603156,29.5590822526526,47.1124744376278,45.9856850715746
ORH,15.1375089992801,19.8480692890653,1586.13713460844,1672.11728395062,5.00726216412491,10.6978862973761,125.250434178534,121.972667638484,97.1778425655977,36.8095952023988,4.35232383808096,9.35082458770615,0.295352323838081,25.0734632683658,50.6521739130435,49.6521739130435
OTH,25.0577716643741,28.8953168044077,1215.15564738292,1337.91816920943,3.88349514563107,17.8462623413258,114.04780876494,109.083215796897,76.2383638928068,25.2246696035242,1.51101321585903,6.71806167400881,0.026431718061674,41.5154185022026,57.5,57.5
OTZ,-2.2036775106082,13.5010615711253,1175.92356687898,1284.1726618705,3.87913669064748,-3.1726618705036,90.9034722222222,90.5187050359712,73.1676258992806,23.348623853211,5.6697247706422,8.69724770642202,0.018348623853211,13.4862385321101,13.2941176470588,13.2941176470588
OWB,7.93269230769231,13.6009615384615,1373.70673076923,1435.44711538462,6.77403846153846,6.75961538461539,120.392344497608,119.230769230769,98.8557692307692,18.6785714285714,1.96428571428571,7.85714285714286,0.0,16.875,58.6666666666667,58.6666666666667
PAE,3.43202107419874,17.7352855051245,1459.78257686676,1618.70590828924,4.36860670194004,-2.33024009427014,144.254101869026,138.593901900133,116.496538518191,15.8137019230769,0.699519230769231,8.67067307692308,0.0,26.6033653846154,24.4166666666667,24.4166666666667
PAH,13.6405363589479,22.1848218895199,1504.44037170883,1545.1592920354,4.37844872462259,10.7515690376569,71.9198606271777,68.6971757322176,42.19089958159,36.8340517241379,3.60775862068966,9.05603448275862,0.0,30.0668103448276,58.6428571428571,58.6428571428571
PBG,14.9890734265734,18.242675994753,1421.36029733275,1225.99781181619,5.55361050328228,10.0557506584723,151.009094846254,146.350746268657,122.570237050044,63.0481012658228,6.29620253164557,13.8607594936709,0.0911392405063291,28.1772151898734,36.8275862068966,36.8275862068966
PBI,12.8144134541363,19.4917152167473,1376.11014120668,1474.53824882972,4.64668470639357,6.4532159113398,160.660886845387,154.204302139196,130.073001800803,22.791369410127,2.82399512789281,13.0133982947625,0.0960501131024883,26.4147381242387,42.1352657004831,41.7463768115942
PDX,5.19936045231778,15.981995711885,1399.75835153819,1478.17563745943,4.82034342275306,0.790327164324531,150.765890634705,146.45066436223,125.658516074028,17.3312647529125,2.00727175816645,8.92454123201096,0.134774994289195,23.8276859818777,30.2678002125398,29.92348565356
PGD,13.8571157315105,12.1826640083547,1377.48115446691,1573.81695495153,6.74120889564722,12.1765882464997,148.108506616257,146.631107724545,127.714353747976,24.4794129637179,4.98777007745618,12.7823073787199,0.13819812474521,37.0843864655524,28.2758620689655,28.2758620689655
PGV,12.5708785439272,20.1486154924641,1587.78128286015,1623.72067629447,5.2983444874956,10.1733757062147,65.5357975357975,63.2372881355932,37.7920197740113,17.8432510885341,5.96806966618287,6.6632801161103,0.0957910014513788,33.5674891146589,46.5,46.5
PHF,9.62604555398276,20.3279722079259,1508.0762995368,1565.88411961846,4.90873936581593,6.10461061604029,81.1820005013788,78.0135518843573,52.7780072276717,21.2020997375328,5.87926509186352,9.56758530183727,0.05249343832021,26.0971128608924,41.2258064516129,41.2258064516129
PHL,10.6732234720834,17.3353001981221,1272.80891814706,1373.51765587043,8.01857884742213,5.19046275582345,131.074435030974,126.180554587544,100.830779442757,18.5922150139018,2.65192638686615,21.072553952072,0.0651893287435456,27.485701045942,40.3441449031171,39.5657118786858
PHX,9.45992180697591,15.8923163623116,1345.86927057243,1433.08183109456,7.69104975961333,4.35412039426227,159.131471155848,154.040931654174,130.461875340361,21.0891908411303,2.05413199178773,10.9834971084677,0.160577993010171,26.4205337972323,33.4986652429258,32.8275493860117
PIA,11.6309444072338,20.6616132004355,1552.28913644359,1623.20898650348,4.71674071590242,7.65383322125084,98.5040909834724,95.0741114192085,69.7201075539871,22.3890243902439,7.39512195121951,9.72073170731707,0.0329268292682927,33.0443089430894,40.6288659793814,39.8762886597938
PIB,18.8156583629893,18.3632478632479,1694.32264957265,1765.69863994273,4.54402290622763,15.9978448275862,71.463687150838,68.9949712643678,46.1343390804598,31.2979274611399,1.68652849740933,5.21761658031088,0.0,49.4093264248705,31.5714285714286,31.5714285714286
PIE,11.192716938735,11.7616813165025,1405.00343665323,1577.29153998678,6.9079312623926,8.21243042671614,137.753746056782,134.751722767029,116.082030214683,25.5213316095669,5.68616677440207,10.8697478991597,0.0882352941176471,39.8752424046542,27.7792207792208,26.9350649350649
PIH,2.06212765957447,19.4055319148936,1622.92510638298,1663.91617021277,3.19148936170213,-4.9765558397272,60.0965957446809,53.040494458653,30.4424552429668,26.4245283018868,9.92924528301887,9.67924528301887,0.0,14.3018867924528,22.3333333333333,22.3333333333333
PIR,14.0301109350238,19.5904761904762,1384.35555555556,1485.41878980892,4.36146496815287,9.53748006379585,81.6540212443096,77.1818181818182,53.3078149920255,50.7844827586207,10.9655172413793,10.7844827586207,0.0,29.5086206896552,72.0,72.0
PIT,9.969937938342,19.0474075718885,1454.54806867386,1524.78724800371,5.88387728525424,4.54430968263594,118.328432052985,113.222755422648,88.2956972409404,21.0955083509,3.75444570563753,9.6006702340414,0.127344467866602,29.3015512674991,48.0155440414508,47.5716753022453
PLN,14.1143410852713,17.9150897622513,1338.05434255216,1392.05348380765,5.49116781157998,4.1948565776459,70.411708710138,61.4653808110781,38.2205736894164,48.6436781609195,38.5593869731801,6.91954022988506,0.720306513409962,18.4521072796935,48.0555555555556,48.0555555555556
PNS,9.20958607478971,18.2794798049268,1483.19019632362,1551.78134256748,4.50561141474404,5.52145007526342,102.767513566848,99.0702458605118,76.2894714835257,20.7557800224467,5.39349046015713,9.68350168350168,0.0906846240179573,24.5274971941639,44.4939024390244,44.1646341463415
PPG,24.8181818181818,15.8842975206612,1503.03719008264,1932.2479338843,12.6611570247934,25.0373443983402,344.276859504132,344.406639004149,315.858921161826,60.864406779661,41.9491525423729,0.0169491525423729,4.05084745762712,0.440677966101695,47.25,47.25
PQI,30.541958041958,32.8109684947491,1562.82263710618,1335.23349056604,5.9752358490566,24.9712574850299,120.305408271474,114.893413173653,76.1473053892216,15.1843003412969,13.2559726962457,14.6655290102389,0.0,48.5972696245734,63.6666666666667,63.6666666666667
PRC,9.3875,19.73125,1747.92083333333,1834.96041666667,3.62291666666667,4.29842931937173,99.1334702258727,93.9539267015707,70.6502617801047,24.1508379888268,1.25139664804469,8.7877094972067,0.0,36.0558659217877,31.25,31.25
PSC,8.81825037707391,18.9566201433421,1544.66754677127,1501.73657984145,5.18272425249169,4.1677258284158,102.154878139674,97.317521561507,73.1834619458314,21.9738455251328,5.77196567225174,7.58847568451165,0.120555782590928,25.0375970576216,26.0909090909091,26.0909090909091
PSE,22.9674796747967,19.9043151969981,1793.00062539087,283.470219435737,5.97931034482759,16.1381042059008,200.289343246592,194.303829252982,168.412429378531,30.072265625,1.28515625,6.791015625,0.115234375,29.85546875,34.5555555555556,34.5555555555556
PSG,0.107843137254902,11.885073580939,1218.34127540294,1249.66502115656,3.80042313117066,1.57616361071932,32.8310249307479,34.6988716502116,19.0557122708039,12.7477477477477,2.02252252252252,8.54054054054054,0.166666666666667,28.0225225225225,22.4545454545455,22.4545454545455
PSM,7.33564493758669,13.3647711511789,1129.92371705964,1366.76282940361,5.84327323162275,3.93880389429764,168.959944751381,165.649513212796,146.428372739917,37.8189655172414,5.28448275862069,11.6293103448276,0.224137931034483,16.051724137931,43.6666666666667,39.3333333333333
PSP,7.92705779334501,19.9858945155073,1445.2171018048,1539.45307769929,5.55521432018602,4.62711044671122,134.752633851468,131.610226873021,106.080153007387,22.1156001868286,2.44418496029893,10.1536665109762,0.0506772536198038,24.8271835590845,34.8414634146341,33.8109756097561
PUB,9.84128745837958,19.2238888888889,1382.01611111111,1398.76811594203,4.46989966555184,6.33426339285714,56.2860250135943,53.0731026785714,29.3777901785714,50.7952218430034,4.91808873720136,11.5051194539249,0.0,26.9658703071672,42.4736842105263,42.4736842105263
PUW,4.10700236034618,15.1367757193536,1573.85928261726,1096.81937799043,4.83173843700159,3.11475409836066,66.199847735059,65.718512594962,45.7313074770092,14.2743764172336,1.86167800453515,7.61904761904762,0.0,16.5759637188209,29.4,29.4
PVD,12.2665662272442,18.2276839565742,1475.39628568556,1485.60180039729,4.64326485453494,6.99421048657085,114.764532382942,109.844060714376,86.9738968459738,22.5730202467953,3.34084102072601,8.75631963579729,0.184377620702049,29.6617946567629,40.0821917808219,39.1267123287671
PVU,8.38516179952644,13.6700868192581,1061.35201262826,1251.09011857708,5.58418972332016,5.35527359238699,93.5113725490196,90.3917525773196,71.182394924663,30.8865979381443,4.02061855670103,9.24742268041237,0.237113402061856,24.6134020618557,31.9166666666667,31.9166666666667
PWM,12.7520837638631,22.8362903503635,1477.09735763255,1522.62724891432,4.57155166471359,8.15377176015474,103.27304964539,98.9873352198219,71.5854096210919,22.9824367088608,4.6373417721519,10.8914556962025,0.0626582278481013,32.4871835443038,48.383064516129,47.6653225806452
RAP,13.0471060955801,21.091212458287,1439.81312569522,1516.27180058249,6.39223916395409,9.24954760878932,113.5174291939,109.815526451835,82.346975702223,25.4688498402556,7.81110223642172,10.7492012779553,0.0591054313099042,30.1741214057508,46.3471074380165,45.3636363636364
RDD,12.4401451027811,23.9661426844015,1574.95808141878,1609.63988696003,4.56318126766249,8.66397088556409,71.847868596011,68.321471896482,39.8046906591185,34.3636363636364,1.7405303030303,7.35795454545455,0.0,32.9886363636364,43.2,43.2
RDM,7.50083692013391,18.7299252615845,1577.28155455904,1527.29738797029,5.05781212556913,4.55825825825826,94.1930445033893,91.0225825825826,67.2367567567568,25.8546614675647,4.05778092874867,7.68876285005317,0.0577809287486707,26.1960297766749,28.656862745098,28.2549019607843
RDU,11.5811901591293,18.9313422179914,1417.66887791528,1485.92137815101,6.27115240142516,6.35946952764119,119.25498668029,114.16783977238,88.9727839474449,20.2818198296175,3.3205002718869,11.1321732825811,0.0737357259380098,33.0509697299257,41.0314606741573,40.4449438202247
RFD,4.97664543524416,13.589525831564,1112.33121019108,1361.18188251946,6.10757254069356,-1.38837703756201,174.532348804501,168.134656272147,148.434443656981,26.5980861244019,3.55502392344498,12.244019138756,0.148325358851675,14.9521531100478,20.2352941176471,20.2352941176471
RHI,12.8223989396952,17.3003978779841,1761.32891246684,1781.03257978723,4.03856382978723,1.89846359385438,64.3187172774869,55.0066800267201,33.7100868403474,41.2228260869565,43.4021739130435,11.7934782608696,0.0,17.7336956521739,44.4,44.4
RIC,12.292506029224,21.2327078603859,1493.0301681328,1542.85205421131,6.55884126871497,7.86274440099538,105.022237652982,100.736656005686,72.9547441364605,24.6442745608328,4.05733571893299,11.2198275862069,0.060263500325309,28.8329538061158,46.0091116173121,45.7722095671982
RKS,10.6500721500722,18.8570397111913,1755.33862815884,1827.45953757225,3.28251445086705,7.68188405797101,67.6999292285916,64.9152173913044,42.8391304347826,30.7883817427386,8.76763485477179,8.50207468879668,0.390041493775934,35.4896265560166,36.3636363636364,36.3636363636364
RNO,8.25108100317094,16.4484395448395,1478.68698429598,1519.79300013316,4.71449497303416,3.02856761743847,107.932289146025,102.678152997932,81.5203975011672,19.6787209744956,1.77477477477477,5.99213297804847,0.0916127395000634,25.9974622509834,32.8380952380952,32.7857142857143
ROA,11.8953375086987,22.5776786958339,1494.14908736241,1579.98539789003,6.37993432543841,7.9143998878295,85.0290583203205,81.1559652320202,52.2094490396748,21.4872360542074,7.06366214938544,9.99684840844627,0.0371887803340687,30.4900724866057,44.8770491803279,44.3196721311475
ROC,11.3191280118013,22.1119182870876,1451.07291894254,1490.29447450402,5.89143028911843,6.38956274128631,95.2041378579565,90.3910712331765,62.3872414925046,22.3965087281796,4.00958130988319,10.8127050794067,0.105525659535372,29.5985037406484,54.3952702702703,53.3175675675676
ROP,-4.94701986754967,9.29139072847682,1282.95364238411,1316.94039735099,4.64900662251656,-3.14569536423841,35.0,36.8013245033113,22.8609271523179,8.4,0.0,5.2,0.0,7.5,,
ROW,6.72593139063076,21.6866002214839,1475.62532299742,1516.82557280118,4.70842572062084,3.67432382363838,96.0119956379498,92.9914783253057,66.624675805854,40.4450261780105,4.01570680628272,8.71465968586388,0.0575916230366492,26.4764397905759,35.5217391304348,34.4347826086956
RST,12.9234449760766,22.141611397691,1535.46143453697,1592.40506952135,4.13867355727821,8.89876695437731,78.0905960579435,74.373859432799,48.1053020961776,23.4034792368126,7.82379349046016,11.6088664421998,0.0202020202020202,29.4668911335578,54.3571428571429,51.8142857142857
RSW,9.76258339763083,17.4846090983383,1315.51122915342,1470.31378365698,5.28874998108096,3.68024816831758,164.909532228582,158.730811237182,135.960469631697,22.2797845373891,2.87365335868188,13.7709917617237,0.0779467680608365,23.7484157160963,39.958041958042,39.0862470862471
SAF,12.3207986043807,21.9397053121365,1509.22334238077,1573.95646258503,4.55937803692906,10.36328125,93.35734651207,91.3880859375,64.8943359375,32.4129400570885,2.89724072312084,11.4985727878211,0.0,33.058039961941,38.9152542372881,38.9152542372881
SAN,7.87531889739282,16.1741852491584,1400.65161394063,1522.93376792563,4.20504383119411,2.87847216806775,161.529949733279,156.622840536311,136.256920941404,17.8674908584364,1.96497184978815,9.87335306750247,0.116054327006791,22.7626675953335,32.0895238095238,31.4838095238095
SAT,10.8040109718245,16.3178897978826,1453.30994947064,1559.20583208973,4.30546863717325,4.32429758845741,138.512750270966,132.151061519903,111.53984318456,19.9234722308216,3.48436629310879,8.3418364187976,0.081790601201164,25.6746331496502,35.2375809935205,34.6695464362851
SAV,10.1888553622289,20.159801656618,1458.36273736406,1547.54226205575,5.70378512443279,6.33876617140275,108.324618615963,104.260453428951,78.4059120810864,21.7999439226132,4.90116360577597,10.9435020328053,0.0594420300014019,28.2959484088042,47.2610441767068,46.863453815261
SBA,10.5459350953496,21.3151024233498,1452.75880305262,1515.56716917923,4.63242881072027,7.13977844914401,107.966897005594,104.703927492447,78.7656260490097,26.1137621023513,3.83022130013831,9.27662517289073,0.0580912863070539,32.1154910096819,36.12,36.12
SBN,14.7939878654164,21.0665287831782,1548.70941054809,1642.15313513141,5.1951438228599,8.77687893244832,97.8540309446254,92.105994606928,65.8465740164558,27.2870071105365,8.78312863606981,9.04395604395604,0.063994828700711,33.79767291532,39.4545454545455,39.1454545454545
SBP,9.95321581705574,21.9048708416738,1480.72729005815,1528.36214306179,4.55028173049374,7.04689747770212,99.3060304339658,96.5752373645344,70.1317732809053,26.4399611084103,5.23383568303354,9.35731648031113,0.0612542537676228,30.0913952357803,34.4,34.4
SBY,10.6234923964342,23.7984780897402,1557.37549199685,1612.99156785244,5.1965744400527,5.14689564068692,74.0383526383526,68.7389696169088,39.7801849405548,18.0328867235079,4.80755176613885,11.305724725944,0.0133982947624848,28.9439707673569,43.7333333333333,42.8333333333333
SCC,0.208077709611452,12.7346625766871,1167.8236196319,1297.32039337474,3.66770186335404,-2.39585492227979,95.3679918450561,93.6269430051813,77.2098445595855,20.6290322580645,4.0,6.08064516129032,0.0,20.6129032258065,14.75,14.75
SCE,9.73716609871386,23.4160246533128,1533.35285053929,1614.32333149476,3.99084390512962,4.58546582474798,81.3222163026105,76.3166057383405,48.9313171596322,23.5166764189585,8.06085430076068,9.81568168519602,0.0415447630193095,31.6454066705676,43.0857142857143,42.6142857142857
SCK,10.1240135287486,16.260428410372,1482.73788049605,1576.93006204174,5.84884376762549,6.7638731596829,84.8293093767546,81.4813137032843,59.3544733861835,18.7146529562982,6.93316195372751,9.37532133676093,0.141388174807198,22.3136246786632,20.1304347826087,20.1304347826087
SDF,11.7653281639435,20.0788613230377,1484.55952930745,1539.81799538106,7.30562586605081,7.25323690440959,114.008696283655,109.502321279941,82.1231850550264,22.9968262364454,3.87199153663052,10.5210261835493,0.10482235740104,30.1827558846866,42.779702970297,42.1782178217822
SEA,7.00405025184429,16.9370911577004,1338.62259849432,1448.03233489273,9.96883856460476,3.45378290131272,182.974568988243,179.705201572599,152.809278336776,14.8151225536256,2.05205508872721,17.2943837418454,0.0801363795001208,19.474214072861,28.5039656311963,28.0261070720423
SFB,17.5224627272277,12.0901481004507,1448.37896874536,1615.07865391287,6.17049115329335,14.6618026603137,134.728219743502,131.870756402621,113.608348223149,27.7563508251437,4.45484887817541,9.05247543111441,0.22621917300204,35.0767661783794,27.9439252336449,27.803738317757
SFO,15.5917751748451,19.2961005716886,1375.91645382406,1447.11017289678,8.5635973474151,10.2658580785092,197.938337479386,193.54342831866,165.684430872847,15.3770706776356,2.2398511577862,33.3310842617292,0.0494721032929098,21.7733630718881,38.6562707365627,38.0613802256138
SGF,9.55390605986858,21.3228020640639,1490.94479602765,1595.08554169914,6.11973889321902,7.1734265050821,109.341316793893,107.057148439408,79.6362526254091,20.5190498588899,5.61171213546566,11.3182031984948,0.0515051740357479,26.0178739416745,40.1351351351351,39.8378378378378
SGU,3.46215891539386,21.4858417710657,1579.18637377724,1682.14449974258,3.44002059378754,1.92687543014453,82.9649332877181,81.3537508602891,56.4239504473503,22.18671679198,3.59774436090226,11.6604010025063,0.043859649122807,21.5726817042607,27.5,27.5
SHD,23.2423105776444,21.6493993993994,1578.72897897898,1670.98796087284,4.29947328818661,18.4709433962264,70.6074289876183,66.0143396226415,40.0777358490566,50.7171052631579,5.40460526315789,6.66118421052632,0.0,58.1743421052632,27.4,27.4
SHV,9.09699786088368,20.3156807788759,1540.07825638,1599.37509233269,5.5105628600975,5.76684706056787,93.8180695765851,90.6966733348151,64.9025709416907,23.451536643026,6.02718676122931,9.15287628053586,0.00394011032308905,26.3924349881797,38.804347826087,38.1413043478261
SIT,-0.674680691209617,14.151822623074,1557.55543028936,1606.55181543116,4.1357791225416,-1.02845220030349,61.2450651769088,61.6255690440061,43.3626707132018,14.3147208121827,2.45177664974619,8.6243654822335,0.0228426395939086,22.8172588832487,15.85,15.85
SJC,7.72293755138678,15.3297193300136,1401.65501735325,1528.60244318353,4.62193281622552,2.21475070611869,133.962820293116,128.455805277388,108.513571072545,19.128968436551,1.26401030643232,6.8009570258581,0.153354191589215,27.8494064599245,29.0164917541229,28.7511244377811
SJT,3.12757454657239,19.3658761934093,1541.51924853711,1591.04313000616,3.4630314232902,2.75486261191726,64.8332829960737,64.5912318616857,41.7554800864464,12.6208251473477,5.3811394891945,10.3811394891945,0.0137524557956778,19.3025540275049,44.0588235294118,42.0882352941176
SJU,13.8832278419,18.2353909787701,1280.40930743144,1308.09786124561,6.08041402834683,9.50651670396106,197.12513389814,192.734267655949,168.42515604758,26.3231087094723,3.09750476795931,10.605451366815,0.209949141767324,21.4032898919263,36.2715105162524,35.1108986615679
SLC,7.11077035078324,16.3868797308663,1320.07463104996,1451.43625742251,7.04888081717712,1.57781241227905,138.758007710743,133.225860241408,109.793898182946,24.1109872704875,4.8156860444653,9.34284624860679,0.096937877632428,28.380448172699,34.2225063938619,33.8508098891731
SLN,14.7896070975919,18.9435637285986,1575.03107165504,1623.63936507937,5.51174603174603,13.5327399872854,69.9993842364532,68.979020979021,44.5295613477432,47.2960893854749,3.44413407821229,9.63966480446927,0.0,45.5167597765363,39.7,39.7
SMF,8.97496615812388,15.2330948808958,1439.06849866442,1514.31271898929,4.87819850149576,2.97375890420993,130.570313633067,124.607811899138,104.500778259994,19.2846302873749,2.00758798837585,5.2953933914541,0.114250349800883,27.7231729630826,30.9690522243714,30.1586073500967
SMX,2.0137741046832,17.2920110192837,1199.18181818182,1291.86225895317,5.33608815426997,2.4060773480663,76.8402203856749,77.2209944751381,54.6187845303867,19.5471698113208,3.41509433962264,15.0,0.0,9.94339622641509,23.3333333333333,23.3333333333333
SNA,6.54607751272875,16.1391065742225,1379.33384900291,1496.7911217119,5.72910708431774,1.47661636345111,140.093590115954,135.160781605552,113.317544237018,17.7374849108855,2.18817013420436,8.18809912660655,0.0685933394873251,21.4932187744089,32.2553191489362,31.5768321513002
SPI,11.7587581885503,22.1356898517674,1560.87371721779,1646.3092724679,4.25820256776034,9.6555078683834,88.8485436893204,87.2200286123033,60.8434907010014,25.7704280155642,5.60181582360571,11.0376134889754,0.143968871595331,28.6459143968872,47.4137931034483,47.1379310344828
SPN,-1.67615176151762,11.2892953929539,1070.13482384824,1093.60433604336,4.25813008130081,-0.440136054421769,45.6094276094276,46.8897959183673,31.3741496598639,28.7261146496815,4.5859872611465,5.3375796178344,0.0,6.0,20.0,20.0
SPS,2.73813786929275,19.8250336473755,1518.71601615074,1556.9428699955,7.17453891138102,1.43501805054152,55.8945092952875,54.6304151624549,27.6335740072202,14.7408637873754,5.54817275747508,8.22591362126246,0.159468438538206,21.6046511627907,54.6,54.6
SRQ,7.33886255924171,19.3365156747241,1308.96925993635,1449.87337486457,4.49939057421452,2.88399701512787,133.949805133719,129.424665897836,105.598466861136,20.3520906604142,3.5220789370848,12.6346228995701,0.0445486518171161,22.7815552950371,31.1585365853659,30.4634146341463
STC,6.12363636363636,12.3818181818182,1144.97454545455,1520.40875912409,9.05839416058394,0.702205882352941,193.718861209964,187.011029411765,165.540441176471,17.9111111111111,3.86666666666667,15.4888888888889,0.466666666666667,16.2444444444444,,
STL,10.7225680036883,16.6731011842587,1383.56824748701,1476.67521216767,5.15325595120991,5.00464673913043,128.712321826206,122.983098744633,101.167545242106,20.3051175458716,2.87077121559633,8.75720326834862,0.126110951834862,28.4901806192661,43.2358695652174,42.3478260869565
STS,7.21175442974794,19.159485450231,1356.68527538404,1462.25995492111,5.40245429501628,3.41372819676245,107.586884845524,103.836867862969,79.2857322123228,26.1613361762615,1.74271499644634,11.0326936744847,0.10589907604833,23.999289267946,26.46,26.46
STT,8.18344233530069,19.2078813018507,1121.68825781749,1380.67108414498,4.26728404917771,4.64468629961588,163.67075111394,160.183098591549,136.720550576184,23.0306905370844,2.92753623188406,10.616368286445,0.0443307757885763,21.8525149190111,27.6274509803922,27.6274509803922
STX,9.35188866799205,17.5087021382397,1414.89656887121,1636.02038786673,3.47339632023869,5.85664509706322,148.010406342914,144.586361373818,123.613738178198,26.4195979899498,6.81407035175879,7.11557788944724,1.04773869346734,16.6030150753769,34.875,34.875
SUN,5.96161335187761,19.5301808066759,1452.49624478442,1600.08475609756,2.89420731707317,-1.19004944375773,94.1653303842964,87.6001236093943,65.4857849196539,18.011961722488,8.37799043062201,10.622009569378,0.131578947368421,16.1483253588517,26.5,26.5
SUX,7.23704610363117,23.3740302164149,1468.52797060024,1578.46301593788,4.93870044953004,8.29565929565929,105.793512658228,106.958230958231,78.6416871416871,8.96147672552167,5.38362760834671,13.123595505618,0.0,19.5521669341894,41.3,41.3
SWF,12.8207185847164,20.8082191780822,1480.01424657534,1623.50246665449,5.60460442170656,8.39773143066228,118.460991647414,114.733077204537,88.3263812660081,30.5528925619835,5.10247933884297,11.4876033057851,0.175206611570248,22.8917355371901,42.8421052631579,41.9473684210526
SWO,4.21848225214198,19.5563725490196,1685.86397058824,1719.62830769231,4.24184615384615,2.84691358024691,66.3042959427208,65.1333333333333,41.3617283950617,17.2294372294372,8.72294372294372,11.6796536796537,0.0,21.6753246753247,50.4375,48.6875
SYR,11.721385097205,21.7139946254024,1486.22254377935,1540.56187043984,4.882846424246,6.72864500088794,98.7928371188283,94.1323355418836,67.5390440132513,22.2642293311176,3.68051516410469,9.95333056363385,0.0350366985182108,31.8220468079213,51.5536332179931,50.2560553633218
TLH,7.18448082169796,18.5206611570248,1586.09524191607,1639.95521309896,4.53326912272253,3.9054021415345,87.5415122605062,84.1297040849148,61.0780797684143,19.5479069767442,5.53674418604651,8.50790697674419,0.08,24.1702325581395,40.0886075949367,39.7341772151899
TOL,8.53653751839137,20.4986509688496,1468.78023056169,1510.68311242023,3.6705940108002,6.48929889298893,90.0553303124255,88.5923739237392,64.4231242312423,18.5838433292534,6.19094247246022,8.84332925336597,0.0,25.9755201958384,39.0740740740741,39.0740740740741
TPA,10.4842957718362,16.5635196932683,1354.74263957026,1498.34466804689,5.08003088864776,4.98260457605744,148.938793784567,143.419876157685,121.784643819895,20.1797592328096,2.79912262803509,12.9076378970278,0.1445283275522,25.0864789498742,36.2463605823068,35.4759238521836
TRI,9.81883353584447,20.3068898592916,1520.07423580786,1572.66104368932,4.54915048543689,5.36224987798926,67.9422227527755,63.7487229384578,38.9031865726101,23.2726666666667,7.338,7.07666666666667,0.0626666666666667,27.8853333333333,34.9508196721311,34.5737704918033
TTN,18.5396330275229,17.0797061524334,1452.6030113845,1571.12113402062,7.88015463917526,12.1102696712228,136.872393512743,130.589028444773,105.642039157739,18.4933519944017,0.497550734779566,12.3743876836949,0.0,46.7445766270119,33.96875,31.6875
TUL,10.7707234997196,17.8665675577123,1473.51639505203,1573.13951008726,4.6554897724403,6.46777412373162,103.847749716467,99.6560330532055,77.1421906180612,21.7280242491044,4.31014053458253,9.02039129236704,0.0381647836869661,25.648387985671,34.2715517241379,33.4827586206897
TUS,9.79903969103103,17.9266229867655,1484.91469367512,1546.90266826798,4.48060153516788,5.69939083374729,124.851454150279,120.667468430547,98.2609479986405,21.669696969697,2.31620553359684,7.83728590250329,0.13596837944664,26.3516469038208,33.8248847926267,33.5576036866359
TVC,11.4315160855327,21.1244949009044,1447.08899365018,1493.60246533128,5.12066640986133,7.5004835589942,77.6443361753959,73.8363126872162,47.6152285244951,25.2972061657033,5.54190751445087,11.1955684007707,0.0274566473988439,31.3940269749518,47.5955056179775,46.9438202247191
TWF,3.20045248868778,18.5570135746606,1630.2665158371,1670.06337709371,3.16794929832503,-1.74875056792367,58.1203075531434,53.1417537482962,31.4216265333939,34.4174757281553,17.4320388349515,8.78155339805825,0.0,13.5533980582524,31.8823529411765,31.8823529411765
TXK,3.08121615993336,22.1467391304348,1509.27006688963,1554.60989932886,3.57592281879195,1.98107653490328,60.4795131845842,59.4343986543314,33.7527333894029,12.9971830985915,5.49577464788732,8.84788732394366,0.0,21.9605633802817,50.25,50.25
TYR,6.06927297668038,21.668498797664,1489.30092751632,1520.84075993092,4.29222797927461,4.81531531531532,51.9337329337329,50.9313929313929,25.0211365211365,13.8131634819533,15.8535031847134,7.50743099787686,0.0,21.1825902335456,46.5151515151515,46.5151515151515
TYS,11.632927676435,21.1892433348744,1514.24795808291,1594.60662265266,4.8598402137334,8.23705708027316,101.168897419062,97.6363332132008,71.593034031818,24.1352444391578,4.73855120732723,11.1868680861187,0.0285476388723683,30.511240632806,44.8407643312102,44.4426751592357
UIN,16.0684745762712,24.5179904955872,1592.23217922607,1656.70164609053,4.10836762688615,15.1938144329897,73.4826923076923,72.4570446735395,43.8646048109966,37.4846796657382,3.74373259052925,9.45961002785515,0.0,33.5933147632312,53.1153846153846,53.1153846153846
USA,10.0546774882529,14.0991029474584,1303.07133703545,1451.91099700471,6.23534445870775,8.44220025784272,104.989438107309,103.473571121616,83.1542758917061,23.601226993865,8.1922290388548,12.601226993865,0.0633946830265849,24.8179959100204,30.0,27.6190476190476
VEL,6.35114503816794,20.4687842278204,1284.29134720701,1360.71857619577,3.85428253615128,1.5877094972067,73.5744456177402,68.5977653631285,44.4379888268156,23.7218543046358,2.21854304635762,6.33112582781457,0.0,33.6622516556291,36.8461538461538,36.8461538461538
VLD,5.64978080857282,20.3414161008729,1559.76818622696,1620.2046556741,4.05431619786615,1.57498778700537,67.016425120773,62.9503649635037,38.5459854014599,21.0442804428044,10.6125461254613,10.7380073800738,0.0,17.9335793357934,37.8181818181818,37.8181818181818
VPS,9.82265439248918,17.031473010064,1499.49258920403,1553.97759873039,8.35866446926692,6.56686455719444,100.705302984806,97.4562090703225,72.0790134035131,19.859394703657,7.19640605296343,9.13240857503153,0.101197982345523,28.2354981084489,36.0,35.8857142857143
WRG,-0.521373510861948,12.02032235459,1224.95444989488,1253.67980295567,3.76143560872625,2.19422941590429,30.9508310249307,34.0717804363125,18.2997888810697,7.04633204633205,2.56756756756757,9.77606177606178,0.250965250965251,26.0733590733591,14.0,14.0
WYS,-0.62624254473161,22.4950298210736,1184.38568588469,1248.71769383698,3.92445328031809,-0.571717171717172,70.5566600397614,70.6848484848485,44.2686868686869,12.093023255814,3.72093023255814,9.27906976744186,0.0,6.48837209302326,47.3333333333333,47.3333333333333
XNA,9.08859763192116,21.5306660277911,1465.74495174208,1574.35040745052,6.47161542148874,5.46281360469506,122.986947014298,119.365201879867,91.3634866728414,20.4133539838238,4.60041300980898,13.218895198761,0.0201342281879195,25.0807090001721,45.678391959799,45.4472361809045
XWA,20.0733496332518,21.5098039215686,1516.15931372549,1633.99509803922,6.63480392156863,11.6005025125628,121.747619047619,115.085427135678,87.0879396984925,43.9450549450549,7.92307692307692,11.010989010989,0.164835164835165,33.032967032967,50.5714285714286,50.5714285714286
YAK,-3.54888268156425,12.7304469273743,1349.94762569832,1411.83758865248,4.13404255319149,-1.9347054648687,51.966042966043,54.1596877217885,37.3427963094393,4.63819095477387,1.06532663316583,8.4070351758794,0.0804020100502513,28.0452261306533,12.7777777777778,12.7777777777778
YKM,3.77437780497756,16.1318367346939,1590.91469387755,1435.0327734535,3.73699303564113,3.13893442622951,47.2935560859189,46.5872950819672,26.7258196721311,13.049504950495,1.98267326732673,8.82178217821782,0.0099009900990099,16.1064356435644,28.6923076923077,28.6923076923077
YNG,48.5,13.5,1566.0,1772.5,11.5,59.5,140.5,151.5,126.5,48.5,0.0,11.0,0.0,0.0,24.0,24.0
YUM,5.2088915956151,19.7624124276576,1646.84861407249,1669.43984160829,3.83338409990862,3.31109079829372,68.0367111650485,65.8391224862888,42.2407068860451,31.7922374429224,0.874429223744292,6.07990867579909,0.0,26.9703196347032,36.75,36.75
