origin,origin_avg_dep_delay,origin_avg_taxi_out,origin_avg_wheels_off,origin_avg_wheels_on,origin_avg_taxi_in,origin_avg_arr_delay,origin_avg_crs_elapsed_time,origin_avg_actual_elapsed_time,origin_avg_air_time,origin_avg_carrier_delay,origin_avg_weather_delay,origin_avg_nas_delay,origin_avg_security_delay,origin_avg_late_aircraft_delay,origin_avg_total_add_gtime,origin_avg_longest_add_gtime
ABE,2.39173889969927,15.1486295313882,1218.19336870027,1340.5142351901,10.7389920424403,-1.20309460654288,118.085411140584,114.49142351901,88.6038019451813,7.92447777182646,2.12640599892876,13.7905731119443,0.0332083556507766,20.4252811997858,31.0869565217391,31.0869565217391
ABI,2.29040156709109,13.0200783545544,1131.04750244858,1187.74706170421,10.4664544564153,-0.40230166503428,60.6554848188051,57.9627815866797,34.4762487757101,11.5334346504559,4.53495440729483,8.08662613981763,0.0516717325227964,16.0106382978723,20.8571428571429,20.8571428571429
ABQ,4.17846804296488,13.1012036261141,1233.99061095452,1386.47436581092,7.96924278205226,-0.96571950940809,121.99207739773,116.845128361393,95.7746819532262,9.70081070647278,1.00540470981856,10.2127139364303,0.277827821387209,20.4038090335864,21.3701657458564,21.1491712707182
ABR,-0.308896797153025,18.155871886121,956.856227758007,1031.71245551601,8.28896797153025,-5.02775800711744,77.464768683274,72.7459074733096,46.3010676156584,6.83453237410072,3.13669064748201,12.1223021582734,0.201438848920863,20.6330935251799,27.0,27.0
ABY,2.80842105263158,13.8352510460251,1176.72228033473,1238.18253138075,8.36244769874477,-0.872384937238494,62.9696652719665,59.3064853556485,37.1087866108787,5.07692307692308,1.68076923076923,9.90384615384615,0.107692307692308,28.9653846153846,19.6666666666667,19.6666666666667
ACK,5.40724381625442,17.0613686534216,1373.37395143488,1447.79558498896,8.83399558498896,2.45121412803532,77.3810154525386,74.4273730684327,48.5320088300221,5.52651515151515,0.90719696969697,21.1590909090909,0.278409090909091,22.4488636363636,41.8571428571429,39.7142857142857
ACT,0.740960099750623,12.5277431421446,1260.51122194514,1308.79145885287,10.6942019950125,-1.24283042394015,52.9373441396509,50.9535536159601,27.731608478803,6.18801652892562,2.61776859504132,8.4400826446281,0.0309917355371901,21.5165289256198,31.0,31.0
ACV,3.53138075313808,12.7331831348568,1150.56935951078,1255.1738010943,9.58706147409076,0.770840038622465,87.2198261989057,84.4592854843901,62.1390408754425,5.32624113475177,0.173758865248227,17.7535460992908,0.129432624113475,26.1418439716312,25.6,25.6
ACY,-0.8497241155469,11.3833171048361,1168.77815644271,1369.28075300227,10.0652385589094,-5.44336254462837,148.988802336904,144.395163907822,122.946608244077,6.73093525179856,0.955395683453237,24.0546762589928,0.0762589928057554,9.95539568345324,27.3181818181818,27.3181818181818
ADK,7.78238341968912,9.36787564766839,1754.62176165803,2096.99481865285,4.06735751295337,3.67357512953368,163.751295336788,159.642487046632,146.20725388601,3.72131147540984,1.16393442622951,5.29508196721311,28.8196721311475,4.65573770491803,14.0,14.0
ADQ,-3.69362745098039,7.85457516339869,1302.26797385621,1369.13071895425,3.89052287581699,-2.92565359477124,51.7614379084967,52.5294117647059,40.7843137254902,7.81645569620253,1.63291139240506,4.5126582278481,0.974683544303797,22.1898734177215,16.0,16.0
AEX,-0.237562972292191,16.6281264747522,1172.81390593047,1310.71480257983,10.4684599653925,-2.64464369985842,88.2998269624036,85.8941324524147,58.7975460122699,4.08632395732299,2.86711930164888,16.4141610087294,0.0475266731328807,17.9544131910766,29.6296296296296,29.6296296296296
AGS,3.96553839860926,16.5375816993464,1251.72937091503,1309.03941993464,12.3889910130719,-0.503472222222222,70.1631944444444,65.6994485294118,36.7728758169935,8.46225165562914,1.67019867549669,8.91456953642384,0.0801324503311258,23.5960264900662,24.8461538461538,24.8461538461538
AKN,-0.894308943089431,9.15447154471545,1766.24390243902,1843.16260162602,3.96747967479675,-0.560975609756098,56.5365853658537,56.869918699187,43.7479674796748,2.27777777777778,0.0,5.55555555555556,19.1666666666667,2.55555555555556,,
ALB,2.8631730386605,14.8623159570235,1195.79457589764,1328.09911536931,8.51424898221556,-2.80605466956442,123.136735131164,117.46689522177,94.0903302825308,9.90266159695818,1.30076045627376,15.3298479087452,0.0298479087452471,17.6595057034221,29.1428571428571,29.1428571428571
ALO,2.5453125,15.00390625,971.45703125,1046.85390625,15.74921875,1.43046875,76.67109375,75.55625,44.803125,10.3141592920354,1.91150442477876,17.1592920353982,0.0,15.6061946902655,32.0,32.0
ALW,3.81231841952353,8.25624636839047,1094.00755374782,1169.27135386403,6.72109238814643,2.71121441022661,64.7995351539802,63.6984311446833,48.7210923881464,3.35251798561151,1.65467625899281,16.9892086330935,0.0755395683453237,16.6978417266187,31.0,31.0
AMA,1.52722419928826,13.522153024911,1213.06948398577,1284.3962633452,8.219128113879,-1.56548042704626,86.2799822064057,83.1872775800712,61.4459964412811,8.45671834625323,1.36950904392765,12.9664082687339,0.08656330749354,23.1731266149871,26.1935483870968,26.1935483870968
ANC,-1.6017669045192,13.7249320368047,1229.38890631535,1234.60345052934,6.66811313849532,-5.34499072113751,178.991505266735,175.253463690072,154.859988497935,13.3698465963567,1.44175455417066,11.3420421860019,0.0764621284755513,11.323585810163,14.7165605095541,14.6942675159236
APN,0.314035087719298,15.0438596491228,1044.72456140351,1093.30087719298,7.8359649122807,-4.27017543859649,60.4964912280702,55.9122807017544,33.0324561403509,6.08333333333333,7.75,8.93181818181818,0.992424242424242,22.3030303030303,80.5,80.5
ART,-0.731132075471698,15.9025157232704,940.195754716981,1027.67374213836,7.81918238993711,-8.00314465408805,84.6037735849057,77.3317610062893,53.6100628930818,13.1739130434783,3.2111801242236,13.9130434782609,0.919254658385093,15.3167701863354,55.3333333333333,55.3333333333333
ASE,3.43919615252491,18.9837684644452,1254.3418069392,1396.55608038475,10.7183098591549,0.546461697011336,110.864565441429,107.982136722776,78.2800583991755,9.85456831517184,2.48030176026823,12.9371332774518,0.0368818105616094,25.279128248114,37.8367346938776,37.8367346938776
ATL,5.50729237443161,16.6154463879995,1490.41097180075,1531.38155427533,6.12707159235137,-1.03859311915345,122.355342397067,115.814072464601,93.0715544842499,15.3244107249397,2.17803364232985,10.6438258577547,0.0508374963267705,13.4142868591884,24.3284916201117,24.2804469273743
ATW,1.76875452279489,17.1848699004176,1138.1818984902,1264.21787664632,10.7718438805011,-2.02714423385801,95.3450048185031,91.5545293928686,63.5978156119499,10.118086696562,1.85849526656702,14.9103139013453,0.00797209765819631,18.6268061783757,31.9772727272727,31.9772727272727
ATY,-3.46881720430108,13.8236559139785,1281.35483870968,1352.80860215054,10.8795698924731,-6.35913978494624,94.6172043010753,91.7268817204301,67.0236559139785,2.06666666666667,1.21666666666667,17.9833333333333,0.0,27.4666666666667,19.0,19.0
AUS,4.74338372037576,13.6410213618158,1288.04878727192,1447.46234662089,8.15798048191239,-0.438147688982135,151.922666730243,146.741425074703,124.942423230975,10.2280354879594,1.01769328263625,13.1127503168568,0.0917617237008872,17.2677820025349,23.1322314049587,23.0082644628099
AVL,2.76247003766693,16.9877423033067,1257.6488027366,1333.24618015964,11.4542189281642,-1.31778791334093,89.2216647662486,85.1465222348917,56.7045610034207,5.98458904109589,1.72397260273973,13.7657534246575,0.0191780821917808,23.7123287671233,33.2363636363636,32.9818181818182
AVP,1.68731730315889,16.0038639148054,1127.34577325417,1227.15436810857,11.4277636415041,-3.74686645933465,107.181038544906,101.74780887758,74.3161813212704,10.4560943643512,1.59370904325033,15.5255570117955,0.0288335517693316,18.8813892529489,37.1153846153846,37.1153846153846
AZA,5.34384412650602,12.7472703313253,1147.93109939759,1470.92705195783,6.29988704819277,0.926581325301205,150.684770331325,146.26750753012,127.220350150602,14.2430517711172,2.70844686648501,9.04795640326975,0.316621253405995,13.5809264305177,19.452380952381,19.1428571428571
AZO,-0.356707729795587,17.6802490862326,1169.80452145661,1168.10586164884,11.12806281305,-4.60999052389333,70.2609990523893,66.0077162582916,37.1994043590091,7.73991935483871,1.84979838709677,13.195564516129,0.0262096774193548,22.351814516129,29.0625,29.0625
BDL,2.83275151853662,13.6061774714248,1228.64959427624,1378.59815024867,8.23238809876974,-3.66678300322834,148.778989616962,142.280097722712,120.441532152517,9.46382617140083,1.10852148579752,14.2467831998058,0.0509832483612527,18.4861616897305,21.7459459459459,21.7459459459459
BET,-4.0840652446675,8.8099121706399,1563.39021329987,1656.59849435383,4.14680050188206,-3.9228356336261,69.1907151819322,69.3519447929737,56.3952321204517,3.89447236180905,0.623115577889447,6.1608040201005,7.38693467336683,16.2110552763819,21.0,21.0
BFF,-5.15151515151515,16.1131907308378,1037.55347593583,1087.22281639929,8.66666666666667,-6.47237076648841,59.8698752228164,58.5490196078431,33.7691622103387,3.18548387096774,3.46774193548387,19.5645161290323,0.0,15.2016129032258,60.5,60.5
BFL,-1.10919414719371,15.8971391133435,1014.11727451409,1208.80607119458,8.9877702555143,-6.54837300720681,114.451626992793,109.01244813278,84.1275387639223,11.083857442348,0.591194968553459,11.0859538784067,0.0,23.7211740041929,27.2857142857143,27.2857142857143
BFM,-0.144827586206897,12.9655172413793,1595.41379310345,1774.33103448276,22.9103448275862,4.82758620689655,177.406896551724,182.379310344828,146.503448275862,1.94594594594595,0.0,34.5405405405405,0.0,8.64864864864865,8.0,8.0
BGM,0.705316742081448,16.637443438914,1198.49321266968,1309.51187782805,9.34898190045249,-5.01357466063348,98.4253393665158,92.7064479638009,66.7200226244344,7.92344497607655,1.94258373205742,6.43062200956938,0.00478468899521531,27.5167464114833,26.25,26.25
BGR,3.21440214785694,17.2623923444976,1208.59473684211,1360.47167464115,9.44124401913876,-1.53397129186603,127.603827751196,122.861913875598,96.1582775119617,6.8562962962963,1.0483950617284,22.4266666666667,0.00790123456790123,17.3604938271605,31.2439024390244,31.2439024390244
BHM,4.08595409299112,15.0675399099468,1221.77450880065,1409.82634056488,9.84470937372084,-0.0296510437986083,112.722932869423,108.608268522309,83.696019238641,8.28922829581994,1.23858520900322,12.7282958199357,0.0432475884244373,22.5096463022508,25.2520325203252,25.0569105691057
BIL,0.808360317927583,14.0773231282504,1253.57217152389,1398.86262388382,8.18408399568247,-3.68256304582475,115.604749288588,111.113825924836,88.8524188009028,7.24815905743741,1.4499263622975,14.0522827687776,0.00441826215022091,20.9867452135493,26.2173913043478,26.2173913043478
BIS,0.924642746992906,16.5967924334327,1196.86922997841,1299.85000514033,8.54436105685206,-3.43487200575717,115.368253315514,111.008738562763,85.8675850724787,10.3065585851142,1.92630803242447,13.141488577745,0.594694178334562,21.481945467944,31.7352941176471,31.7352941176471
BJI,-2.1376404494382,15.9080056179775,933.198735955056,988.304775280899,6.05828651685393,-8.11587078651685,65.8595505617977,59.8813202247191,37.9150280898876,7.93700787401575,2.32283464566929,10.8661417322835,0.47244094488189,22.6771653543307,25.0,25.0
BKG,5.39855072463768,10.195652173913,1746.35869565217,1811.19565217391,14.0760869565217,2.10869565217391,114.5,111.210144927536,86.9384057971015,3.75,0.0,23.4,0.0,24.6166666666667,,
BLI,0.241480181366096,12.6842182243674,1152.49071230072,1285.22626883136,7.53795524352786,-1.38028375018283,106.438496416557,104.816732485008,84.5945590171128,4.32073544433095,1.1491317671093,16.9458631256384,0.148110316649642,13.2921348314607,16.7083333333333,16.7083333333333
BLV,7.28198433420366,11.2527415143603,1468.572845953,1649.22036553525,7.24699738903394,5.02819843342037,133.777023498695,131.523237597911,113.023498694517,8.06873614190687,3.56762749445676,7.74057649667406,0.339246119733925,24.1862527716186,15.0,15.0
BMI,1.07305779454639,14.4419520547945,1128.28955479452,1291.00017123288,10.8193493150685,-2.42037671232877,103.565582191781,100.071232876712,74.8099315068493,9.30990415335463,2.10436634717785,12.7720979765708,0.334398296059638,21.9094781682641,38.0909090909091,38.0909090909091
BNA,6.19385654824524,13.6892740254904,1315.79233980284,1446.48853844797,7.90262416953559,0.0300110401954572,129.448349523442,123.285046087917,101.693147892891,9.94866781675292,1.26835345984282,12.4201648456968,0.0580410197431474,19.0775541498946,21.8555555555556,21.7822222222222
BOI,1.17248485095791,13.7647562891478,1218.04127476384,1303.25244322935,7.85448758492645,-2.34160324811785,111.447473119376,107.933385020301,86.3141411462265,8.93284433577832,1.06210268948655,16.0213528932355,0.0311328443357783,15.1908720456398,22.1256830601093,22.0983606557377
BOS,6.44358081979892,19.8563266453495,1305.13056678028,1430.14231701746,8.17578270494395,-0.318310552022207,181.945690291296,175.189050915352,147.156941565059,13.1858668240597,1.06955697447729,15.0802346586539,0.0636368514245855,16.4480513673517,24.9229106628242,24.8371757925072
BPT,0.261529480443666,14.5090484530064,1125.46468184472,1215.53473438412,11.9223584354933,-2.43899591360187,80.74314068885,78.0426152948044,51.6112084063047,4.7265625,4.796875,14.3828125,0.13671875,19.95703125,31.2222222222222,31.2222222222222
BQK,0.607743250127356,16.5113236034222,1152.53648716658,1228.18721690991,8.12279818822345,-5.1298439859084,74.8726723704077,69.1424257674887,44.508303975843,4.68831168831169,2.55844155844156,11.4372294372294,0.0,25.1904761904762,32.3333333333333,32.3333333333333
BQN,7.79540454656563,11.6646296748961,516.177707162063,753.16157418724,8.53629919335126,0.683207039843559,190.52529943779,183.413101931068,163.212173062821,4.74712643678161,0.264367816091954,6.7,0.206896551724138,33.2471264367816,16.6153846153846,16.6153846153846
BRD,-0.439044481054366,17.7215815485997,1107.7413509061,1149.56507413509,5.88550247116969,-7.88056013179572,59.495057660626,52.0535420098847,28.4464579901153,4.86577181208054,4.1006711409396,15.3355704697987,0.268456375838926,14.1140939597315,,
BRO,-1.6408,13.8816,1229.0326,1333.3566,8.7922,-4.2774,89.4664,86.8298,64.156,6.48924731182796,2.0179211469534,12.5286738351254,0.0197132616487455,25.8118279569892,20.25,19.25
BRW,-7.87128712871287,7.66478076379066,1530.60820367751,1666.18811881188,3.64568599717115,-8.08769448373409,94.0091937765205,93.7927864214993,82.4823196605375,4.11711711711712,3.12612612612613,5.63963963963964,1.45045045045045,20.6036036036036,19.5,19.5
BTM,-3.66039156626506,15.0097891566265,971.121234939759,1066.9156626506,5.54668674698795,-9.64533132530121,83.2394578313253,77.2545180722892,56.6980421686747,5.66292134831461,3.12359550561798,11.7865168539326,0.0,25.2584269662921,46.0,46.0
BTR,1.09469382100305,15.4974731741087,1173.74842506057,1325.72571824161,10.6798200069228,-1.72357217030114,94.3313257182416,91.5142263759086,65.3369331948771,10.5551093261937,1.4136546184739,12.8652387327086,0.0160642570281124,19.0383757251227,31.1454545454545,30.7818181818182
BTV,3.22978489198734,18.4726049343159,1169.44463770769,1287.65519293267,9.8296333592713,-1.1688103629789,111.756808715155,107.365084450954,79.0628461573671,8.43044025157233,1.60955974842767,20.0334591194969,0.0213836477987421,16.6638993710692,28.7979797979798,28.7070707070707
BUF,3.56595495758994,14.6805142158026,1243.44422328945,1353.14119021967,8.86348446944105,-2.03743403392802,113.997297445355,108.39827986049,84.8542811752461,7.67615863500115,0.822688494350934,17.5702098224579,0.0282453308738759,20.4907770348167,23.9010416666667,23.8125
BUR,5.24665126218315,13.8853871679494,1375.73620111538,1486.54210462308,6.27271147865668,0.384283952118696,99.8670581490297,95.0049688146076,74.8468701680015,7.7296880167567,0.433800022048286,10.5115202293022,0.0340646014772351,22.7213096681733,22.0392156862745,22.0392156862745
BWI,7.07665750271722,13.9858535793837,1384.35588303265,1470.16812949605,6.61568644805358,-0.350095637080635,145.063056551263,137.637695269284,117.036155241846,14.9453982630629,1.24549284874889,10.8862965404569,0.192123591963083,15.1910057611281,20.0606826801517,20.0581542351454
BZN,1.61737257717157,16.3159303008549,1284.43509756575,1455.15865039483,8.8479410037199,-2.22593486915095,132.732167330157,128.910983488873,103.747112184298,7.17269402681837,1.0865501828525,17.2641202763104,0.00406338886631451,17.4051198699716,27.2068965517241,27.2068965517241
CAE,2.98336737671433,15.4686269744836,1188.28082624544,1273.81516403402,10.9877521263669,-1.71105710814095,93.8088942891859,89.116354799514,62.6599756986634,11.169272603671,2.3732154996601,12.1414004078858,0.0214140040788579,19.1668932698844,28.04,28.04
CAK,3.40980263157895,16.9394935876356,1134.94140085498,1221.6364353831,11.0058533377179,-1.33607365998027,103.290430779349,98.5456757645511,70.6003288391976,12.3793615441722,1.42835931700074,16.4974016332591,0.0178173719376392,15.6666666666667,32.1139240506329,32.1139240506329
CDC,-1.91770756796473,15.3600293901543,1329.94415870683,1403.39529757531,5.75018368846436,-4.45481263776635,63.0940484937546,60.556943423953,39.4467303453343,2.84146341463415,1.25,10.9451219512195,0.0,23.0426829268293,37.5,37.5
CDV,-7.08605974395448,9.75106685633001,1503.50711237553,1562.7652916074,4.54765291607397,-4.2325746799431,47.4317211948791,50.2852062588905,35.9864864864865,3.51366120218579,0.240437158469945,8.10382513661202,1.15846994535519,23.4644808743169,7.0,7.0
CGI,-1.04933051444679,18.5983086680761,1076.5384073291,1145.29598308668,9.13037350246653,-4.6138125440451,72.1437632135307,68.5792811839324,40.8505990133897,7.77560975609756,3.11707317073171,11.780487804878,0.0,23.7658536585366,59.0,59.0
CHA,2.88180833784515,16.1242760487145,1239.11328822733,1315.43972936401,10.7472801082544,-2.07025710419486,90.5568606224628,85.6055751014885,58.7340189445196,9.11949458483755,1.85631768953069,11.8252707581227,0.00324909747292419,22.7469314079422,29.7945205479452,29.7945205479452
CHO,2.49862138112545,16.0534193386774,1241.87343436874,1323.90180360721,9.93211422845691,-1.88677354709419,89.6409694388778,85.2709168336673,59.2853832665331,8.09919571045576,1.9088471849866,14.7728839525086,0.0754500191497511,21.8092684795098,34.0,34.0
CHS,3.34490967651589,14.9280756845411,1282.82860971658,1395.11304678281,8.68976138568314,-2.03774226453587,112.567634058043,107.185751145069,83.5679140748445,7.64743677375256,1.06425153793575,16.2352699931647,0.145591250854409,20.3127819548872,25.3407407407407,25.162962962963
CID,3.2808307201974,15.5517985611511,1235.69979445015,1374.97338129496,12.1857142857143,-0.573895169578623,106.750051387461,102.90421377184,75.1667009249743,7.37549167927383,2.47866868381241,14.1001512859304,0.0438729198184569,20.7869894099849,32.8032786885246,32.8032786885246
CIU,0.900720576461169,20.1144915932746,1113.55884707766,1165.77982385909,7.1128903122498,-3.94235388310649,96.2049639711769,91.3618895116093,64.1345076060849,5.74444444444444,0.522222222222222,11.4388888888889,0.444444444444444,21.8,53.0,53.0
CKB,2.20119126406353,16.8881535407015,1159.39510258107,1198.66115155526,10.2574454003971,-1.01786896095301,91.3911317008604,88.1720714758438,61.0264725347452,15.3914728682171,1.68992248062015,15.562015503876,0.0,15.3410852713178,,
CLE,3.41973126961397,15.4556920922587,1258.29310292342,1361.26089559508,9.00687982627931,-2.20873879998782,126.520421313255,120.895341403769,96.4327694852307,9.11146767961229,0.738031305259021,17.6967712358373,0.0692252275853036,16.8226471936604,24.2637075718016,24.2637075718016
CLL,-2.39106145251397,11.2783985102421,1174.92551210428,1224.21694599628,11.3610335195531,-6.44832402234637,58.5207169459963,54.4634543761639,31.8240223463687,3.44796380090498,2.22850678733032,9.5814479638009,0.0,27.9705882352941,28.0,28.0
CLT,6.3207536933478,20.7237101529102,1493.19987440043,1538.29863488705,6.25253441991567,2.69640372125241,112.207756712379,108.584964354341,81.6087197815152,12.8122012932246,2.42451504076469,10.2314612573257,0.137399710213879,17.3181051447849,26.7165871121718,26.6736276849642
CMH,4.10716872603323,14.8218963644496,1251.06083743318,1347.6606926075,8.96173833407876,-1.20788873980363,121.873437267054,116.5577492386,92.774114540072,8.77447737496692,1.14216724001058,18.1104789626885,0.024675840169357,16.4476713416248,24.9928057553957,24.9532374100719
CMI,1.68864134404675,13.2761139517896,1087.03853177502,1192.28360116874,14.3844046749452,-0.387509130752374,87.8305332359386,85.7543827611395,58.0938641344047,8.87336244541485,3.04366812227074,14.0218340611354,0.00764192139737991,19.5218340611354,34.7307692307692,34.7307692307692
CMX,-0.0469371519490851,18.5234685759745,975.159904534606,982.011933174224,13.9228321400159,-3.0,99.8329355608592,96.8798727128083,64.4335719968178,6.20524017467249,1.16593886462882,13.1353711790393,0.00873362445414847,27.0218340611354,38.75,38.75
CNY,-0.783867631851086,16.1540847983454,1450.27611168563,1525.38159255429,12.799379524302,-2.50775594622544,78.564632885212,76.8407445708376,47.8872802481903,2.4258064516129,0.87741935483871,13.5548387096774,0.0,30.341935483871,39.4,39.4
COD,0.769646365422397,17.864931237721,1072.21168958743,1174.05500982318,8.8762278978389,-0.987229862475442,89.0446954813359,87.2878192534381,60.5466601178782,7.5814696485623,2.04153354632588,14.1277955271566,0.012779552715655,22.6932907348243,29.3846153846154,29.3846153846154
COS,3.24036402569593,20.1087697099474,1143.79642787619,1310.61495036013,10.8645123613004,-0.251216663422231,116.945250146,113.453669456881,82.4803873856336,13.6579966795794,1.95019369120089,13.9435528500277,0.0,16.330658550083,26.6632653061224,26.6632653061224
COU,2.34137867983178,17.2889010788078,1095.42000365698,1195.49460596087,11.8368988846224,0.557140245017371,98.7557140245017,96.9714755896873,67.8456756262571,8.63886162904809,1.99116781157998,17.5613346418057,0.162904808635918,17.9332679097154,27.9047619047619,27.9047619047619
CPR,-1.47224880382775,16.1724880382775,1088.33086124402,1167.57392344498,9.06626794258373,-4.44736842105263,76.0263157894737,73.0511961722488,47.8124401913876,8.76654411764706,1.74448529411765,16.8602941176471,0.0,18.9834558823529,29.6190476190476,29.6190476190476
CRP,1.19966814159292,13.1780973451327,1201.29056047198,1279.81618731563,7.83130530973451,-2.23257743362832,71.8057706489676,68.3735250737463,47.3641224188791,7.23529411764706,2.31841432225064,11.079283887468,0.0524296675191816,23.6419437340153,24.9677419354839,24.7741935483871
CRW,3.81716705157814,15.7353647986158,1245.28712871287,1325.16514466981,10.8818610016341,-0.41103527828511,90.1421705277324,85.9223300970874,59.3051042968374,8.68153931957613,1.69715560513107,13.9224762967094,0.0184049079754601,21.9269380925823,32.7837837837838,32.7837837837838
CSG,1.42079002079002,15.908639933857,1240.72591980157,1282.35138486978,9.02687060768913,-2.1769326167838,54.0281107895825,50.4386109962795,25.5031004547334,7.90119760479042,2.05089820359281,10.2095808383234,0.0,23.497005988024,26.4375,26.4375
CVG,4.51334784074539,15.6966033273528,1256.44519654216,1354.45224066221,9.1393125101941,-0.344988582612951,125.096364785516,120.241834529441,95.4059186918937,9.83282190487431,1.85323970258468,17.5682756992801,0.0408946063967898,15.9270034226366,23.0876777251185,22.936018957346
CWA,-0.24630314232902,16.0396496081143,1109.85999692639,1208.85907484248,11.6977101582911,-3.45212847702474,78.7118487782388,75.505455663132,47.7680958967266,9.05097613882863,2.41323210412148,14.7060737527115,0.0780911062906725,20.70715835141,19.2222222222222,19.2222222222222
CYS,3.2770137524558,16.1257367387033,1053.15913555992,1331.54813359528,12.0157170923379,0.0746561886051081,135.783889980354,132.581532416503,104.440078585462,14.1836734693878,3.47959183673469,14.0510204081633,0.428571428571429,21.4081632653061,36.0,36.0
DAB,2.72746585735964,14.6318664643399,1220.74142640364,1333.62443095599,9.66267071320182,-1.81532625189681,96.8766312594841,92.3338391502276,68.0393019726859,9.2985257985258,2.17813267813268,9.26289926289926,0.337837837837838,23.1167076167076,22.0909090909091,22.0909090909091
DAL,9.84236770837811,12.1133273151929,1386.87381249194,1482.50626889624,5.47326226196105,3.09882646262305,126.882015790454,120.138474544699,102.551884967545,13.8944378200182,0.915445044539524,7.80823455144841,0.106123307848776,17.6223258750088,18.8744855967078,18.8292181069959
DAY,2.60651964291269,16.3412115934818,1184.46498320687,1262.53750466476,9.99340714019157,-0.961531284985695,104.720487622839,101.153004104988,74.8183853713148,11.3911275415896,1.3184842883549,16.0992606284658,0.00868761552680222,17.1395563770795,30.8903225806452,30.7290322580645
DBQ,1.95957446808511,15.0351063829787,1124.55638297872,1184.13989361702,15.7957446808511,0.0484042553191489,66.6872340425532,64.7760638297872,33.9452127659575,5.782874617737,2.60550458715596,14.2905198776758,0.0,25.3455657492355,26.8571428571429,26.8571428571429
DCA,4.46902694227925,19.3637232812546,1386.97537502594,1489.64532996354,7.44177462867985,-0.43435193145771,128.62351027245,123.717174112834,96.9116762028994,10.5814484854837,1.3200712713552,14.024567655382,0.0500786081123572,20.1486217377633,29.2165898617512,29.1115207373272
DEN,6.97800476084151,17.8310885221334,1394.04682124894,1538.91320925374,6.44084900412127,1.91654146435613,142.43156574162,137.364785289075,113.092847762821,12.9887904191617,1.56989700598802,12.1499401197605,0.0306682634730539,17.4204071856287,25.2064793130367,25.1494925839188
DFW,7.12417182426719,18.7541479788293,1443.20466426789,1531.62723893512,6.59037762651245,4.10727599832711,135.020447859131,132.003965907616,106.659440302274,15.4558507437022,2.10668902072049,10.1003095176683,0.0258447253030694,16.0115295331442,24.8952380952381,24.8504761904762
DHN,3.05501130369254,19.0941974378297,1217.53692539563,1376.17445365486,9.89261492087415,-0.663149962321025,68.9762622456669,65.2581009796533,36.2712886209495,6.82678983833718,2.56120092378753,11.2471131639723,0.0,25.1016166281755,36.0833333333333,36.0833333333333
DIK,0.804856895056375,19.6478751084128,1078.67823070252,1207.01214223764,9.47094535993062,-0.616652211621856,106.940156114484,105.518647007806,76.3998265394623,13.9434782608696,1.53478260869565,15.5782608695652,0.0,15.8869565217391,35.4444444444444,35.4444444444444
DLG,0.147239263803681,8.66871165644172,1604.98159509202,1678.13496932515,3.78527607361963,-1.79754601226994,61.7852760736196,59.840490797546,47.3865030674847,9.53846153846154,3.03846153846154,3.65384615384615,2.92307692307692,21.6538461538462,,
DLH,1.76739283204498,18.262297962052,1151.78794799719,1232.68921293043,10.5808151791989,-3.79971890372453,84.8828179901616,79.3157062543921,50.4725931131413,6.52851711026616,1.71736375158428,14.3295310519645,0.0,24.6755386565272,23.8181818181818,23.8181818181818
DRO,1.94513228202789,17.1588687605891,1256.30809331422,1370.07702332855,10.3452365437247,-0.228984751726834,89.5282158217125,87.3540987879578,59.8499934836439,9.10900832702498,2.08629825889478,13.5352006056018,0.0423921271763815,21.1695685087055,36.68,36.68
DRT,0.9321608040201,14.3643216080402,1099.33793969849,1190.58793969849,9.90954773869347,-7.18592964824121,87.4108040201005,79.2927135678392,55.0188442211055,7.18181818181818,8.98701298701299,11.2077922077922,0.0,18.5584415584416,46.75,46.75
DSM,2.04117577408087,15.13059160926,1191.02956568016,1341.26236584573,11.0251603938149,-1.70670845282796,121.193803033439,117.448186145522,91.2924341424474,8.13360560093349,2.0291715285881,15.5750680669,0.0482302605989887,17.7092570984053,28.2178217821782,28.1188118811881
DTW,4.22300014191778,18.6770569110973,1427.69819076276,1512.35892998987,7.07575055145268,-2.70840186504691,126.217888032222,119.247803786199,93.4949963236488,14.8127187281272,1.92630736926307,14.624897510249,0.0462753724627537,12.9999600039996,26.5794330916282,26.5306526038233
DUT,15.7346303501946,4.70390625,1500.77734375,1706.80718188915,3.60577673692428,1.30661478599222,146.015564202335,131.530054644809,123.2234375,17.5551948051948,3.02922077922078,1.20779220779221,0.0,23.8961038961039,,
DVL,-5.34790528233151,20.5355191256831,941.241347905282,986.948087431694,6.70947176684882,-7.18306010928962,83.8214936247723,81.9863387978142,54.7413479052823,6.78861788617886,4.64227642276423,16.390243902439,0.195121951219512,16.8536585365854,21.5,21.5
EAR,-7.39486552567237,17.3887530562347,1100.47677261614,1097.37408312958,9.5440097799511,-11.9535452322738,86.359413202934,81.8007334963325,54.8679706601467,5.52054794520548,0.876712328767123,20.5753424657534,0.0,20.5068493150685,31.0,31.0
EAT,5.93163538873995,8.60411081322609,1243.15236818588,1289.83869526363,8.00625558534406,6.62868632707775,46.3708668453977,47.0679177837355,30.4575513851653,3.27027027027027,2.14760914760915,18.1975051975052,0.0,15.7463617463617,17.5,17.5
EAU,-2.12308868501529,17.2729357798165,961.977828746177,1048.94418960245,14.3952599388379,-3.37767584097859,83.3142201834862,82.0596330275229,50.3914373088685,5.05649717514124,0.451977401129944,20.361581920904,0.0,18.4632768361582,47.25,47.25
ECP,2.72629030863664,12.5622028183626,1204.76821993602,1367.62505403302,8.71219849572058,-2.79009250453877,98.7804962393015,93.264113426126,71.9897121120429,9.88803358992302,1.23932820153954,10.5038488453464,0.117564730580826,22.7739678096571,24.9047619047619,24.9047619047619
EGE,3.81594236579131,18.5791308389496,1272.71740646061,1500.03044387637,10.773413897281,-0.188473158261678,130.370206832442,126.365791308389,97.013246572159,8.13584474885845,1.36073059360731,15.263698630137,0.04337899543379,21.1267123287671,39.6923076923077,39.6923076923077
EKO,-4.71340523882897,12.5277349768875,954.430662557781,1122.67103235747,4.53235747303544,-8.41602465331279,58.2788906009245,54.5762711864407,37.5161787365177,2.53448275862069,4.31034482758621,10.7758620689655,0.0,19.6206896551724,23.0,23.0
ELM,-1.03479817061046,16.6100616424737,1198.44839928415,1303.03022469676,7.57029230463313,-6.27580035792404,93.0328097037184,87.7918075164049,63.6114535692981,12.8108925869894,1.6732223903177,15.4341906202723,0.0332829046898638,17.2662632375189,21.5217391304348,21.5217391304348
ELP,3.92978003384095,14.0607499590634,1190.32896675946,1366.99118497899,8.4416789476557,-0.936930298564489,116.246302057748,111.379591725343,88.8771628186234,10.8758344459279,1.46385657066565,9.55750524508869,0.0177379362960137,20.8800305168796,21.5,21.5
ERI,1.57730859458307,17.5869055235658,1221.01514182128,1283.72830027724,11.6026871401152,-3.96545105566219,90.3651098315206,84.8223501812753,55.6327575175944,6.90560471976401,1.41150442477876,14.5250737463127,0.18141592920354,25.117994100295,41.3076923076923,41.3076923076923
ESC,2.85628227194492,14.5817555938038,1454.10929432014,1539.31497418244,8.84853700516351,-1.05765920826162,78.4018932874355,74.4879518072289,51.0576592082616,4.71666666666667,1.12222222222222,8.31111111111111,0.0277777777777778,32.8888888888889,39.75,39.75
EUG,2.16463195691203,14.643447037702,1195.8171154997,1316.98839018552,9.40478755236385,-0.758827049670856,102.840993417115,99.9412327947337,75.8929982046679,7.39460305044975,0.816581931951506,15.706296441142,0.0254204145482988,18.4587407117716,26.6756756756757,26.6756756756757
EVV,1.03163819875776,18.1825212683681,1119.93503480278,1281.91531322506,11.9467324052591,-2.84474091260634,99.6033449342614,95.7309551430781,65.6017014694509,8.66601689408707,1.13775178687459,15.9655620532814,0.0441845354126056,19.7881741390513,30.8780487804878,30.7560975609756
EWN,2.37780985770262,14.1884266886326,1200.17792421746,1298.43513179572,10.0644563426689,-3.47014003294893,89.4419275123558,83.5974052718287,59.3445222405272,8.36842105263158,2.68421052631579,6.52631578947368,0.00657894736842105,29.0230263157895,22.6,22.6
EWR,8.36270887407332,24.1435851156226,1390.29121430898,1485.02606937358,7.39691672999674,2.74089743241776,180.746091629573,175.122116219737,143.581614374118,12.1252729571314,1.0576801517067,13.0095104011033,0.0340765429261004,21.6046718767958,30.3205221174764,30.2987672226251
EYW,2.06,11.5831,1373.5596,1511.5384,10.0139,-1.3354,115.6712,112.2758,90.6788,6.73891625615764,1.57142857142857,16.7044334975369,0.0253342716396904,19.8965517241379,28.2692307692308,28.2692307692308
FAI,-4.68826638477801,13.0448202959831,1180.04154334038,1252.32906976744,6.52610993657505,-8.90845665961945,138.541649048626,134.327801268499,114.756871035941,10.0013315579228,1.19973368841545,9.28761651131824,0.0772303595206391,18.4900133155792,14.8958333333333,14.8958333333333
FAR,2.54278585057977,18.2141442300638,1216.30606705304,1322.487198298,9.92942557405913,-1.21788570170934,114.154500770303,110.395422199398,82.2518523952755,8.44989154013015,2.70281995661605,15.2720173535792,0.2,18.2984815618221,29.7894736842105,29.7894736842105
FAT,2.35426913860512,15.1519317274141,1206.94122840207,1343.08088451675,9.64140076512381,-1.16656156724261,105.576281161979,102.055450456131,77.2621179635936,11.6627099015634,0.597568037058483,15.0055008685582,0.0298204979733642,19.3905616676317,24.3978494623656,24.3978494623656
FAY,3.7357494299772,15.9944982657577,1252.69967707212,1331.92548738189,9.79990431766535,-2.02152852529602,79.0797751465136,73.3350077741897,47.5406051907667,6.40625,1.4775641025641,8.81810897435897,0.0288461538461538,25.0584935897436,28.8636363636364,28.8636363636364
FCA,0.0620900248812486,16.4952499434517,1296.74734223026,1439.97048179145,8.56141144537435,-3.47964261479303,127.288622483601,123.746889843927,98.6902284551007,6.62822719449226,1.37521514629948,16.1678141135972,0.0137693631669535,18.9509466437177,32.48,32.48
FLG,-0.623155505107832,18.6186152099887,1193.77866061294,1308.41203178207,9.32009080590238,-6.31895573212259,80.9012485811578,75.205448354143,47.266742338252,13.0,4.15027322404372,13.8060109289617,0.155737704918033,19.7049180327869,39.9,39.9
FLL,7.05562821286159,17.3925214188486,1408.77298956415,1495.45165612406,7.87046200656578,1.63912776576721,169.475938826167,164.059513705394,138.79653027998,13.2071746917125,1.89363738276871,15.0734421567823,0.226888688376671,14.6622098269215,22.4777142857143,22.4045714285714
FLO,3.49163179916318,17.207949790795,1220.52426778243,1269.29037656904,12.7167364016736,-2.46694560669456,65.4025104602511,59.4439330543933,29.5192468619247,6.47792207792208,1.34285714285714,8.75584415584416,0.0311688311688312,22.5454545454545,19.5,19.5
FNT,1.40712126301646,14.5726591341313,1233.54189506656,1293.49748293993,10.3592124398702,-2.58832084125741,104.921467725696,100.9272849312,75.9954133571988,6.65926986399427,1.39012168933429,15.2254831782391,0.0100214745884037,21.1524695776664,25.92,25.92
FSD,3.12685655500547,18.5690863499003,1225.95531408731,1322.26490066225,10.9999357037228,0.0623030926509355,110.703594161898,107.639040699544,78.0700186459204,7.67849613492621,2.03724525650035,15.3510189739986,0.0962754743499649,20.4089950808152,30.4102564102564,30.4102564102564
FSM,1.32100628930818,14.5555555555556,1189.01608848668,1316.01935646053,12.1256913021619,-1.61639014580191,85.6204122674711,82.684012066365,56.0027652086476,5.96698113207547,3.36163522012579,10.311320754717,0.0,23.4937106918239,25.2307692307692,25.2307692307692
FWA,2.56945321822138,17.2138695865796,1122.86495402541,1189.40240050537,10.4298448796238,-2.55485365340072,102.236611216396,97.1123043447743,69.4685898785709,12.8597122302158,1.68705035971223,13.3844424460432,0.0184352517985612,17.1969424460432,32.2372881355932,32.2372881355932
GCC,-2.47846255798542,18.3949635520212,1035.05897945659,1123.16567263088,10.5904572564612,-2.87740225314778,83.2697150430749,82.8707753479125,53.8853545394301,6.68229166666667,2.05208333333333,14.4114583333333,0.0,20.9010416666667,17.6666666666667,17.6666666666667
GCK,1.20955882352941,12.6455882352941,1046.00147058824,1150.20073529412,9.60808823529412,-1.89779411764706,88.8838235294118,85.7764705882353,63.5227941176471,9.50282485875706,3.96045197740113,12.8305084745763,0.0903954802259887,17.3446327683616,21.5,21.5
GEG,1.14339534339534,14.5652743652744,1185.41715221715,1330.76454896455,7.72504972504973,-2.05756405756406,103.789680589681,100.597121797122,78.3067977067977,6.92375671460752,0.828799168255068,15.5442730895859,0.0282446716340322,16.0084907295096,22.4117647058824,22.4117647058824
GFK,-0.125998003992016,17.3467862481315,1214.50498256104,1299.17737917289,6.49825610363727,-6.34005979073244,92.0510712506228,85.8368211260588,61.99177877429,9.81531531531532,4.12162162162162,10.2725225225225,0.268018018018018,21.1441441441441,48.6666666666667,48.6666666666667
GGG,0.0513905683192261,13.4733978234583,1227.31801692866,1286.3984280532,12.5816203143894,-2.13059250302297,62.9401451027811,60.7581620314389,34.7031438935913,7.31718061674009,2.97797356828194,12.6651982378855,0.242290748898678,20.2907488986784,28.0,28.0
GJT,-1.531429201588,15.7112924569916,1189.285399206,1298.35046316718,9.08711954124393,-4.31396118217909,88.5538156153507,85.7712836347596,60.972871636524,8.42959183673469,2.65612244897959,12.2071428571429,0.0173469387755102,20.4683673469388,23.0588235294118,23.0588235294118
GNV,3.43336581141063,13.4260239922187,1224.6781584351,1320.13952231709,10.7538095752729,0.793904679563385,88.2295471738895,85.5960229114882,61.4161893439965,9.30982019363762,2.83125864453665,9.33609958506224,0.024896265560166,23.0726141078838,19.5833333333333,19.5833333333333
GPT,0.887731897067624,14.5257867655857,1163.6963025009,1328.17219097762,11.499581189422,-1.5156156515496,96.5875314107933,94.1843963144669,68.1590283594591,8.44,1.51826086956522,14.2226086956522,0.0269565217391304,21.2382608695652,28.8888888888889,28.8888888888889
GRB,0.49167239010989,15.6813696043937,1193.03990388741,1305.00343259247,11.6294516433536,-3.00274607397237,81.7027374924912,78.2085299922767,50.8977087445293,6.12880143112701,1.47763864042934,14.7090041741205,0.0232558139534884,22.8604651162791,30.5135135135135,30.5135135135135
GRI,3.22038152610442,13.3519076305221,1180.13554216867,1297.28765060241,9.61646586345381,-0.736947791164659,121.899096385542,117.941767068273,94.9733935742972,11.2584269662921,4.64044943820225,12.2275280898876,0.280898876404494,14.3370786516854,47.0,47.0
GRK,0.889861294583884,16.4823315719947,1242.09940554822,1298.57942536328,9.47457067371202,-2.27163143989432,62.5733157199472,59.411822985469,33.4549207397622,6.31062355658199,1.28521939953811,13.3175519630485,0.0519630484988453,20.5415704387991,30.7777777777778,30.7777777777778
GRR,3.50222010385571,16.0709755058039,1267.95913455512,1337.70614485923,9.8255822699125,-0.815453656579838,108.900744603505,104.587334219169,78.6907764434527,7.5809328849247,1.80874396841644,15.6256762684603,0.0210557098991081,19.7600526392747,28.032967032967,28.032967032967
GSO,3.24064106440883,18.245375967118,1223.83265836557,1316.58625483559,9.49652441972921,-2.59501934235977,98.9778167311412,93.1441912475822,65.402290860735,7.94178794178794,1.08864108864109,18.974484974485,0.027972027972028,19.2120582120582,28.7454545454545,28.7454545454545
GSP,3.4253312788906,16.0966360667858,1229.01986938574,1314.68095003389,10.3469287166533,-1.67617522025753,98.4309346312612,93.3303862978251,66.8868215143861,8.54668860551213,1.43603455368161,14.9097079391197,0.0197449609214315,20.9152612093789,29.0265486725664,29.0265486725664
GST,-6.65030674846626,10.4294478527607,1796.42944785276,1820.11042944785,3.91411042944785,-4.20245398773006,26.0061349693252,28.4539877300613,14.1104294478528,0.8,1.88,8.04,1.08,22.84,4.0,4.0
GTF,-0.578921244209133,13.7059894109861,1137.38583719391,1272.91346790205,8.40155526141628,-4.31121773659828,115.838021178028,112.105724685639,89.9981800132363,6.96495619524405,1.55944931163955,16.377972465582,0.0137672090112641,15.8585732165207,25.7619047619048,25.7619047619048
GTR,1.52098066949552,16.9416195856874,1137.79896421846,1313.23210922787,10.4171374764595,-4.32344632768362,79.3375706214689,73.5075329566855,46.1487758945386,5.5703125,2.66796875,11.02734375,0.41015625,25.125,48.25,48.25
GUC,3.06859448554136,15.0632145258911,1289.19098856759,1407.89038332212,10.3187626092804,0.0262273032952253,83.5998655010087,80.5574983187626,55.1755211835911,5.54071661237785,2.44951140065147,11.3745928338762,0.0,28.8273615635179,30.8,30.8
GUM,-1.90257352941176,12.3428308823529,953.590533088235,1325.06571691176,4.66544117647059,-2.62132352941176,172.988970588235,172.270220588235,155.261948529412,23.2222222222222,0.764957264957265,7.18376068376068,0.0,1.92735042735043,21.7,21.7
HDN,1.27272727272727,19.8515457606367,1270.02050811142,1447.33792470156,10.0902969084787,-2.541169268442,117.10927456382,113.295378022651,83.3535353535353,8.24802527646129,1.15323854660348,15.2875197472354,0.0,21.1216429699842,36.0833333333333,36.0833333333333
HGR,11.1543624161074,8.60402684563758,1435.64765100671,1558.90604026846,6.21476510067114,8.35906040268456,126.375838926174,123.580536912752,108.761744966443,5.85897435897436,4.30769230769231,8.37179487179487,1.19230769230769,26.6538461538462,,
HHH,0.940793754066363,17.4294079375407,1181.22999349382,1267.80156148341,10.8334417696812,0.165582303188029,81.718932986337,80.9437215354587,52.6808718282368,7.26122448979592,1.87142857142857,14.8448979591837,0.161224489795918,18.5959183673469,50.3333333333333,50.3333333333333
HIB,-1.86484245439469,17.226368159204,954.825870646766,1010.15671641791,5.63764510779436,-9.19154228855721,67.9427860696517,60.6160862354892,37.7520729684909,2.15116279069767,6.24418604651163,11.1395348837209,0.0,24.5697674418605,,
HLN,-0.18434896975011,17.6319596668128,1144.27181060938,1280.26830337571,7.79767645769399,-3.09338009644893,111.674046470846,108.765015344147,83.3353792196405,6.42622950819672,1.32786885245902,18.7409836065574,0.00655737704918033,14.3737704918033,30.6666666666667,30.6666666666667
HNL,0.384005336495701,15.6154650842106,1394.7151484028,1345.03776402005,6.83353779730488,-1.81412133115921,163.386664319597,161.188537651942,142.086426445275,19.4730685527748,0.657145447950671,4.27566195139645,0.396626768226333,10.215451577802,21.7670682730924,21.7469879518072
HOB,-2.09646539027982,13.5618556701031,977.996318114875,1193.86966126657,8.68777614138439,-2.10972017673049,98.6369661266568,98.6237113402062,76.3740795287187,6.94478527607362,1.44171779141104,20.3496932515337,0.0,11.9570552147239,42.5,42.5
HOU,9.79681999064703,11.0585531133915,1396.60158118112,1485.25502722067,5.6358430465972,2.40704825602428,121.123697422639,113.733925688017,97.039529528028,16.0912765087871,1.18200808319332,6.70755188229417,0.220970891421825,16.1385041551247,16.4972222222222,16.4555555555556
HPN,4.99995473884313,16.1734689265537,1255.87073446328,1415.43498305085,9.08840677966102,-0.485016949152542,143.432,137.972338983051,112.710463276836,12.2418240442193,1.33832335329341,12.9343620451405,0.0829111008751727,19.4645324735145,27.3473684210526,26.9684210526316
HRL,3.00778158797151,11.8910721350389,1312.58222339444,1404.26361598312,7.45087696162469,-0.806277198997758,79.5027034155348,75.6890412765396,56.347092179876,6.43792517006803,1.53401360544218,12.4277210884354,0.0,21.125,21.7,21.7
HSV,1.88865474148493,15.6112118390748,1222.39760866369,1403.72739746166,10.8752388886167,-1.72852452589798,107.201352477091,103.584358308424,77.0979075807321,8.84544836956522,1.43002717391304,13.5482336956522,0.0264945652173913,21.2680027173913,26.3541666666667,26.3541666666667
HTS,3.80803880803881,12.3270963270963,1217.19404019404,1310.07692307692,13.4774774774775,0.16042966042966,90.9213444213444,87.2737352737353,61.4691614691615,10.251572327044,2.36058700209644,7.35849056603774,0.0691823899371069,23.3186582809224,24.0,24.0
HVN,-0.0542553191489362,12.1531914893617,1155.87340425532,1234.02234042553,7.32659574468085,-2.90425531914894,70.2446808510638,67.3946808510638,47.9148936170213,8.53007518796992,0.996240601503759,18.8233082706767,0.0,24.2556390977444,41.0,41.0
HYA,10.0696202531646,10.5822784810127,1334.57594936709,1404.72784810127,7.74683544303798,3.60126582278481,66.0886075949367,59.620253164557,41.2911392405063,7.70588235294118,0.0,18.0882352941176,0.176470588235294,19.1470588235294,,
HYS,-1.88742345737164,14.016486104569,1446.65708902496,1436.85492227979,7.28356099858691,-4.63447951012718,63.2416391898257,60.4945831370702,39.1945360339143,7.98013245033113,1.31456953642384,9.05298013245033,0.0,33.9139072847682,14.0,14.0
IAD,3.06222722313148,20.7355807201259,1432.44504735876,1497.3658016898,7.05147246828071,-1.58628272072819,145.523020278755,140.876446757615,113.089393569209,12.6604794781945,3.23810845505326,14.8354786108316,0.0523540228289907,14.7890920445478,33.2023346303502,32.9208819714656
IAG,3.66456494325347,13.797604035309,1218.7446406053,1434.88965952081,7.33417402269861,-0.0851197982345523,157.810844892812,154.061160151324,132.929382093317,9.31353135313531,3.37623762376238,15.0759075907591,0.0,16.993399339934,13.0,13.0
IAH,4.72838314144761,19.2458793183892,1436.03655426799,1582.31143168193,7.16717774758569,0.506650898964438,142.969581637474,138.746605591274,112.333548525299,13.5092905117453,3.06048208380212,13.2577136817701,0.0259111520234564,15.1497050901776,26.9602787456446,26.7296167247387
ICT,2.0,14.1257663180671,1248.04548323116,1364.14826000721,9.67882257482871,-2.08754056978002,113.720834835918,109.633294266138,85.828705373242,8.07084893882647,1.97222222222222,13.1526217228464,0.0390137328339576,21.7056803995006,24.3968253968254,24.1269841269841
IDA,0.239400584795322,15.1761695906433,1319.34886695906,1405.44444444444,9.29751461988304,-2.74872076023392,84.1750730994152,81.186951754386,56.7132675438597,7.07330567081604,0.993084370677732,12.2406639004149,0.0318118948824343,22.0663900414938,25.6153846153846,25.6153846153846
IFP,-1.68888888888889,25.2,1294.48888888889,1368.46666666667,11.4666666666667,6.93333333333333,70.9111111111111,79.5333333333333,42.8666666666667,1.07142857142857,0.0,21.6428571428571,0.0,6.5,,
ILM,3.16803811173668,14.8472909450767,1197.30047006432,1293.50971053934,9.20763236021771,-2.29168728352301,93.1271029193469,87.6689139040079,63.6139905987135,9.29246544806063,1.03209986625056,13.7356219349086,0.0802496656263932,22.4453856442265,29.7105263157895,29.7105263157895
IMT,0.533810660302307,14.0230708035004,1393.49801113763,1521.56085918854,6.92760540970565,-6.56563245823389,80.170246618934,73.0708035003978,52.1201272871917,6.51923076923077,2.68589743589744,6.78205128205128,0.0769230769230769,33.1153846153846,14.5,14.5
IND,3.86960515160079,14.8617262775564,1254.67359128285,1353.79666044494,9.05148564798466,-0.991605710538264,131.646289663522,126.7856631186,102.872451193059,9.01168464304057,1.24627632254751,16.797508988187,0.0242681047765794,17.5814072932717,24.2643312101911,24.2070063694268
INL,-3.56354916067146,16.1143085531575,1455.60111910472,1530.2829736211,5.66506794564348,-10.6730615507594,75.3693045563549,68.259792166267,46.480415667466,1.19847328244275,1.97709923664122,9.83206106870229,0.0,34.0381679389313,24.6666666666667,24.6666666666667
IPT,0.900796524257784,15.415640839971,1095.46560463432,1144.54598117306,8.13975380159305,-1.8356263577118,58.1383055756698,55.4018826937002,31.8464880521361,7.20171673819743,2.02145922746781,19.4248927038627,0.0,20.2575107296137,42.5,42.5
ISN,-0.720323182100684,24.5149160969546,1162.00963331262,1242.02517091361,8.42821628340584,-3.0969546302051,120.220323182101,117.843691733996,84.9005593536358,9.824,2.92,14.59,0.016,16.064,35.2727272727273,35.2727272727273
ISP,5.05941291585127,12.0384344422701,1187.36861056751,1338.9426223092,6.83968688845401,-1.56281800391389,136.916242661448,130.294011741683,111.415890410959,12.629202207727,0.751128951329654,13.9789262418465,0.143000501756147,16.8233818364275,22.8688524590164,22.7868852459016
ITH,2.65109325359746,20.0274715006541,1213.70659689778,1297.16707157541,8.42963931975332,-3.39544010465334,85.5514857036068,79.504952345356,51.0478415249486,9.18687430478309,1.81423804226919,15.6284760845384,0.0745272525027809,19.3147942157953,46.1428571428571,46.1428571428571
ITO,-1.83668976763147,9.25356706074195,1400.02992254382,1377.9115368936,7.40627802690583,-2.14423155320016,64.1143905421932,63.8068487566245,47.1470036689768,6.77558569667078,1.07891491985203,1.39950678175092,0.0,23.8051787916153,12.5,12.1818181818182
JAC,3.33341083468961,19.127412229714,1207.17356428738,1385.43501511276,10.2305277842362,-0.71808881655429,126.348872355266,122.297372704022,92.9394326900721,8.48235294117647,1.42476780185759,18.7764705882353,0.0229102167182663,15.5114551083591,27.82,27.82
JAN,2.6752534591596,14.9123892112478,1190.64451954345,1348.89632085698,11.4395842632149,-0.339475865586941,99.5766753809858,96.5619460562392,70.2099725817764,8.72667757774141,1.87356792144026,12.4791325695581,0.0789689034369885,20.5748772504092,29.0833333333333,29.0833333333333
JAX,3.81351542991029,13.8964326989753,1275.99813544957,1396.24143616611,9.03420910701903,-1.33361584097388,120.927328761846,115.781693504893,92.8510516988982,7.94149314372778,1.92310817673946,14.8841036058913,0.0753682072117826,19.9451498222448,22.5761589403974,22.5761589403974
JFK,5.10406415389001,26.3274198003719,1404.93071147924,1493.350594308,8.14501280143145,-4.62953358262798,221.903616146707,212.189246797581,177.716814195777,14.4052183173589,1.20537574663148,17.1302727230634,0.0895263231004306,12.5337546881511,27.5834597875569,27.562215477997
JHM,-2.49519650655022,3.30458221024259,1230.56738544474,1273.52021563342,5.19676549865229,-3.16026200873362,35.7768558951965,35.1117903930131,26.4299191374663,6.40654205607477,0.560747663551402,4.52803738317757,0.149532710280374,21.4532710280374,7.66666666666667,7.66666666666667
JLN,1.54862842892768,17.0992518703242,1123.0029925187,1226.62443890274,12.0788029925187,-0.192518703241895,92.1865336658354,90.4453865336658,61.2673316708229,6.4769647696477,1.53116531165312,13.9322493224932,0.0569105691056911,17.4661246612466,21.6666666666667,21.6666666666667
JMS,-6.26519023282226,15.6587166382737,1379.78307779671,1346.96024985804,6.60136286201022,-8.88131743327655,69.6456558773424,67.0295286768881,44.7694491766042,12.7579908675799,1.7351598173516,8.42465753424658,0.0182648401826484,25.3972602739726,,
JNU,-4.56069697669051,13.6192014770367,1283.07662127856,1424.53369489961,6.60039233787214,-4.82817909069928,92.8511423955689,92.5836602815601,72.3640664666513,10.0799605133268,1.44225074037512,8.88153998025666,0.163869693978282,15.8598223099704,13.3090909090909,13.3090909090909
KOA,-2.2144750795334,11.2944673219979,1507.44357731137,1385.3296360255,7.87649442082891,-4.85113997879109,159.783901113468,157.145247879109,138.234756907545,10.2289931869796,0.769492808478425,6.34595003785011,0.2778198334595,18.3281604844815,18.5729166666667,18.5729166666667
KTN,-4.57890241298313,11.8157164210976,1439.2579543028,1613.3019431988,7.82489856929319,-3.88853299167201,86.9510997224002,87.6414691437113,68.0008541533205,7.35433070866142,1.44094488188976,9.39212598425197,0.593700787401575,20.0188976377953,12.4358974358974,12.4358974358974
LAN,2.68021921998471,16.5266377772113,1235.73209278613,1250.75975019118,10.4669895488147,-1.06092276319144,72.6398164669895,68.8986744838134,41.9050471577874,7.63162118780096,1.45906902086677,12.3073836276083,0.0184590690208668,24.4662921348315,38.7692307692308,38.7692307692308
LAR,-2.81452318460192,19.2152230971129,1016.69641294838,1056.51093613298,8.82502187226597,-3.63867016622922,56.010498687664,55.1863517060367,27.1461067366579,4.89506172839506,1.21604938271605,19.4876543209877,0.135802469135802,17.037037037037,39.25,39.25
LAS,6.20961589748997,15.4365669558961,1343.0088691521,1415.91231323612,7.20218255568029,0.152788200926609,151.647029454268,145.585652440877,122.946902929301,12.8446960775433,0.472850801703053,10.5054805688921,0.0476130084246761,17.8100914937947,20.1472435450105,20.0865317515701
LAW,0.525090325170614,14.1690084303493,1184.11481332798,1227.72541148133,11.5961461260538,-2.10437575270976,58.0830991569651,55.4536330790847,29.6884785226817,6.80163043478261,2.14673913043478,9.04347826086956,0.0,22.6521739130435,24.0,24.0
LAX,5.15981653304322,18.2678588722057,1356.763110449,1475.71353068806,7.33754293567736,-1.996892765377,184.880124206965,177.698641512078,152.093239704195,13.2803981986253,0.268059835137342,11.9967475178426,0.0841036580548313,16.496918701114,23.6253534401508,23.5914231856739
LBB,2.45399311909816,13.3351145596955,1223.56130590733,1292.57572652075,8.19932655003294,-0.627699289949491,86.4934485030378,83.4117560939902,61.8773149842618,8.54278350515464,1.59123711340206,10.1242268041237,0.00360824742268041,23.4298969072165,27.71875,27.71875
LBE,-1.99007561436673,12.2150283553875,1312.42722117202,1488.13137996219,10.1134215500945,-7.75141776937618,137.461247637051,131.699905482042,109.37145557656,9.27522935779817,0.81651376146789,16.545871559633,0.238532110091743,16.7064220183486,26.5,26.5
LBF,-5.48053097345133,15.7663716814159,1023.88407079646,995.412389380531,9.15309734513274,-6.02743362831858,67.8973451327434,67.3504424778761,42.4309734513274,3.2247191011236,1.53932584269663,23.8202247191011,0.146067415730337,19.7977528089888,30.5,30.5
LBL,-2.71260199456029,15.5657298277425,1136.84950135993,1114.99728014506,7.14143245693563,-4.14596554850408,68.4170444242974,66.9836808703536,44.2765185856754,12.496062992126,2.35433070866142,15.1889763779528,0.0,18.5511811023622,40.0,40.0
LCH,-2.18110661268556,12.7549257759784,1163.60755735493,1233.27989203779,10.2491228070175,-4.70067476383266,67.9678812415655,65.4483130904184,42.4442645074224,5.33180778032037,2.4141876430206,15.0,0.091533180778032,20.3409610983982,46.125,46.125
LCK,7.36818409204602,11.6623311655828,1509.65982991496,1636.64532266133,7.0520260130065,5.11305652826413,122.312156078039,120.057028514257,101.342671335668,9.61063829787234,2.94042553191489,7.53191489361702,0.319148936170213,24.6425531914894,17.3333333333333,17.3333333333333
LEX,2.04237982323777,16.6415338216286,1217.1308056872,1302.16996984059,10.6856096510125,-1.93102111158983,102.390693666523,98.4335200344679,71.1063765618268,8.14813777653318,1.98151778213386,15.5135816297956,0.103052366283954,19.9465135816298,34.6388888888889,34.6388888888889
LFT,0.813877728309263,16.5543490064068,1199.2915626018,1326.75437072429,10.0649364751873,-0.788467803235965,88.6217830383321,87.0194375067868,60.4001520251927,6.74004051316678,2.91964888588791,13.814314652262,0.203916272788656,19.7346387575962,28.7878787878788,28.7878787878788
LGA,6.37497717757421,26.3604287488016,1376.8641771575,1492.43538434941,7.9329907114904,-1.36675625127697,151.336954437582,143.6128455305,109.31945029453,9.57637701514411,0.915318148510015,14.6689515144113,0.0465925744992672,22.0818423302394,28.330207635633,28.2290689886135
LGB,2.82408529951195,13.0119991295968,1314.9866641798,1368.27479871926,6.60682644782244,-1.47377910410644,114.385961640088,110.08809723647,90.4692716590506,12.3083680073971,0.748959778085992,10.4410540915395,0.0256588072122053,20.1343042071197,20.4135338345865,20.1954887218045
LIH,-1.41027574321413,9.84949016228637,1517.2273445354,1418.17474508114,7.77710756857676,-3.07705012207382,152.529297716502,150.862523337642,133.235925606779,10.3275045537341,1.24335154826958,4.4528233151184,0.073224043715847,18.7417122040073,15.55,15.55
LIT,2.79361301552343,14.3102198856169,1207.16553586018,1347.03740542077,10.6026073674115,-0.729387943589926,105.910624844588,102.387623885475,77.4747966324465,7.90715755774068,1.40224102446833,13.8198033386691,0.0379602103818889,18.9169906242854,25.6168224299065,25.6168224299065
LNK,0.873840167614487,17.1267184698147,1127.48191870891,1224.69739988045,11.3208308427974,-1.27884040645547,101.99252839211,99.8411536162582,71.3936043036461,7.87072945521699,2.25669436749769,15.3028624192059,0.0,19.7802400738689,32.030303030303,32.030303030303
LNY,1.60223266745006,5.84288354898336,1397.45979667283,1437.70563770795,6.71118299445471,3.96886016451234,32.3686839012926,34.7353113983549,22.5009242144177,5.49475262368816,0.389805097451274,3.3328335832084,0.128935532233883,31.7826086956522,,
LRD,-1.54059117402165,14.7712323064113,1235.92069109076,1330.27331390508,9.29225645295587,-3.95982514571191,88.9785595337219,86.5593255620316,62.4958368026644,5.09355828220859,1.0398773006135,14.7407975460123,0.0199386503067485,22.1932515337423,40.7777777777778,40.7777777777778
LSE,0.618977020014826,16.0793180133432,1173.64343958488,1243.40721522115,11.6103286384977,-3.50012354830739,72.2125030887077,68.0934025203855,40.4037558685446,5.28596187175043,2.04679376083189,14.1854419410745,0.0415944540727903,25.1247833622184,34.5,34.5
LWB,1.71804170444243,14.274705349048,1496.17497733454,1537.43155031732,10.9084315503173,-1.64551223934723,86.3037171350861,82.9401631912965,57.7570262919311,0.755868544600939,0.366197183098592,12.2300469483568,0.00469483568075117,34.3427230046948,44.0,44.0
LWS,-2.88458225667528,10.7588285960379,1036.51119724376,1223.81395348837,5.35917312661499,-8.89233419465978,85.6042204995693,79.5964685615848,63.478466838932,6.08965517241379,0.482758620689655,6.6,0.0,30.6206896551724,17.0,17.0
LYH,1.39953751284687,17.2941932168551,1227.67009249743,1296.30498458376,11.3406988694758,-4.96248715313464,75.5125899280576,69.1505652620761,40.5156731757451,5.52,2.00181818181818,9.14545454545454,0.0290909090909091,24.9709090909091,40.3333333333333,40.3333333333333
MAF,2.55238201495035,13.3479861653464,1247.4344527502,1327.53480977351,7.83152962177842,-0.628416824723865,89.8528394510766,86.6720406114024,65.4925248242776,9.41924129839656,1.74970668752444,9.92764958936253,0.0993351583887368,23.9550254204145,22.7380952380952,22.7380952380952
MBS,-1.07517327172561,17.3387784090909,1100.26331676136,1120.30486505682,9.97230113636364,-5.74058948863636,69.1248224431818,64.4584517045455,37.1473721590909,9.22544283413849,1.16747181964573,11.9726247987118,0.0,22.9500805152979,42.1538461538462,42.1538461538462
MCI,3.60239990451795,12.959103883112,1279.66952706982,1433.57072843914,7.94670472379519,-2.22849879312402,135.123835571178,129.296129736873,108.390321129966,8.19997408822958,1.01159551726372,13.7017555224461,0.0491028049491481,18.9390425600829,21.4025157232704,21.2830188679245
MCO,6.92178329023616,15.5410794574728,1360.47121508927,1446.55614260928,7.66639055241507,1.28142385403257,162.325747653962,156.685990933005,133.478520923117,12.3321682560207,3.11645385485696,13.5458824955552,0.137364635526103,16.5039195086472,21.6903553299492,21.5969543147208
MDT,2.27746904552988,15.9186040844178,1241.62806453185,1333.84856460496,9.75776185602184,-2.0464980260272,101.133694009845,96.8109372715309,71.1345713310913,10.0335797905114,1.25723967960567,15.0431300061614,0.0600739371534196,19.2975970425139,31.2077922077922,31.2077922077922
MDW,11.0043172075934,12.0578322106552,1425.21643600735,1426.32225964483,5.54030006123699,3.15584813227189,136.377568891611,128.528205756277,110.930073484385,17.1569157168988,1.02805684536373,7.77039538483186,0.0739552553820177,14.9534543407908,19.446764091858,19.3716075156576
MEI,4.69719428268925,15.081524616199,1446.55955532028,1570.98411858126,12.1990471148756,1.69560614081525,103.822657490736,100.821069348862,73.5404976177872,4.86018957345972,2.37677725118483,10.6090047393365,0.0805687203791469,32.6919431279621,32.8888888888889,32.8888888888889
MEM,3.82866458577705,15.121630754552,1222.67035064006,1410.87282340781,9.83608968752485,-0.774707799952294,122.304245845591,117.70181680846,92.7440963663831,8.12450592885376,1.20009881422925,15.2760622529644,0.0244565217391304,20.1744071146245,24.177304964539,24.177304964539
MFE,1.55319812792512,12.9359334373375,1260.573374935,1365.52199687988,8.70057202288092,-0.773686947477899,96.2089443577743,93.8820592823713,72.2455538221529,9.22417427969079,1.42586085734364,11.9451862262825,0.0435699226985242,24.0260014054814,23.1851851851852,23.1851851851852
MFR,2.10860974733565,13.8128966590827,1207.69440785535,1347.35426894983,9.31559094719195,-0.441623757633816,99.1670458627709,96.627409891031,73.4989222847563,6.97534246575342,0.76908023483366,15.4986301369863,0.0227005870841487,18.9636007827789,19.925,19.925
MGM,3.81817124243834,16.4374201045904,1174.29006391633,1348.16455549099,12.2008134805346,-0.591865194654271,89.5683904706566,85.1623474723998,56.5241138872748,7.98496778811739,1.7680744452398,9.76950608446671,0.0443808160343593,26.0816034359341,27.4090909090909,27.4090909090909
MHK,0.784885366544014,13.9363147466742,1122.59015001415,1244.10897254458,12.0133031418058,-3.80837814888197,102.59666006227,98.003396546844,72.053778658364,6.3713163064833,1.45776031434185,14.6797642436149,0.0176817288801572,24.6247544204322,31.2857142857143,31.2857142857143
MHT,1.1552173508331,14.2240577012564,1177.40148906468,1324.42945556073,7.78324802233597,-4.53708701721731,124.38520241973,118.702093997208,96.6947882736156,7.78236331569665,0.815520282186949,14.9516754850088,0.00352733686067019,19.6610229276896,24.5972222222222,24.5972222222222
MIA,5.79953140414337,18.6795245952659,1503.75348361979,1542.46053071986,8.48114764206064,1.28493161946482,170.38510367182,165.870537942536,138.709865705209,14.1393633785061,3.50122912070596,13.2479672234478,0.0707532303813426,13.000409706902,26.6326530612245,26.6084183673469
MKE,3.83913577718616,14.1925804611988,1217.61134426134,1395.10322137248,9.25750508137511,-1.69248541389445,132.7344963224,127.206018687762,103.755933145188,9.06968478159199,1.38892526424095,16.0771677111589,0.023384154896642,17.5704798428585,24.1531531531532,24.009009009009
MKG,-2.60966257668712,17.1955521472393,1145.76457055215,1093.25536809816,14.7960122699387,-6.95782208588957,66.3151840490798,61.9670245398773,29.9754601226994,4.22826086956522,0.423913043478261,14.0978260869565,0.0,30.8097826086957,48.6,48.6
MKK,6.99903147699758,4.15323224261772,1387.56424581006,1425.98403830806,5.17877094972067,7.49443099273608,28.1762711864407,28.6716707021792,19.2657621707901,6.16985138004246,0.343949044585987,3.09978768577495,0.0127388535031847,31.9023354564756,8.0,8.0
MLB,0.721271393643032,14.958435207824,1218.09168704156,1341.46230643847,10.2652811735941,-3.75509372453138,104.309494702526,99.8331295843521,74.609413202934,7.77472527472527,3.3992673992674,10.6758241758242,0.205128205128205,20.6190476190476,39.1666666666667,39.1666666666667
MLI,2.6141018376103,16.5623735125071,1172.74678215818,1306.61143042176,11.1223994171456,0.0645187403869505,102.491297660487,99.941714563264,72.2569416336113,8.86173633440514,2.14239779513091,14.4304088194763,0.0583371612310519,20.5714285714286,29.4285714285714,29.4285714285714
MLU,1.51823281907433,14.7596423562412,1164.21563814867,1308.67671809257,10.5422510518934,-2.08011921458626,89.0064866760168,85.4081346423562,60.1062412342216,7.24227441285538,1.67243510506799,11.9048207663782,0.437577255871446,24.6761433868974,26.3333333333333,26.3333333333333
MMH,7.25566343042071,16.5188781014024,1646.10571736785,1752.02049622438,12.3322545846818,7.66882416396979,86.5641855447681,86.9773462783172,58.126213592233,3.12550607287449,1.46558704453441,17.1578947368421,0.109311740890688,24.9392712550607,20.3333333333333,20.3333333333333
MOB,2.79430480432708,14.5529140494554,1219.68378786674,1391.18517929554,11.948159338475,-0.0180488192732766,98.9282022739922,96.1196628766797,69.6185894887493,8.04764292878636,1.78535606820461,11.474924774323,0.0310932798395186,24.0892678034102,29.2222222222222,29.1111111111111
MOT,0.290691033695031,18.1200761179829,1189.0053282588,1276.41788772598,6.81179828734539,-4.66070409134158,112.713415794481,107.76213130352,82.8302568981922,9.98511904761905,1.88392857142857,14.4955357142857,0.163690476190476,16.6755952380952,23.6470588235294,23.2352941176471
MQT,3.23482428115016,17.0682907348243,1162.91813099042,1198.95287539936,10.7915335463259,-2.29872204472843,89.3482428115016,83.814696485623,55.9548722044728,12.7328767123288,2.93607305936073,13.3561643835616,0.203196347031963,17.7922374429224,38.7777777777778,38.7777777777778
MRY,0.672255916280176,15.650969199667,1180.99250802711,1318.5079081936,10.7072184564157,-2.04233559281722,98.3256035200381,95.6110120109407,69.2528243548579,6.22512234910277,1.02446982055465,12.7691680261011,0.0554649265905383,24.7675367047308,28.2,28.2
MSN,2.14005564226098,15.0380193318637,1275.81566898423,1427.65626589791,11.1693403425471,-2.02397829404782,109.170527386807,105.012853993556,78.8054943191453,6.87604803988217,1.63267618400181,17.1545433945162,0.0167686381146612,20.4185361432132,28.6984126984127,28.6984126984127
MSO,2.13567928730512,15.2466815144766,1288.03055679287,1425.67706013363,8.07536748329621,-1.11376391982183,122.607305122494,119.357594654788,96.0355456570156,6.89443155452436,1.23085846867749,15.9164733178654,0.0655452436194896,17.8938515081207,28.6333333333333,28.6333333333333
MSP,3.77245957913811,19.2811584780953,1416.29764716005,1557.96455602614,7.18084648699293,-3.69404476227808,140.86729702254,133.393500769621,106.931495804532,12.4137706200691,2.05965964660625,16.4330486188085,0.0502053856686445,12.0383603920802,26.4969532836831,26.4421123899797
MSY,5.59938902060916,12.3420409577475,1311.88443022047,1494.535979357,8.40986013093349,0.369841530353593,136.775507412878,131.546674690446,110.794773601765,8.95877609868105,1.37523361990709,12.9409408874887,0.109841405457361,18.7070539862231,22.4389438943894,22.3399339933993
MTJ,1.28859315589354,17.0131178707224,1288.90304182509,1458.14543726236,10.2901140684411,-1.90836501901141,108.936501901141,105.739543726236,78.4363117870722,5.81739130434783,1.37717391304348,13.4760869565217,0.041304347826087,25.3152173913043,28.4285714285714,28.4285714285714
MVY,6.54601861427094,14.9248197734295,1382.98867147271,1459.3017507724,8.52935118434604,3.69721936148301,71.7342945417096,68.9124613800206,45.4582904222451,8.22380952380952,0.804761904761905,15.747619047619,0.871428571428571,17.6571428571429,54.0,54.0
MYR,2.94705856314462,13.5555703093879,1380.17611649626,1411.12734032665,9.11246846368344,-1.34855928827513,96.3210728986854,92.0258487142035,69.3578099411322,6.64877344877345,1.04531024531025,21.0632034632035,0.0187590187590188,17.6176046176046,22.8115942028986,22.8115942028986
OAJ,3.73282442748092,17.1352251109702,1210.75047558656,1302.39140773621,10.1447368421053,-2.69784400760939,88.3898224476855,81.970989220038,54.6910272669626,7.25082146768894,1.72179627601314,7.71193866374589,0.0350492880613363,25.5169769989047,33.1764705882353,32.0588235294118
OAK,6.58539843697816,12.3694094296592,1336.64361575236,1454.22247774268,5.7233699437961,0.619998664083895,128.032777655849,122.054648510931,103.961869137475,14.3604951005673,0.228410979313506,6.80677325081657,0.211907627070082,16.6602486963498,17.969040247678,17.9318885448916
OGD,13.8333333333333,7.86036036036036,1251.39189189189,1313.95945945946,6.07657657657658,11.536036036036,96.0990990990991,93.8018018018018,79.8648648648649,11.2615384615385,3.09230769230769,8.61538461538461,0.0,20.7538461538462,,
OGG,0.226185214366701,10.4409662691915,1509.30111151779,1441.32680934677,7.6024927279382,-1.97023271902685,176.493475796068,174.298210888406,156.603147695094,13.6444014198128,0.708777024846725,4.76298806066473,0.0342045821232656,15.2113585027428,19.1073446327684,19.1073446327684
OGS,1.34192439862543,18.8333333333333,1235.5,1399.41924398625,8.43642611683849,-4.08247422680412,148.709621993127,143.285223367698,116.015463917526,9.95918367346939,1.08163265306122,18.0408163265306,0.204081632653061,15.7959183673469,12.0,12.0
OKC,2.92142621327171,13.7340293826345,1218.06299521294,1350.92142621327,9.08020386266094,-1.35118851105976,120.402009739188,116.131974248927,93.3177410036316,8.65098870056497,2.36327683615819,11.8331920903955,0.0724576271186441,20.5433615819209,23.9379310344828,23.7448275862069
OMA,2.73101653398653,14.7776438398102,1241.84721504697,1392.37074029428,9.20488682241739,-2.18653732085797,132.686719093814,127.771272219352,103.788741557125,7.4865992414665,1.50240202275601,15.0194690265487,0.0231352718078382,18.1678887484197,25.4632768361582,25.4632768361582
OME,-7.07507288629738,8.92930029154519,1587.61297376093,1699.36224489796,4.29154518950437,-6.65379008746356,83.7616618075802,84.182944606414,70.9620991253644,4.78151260504202,1.23529411764706,7.29411764705882,3.42016806722689,20.5378151260504,15.6,15.6
ONT,4.31619998619515,11.2920875227205,1233.37022294825,1384.48855348227,6.90711639785565,-1.18371948553942,108.978441432943,103.479925453834,85.2807215332582,8.11612795734755,0.589303565478174,10.8067310896368,0.0669776741086305,22.3887037654115,18.9814814814815,18.9814814814815
ORD,6.79981229533101,22.7048326986956,1421.04110156904,1544.3192308731,6.47555834616112,3.6876839774231,130.603265008507,127.491459396689,98.3110683518323,12.1937533753375,2.23277527752775,14.0638403840384,0.015025502550255,17.1551695169517,28.9037603569152,28.8722115997451
ORF,4.54917183213088,15.5185704132399,1238.23204386232,1345.25720377703,8.79961417402782,-1.31154431922023,107.305005584323,101.448735912275,77.1305513250076,9.1698204170182,1.16343256598771,16.705917801615,0.0296492708207786,19.6947089309389,28.0891719745223,28.0891719745223
ORH,6.16306027820711,14.4316074188563,1369.0413446677,1542.58848531685,10.1448995363215,2.82341576506955,134.106259659969,130.766615146832,106.190108191654,13.6442141623489,1.12953367875648,13.1588946459413,0.0846286701208981,20.5682210708117,49.5,49.5
OTH,11.1454545454545,13.6909090909091,1407.54090909091,1548.5803030303,7.68939393939394,6.12272727272727,101.745454545455,96.7227272727273,75.3424242424242,1.32967032967033,0.78021978021978,14.1098901098901,0.120879120879121,36.9725274725275,22.5,22.5
OTZ,-5.38693098384728,8.5704845814978,1379.52936857562,1475.6328928047,3.97650513950073,-4.69970631424376,69.5491923641703,70.2364170337739,57.6894273127753,7.85906040268456,4.64429530201342,7.63087248322148,0.630872483221476,16.8255033557047,23.0,23.0
OWB,9.62814070351759,5.75879396984925,1545.5527638191,1719.42713567839,5.7035175879397,6.68844221105528,107.974874371859,105.035175879397,93.572864321608,11.7058823529412,2.98039215686275,2.05882352941176,0.0,29.7647058823529,14.0,14.0
PAE,1.68862007168459,13.413082437276,1298.20056750299,1489.6490442055,7.74417562724014,-2.40979689366786,136.524940262844,132.426523297491,111.269265232975,10.9711649365629,0.454440599769319,15.7058823529412,0.00230680507497117,15.9469434832757,20.5277777777778,20.4166666666667
PAH,-0.827700831024931,13.3412742382271,1288.52631578947,1359.87534626039,12.5861495844875,-4.91689750692521,82.8614958448753,78.7722991689751,52.8448753462604,6.01365187713311,1.32081911262799,13.8191126279863,0.0,25.1194539249147,22.0,22.0
PBG,2.0831429876656,14.529465509365,1099.19506624029,1326.09410689813,8.93375970762905,-2.90269529465509,164.502969392417,159.517131110096,136.053905893102,11.5922077922078,1.43636363636364,16.1792207792208,0.0,15.7558441558442,28.875,28.875
PBI,5.74140914709518,14.3851050679852,1303.19962917182,1484.72111660486,8.47575195714874,-0.189740420271941,155.822352698805,149.891203131438,127.030346106304,8.41327944572748,1.06374133949192,18.625519630485,0.0542725173210162,18.9427251732102,20.9343065693431,20.8321167883212
PDX,1.87616386243821,13.28168112811,1289.88048468339,1443.43334096526,7.32463880425275,-1.69166598175392,141.521750871796,137.951607695333,117.34525088501,10.4319833392414,0.627392768521801,14.1444523218717,0.0400124069478908,13.8407479617157,16.3821376281113,16.285505124451
PGD,1.51985099500049,10.4547593373199,1150.20468581512,1338.7598274679,6.70571512596804,-2.22458582491913,150.299186354279,146.554749534359,129.394275071071,12.0208633093525,6.07913669064748,7.95179856115108,0.245323741007194,17.3201438848921,18.1066666666667,18.1066666666667
PGV,4.88831741366642,18.6906686260103,1178.41182953711,1261.35635562087,10.8045554739162,0.701689933872153,83.5624540778839,79.3758265980896,49.8806024981631,10.530888030888,1.04440154440154,9.35328185328185,0.185328185328185,21.534749034749,43.5714285714286,43.5714285714286
PHF,3.70604725670805,14.8889482114255,1208.42138280833,1309.15936999466,9.29591564335291,-2.59690336358783,92.2630806193273,85.9639615589963,61.7790977042178,8.69671361502347,1.68169014084507,10.0291079812207,0.0835680751173709,26.0535211267606,31.5,31.5
PHL,4.96167306755177,22.410582666862,1414.7829217511,1524.03697936012,7.30695049768112,-0.113197324346336,142.766609532442,137.692442948126,107.974909783583,12.2820087797592,1.31987832200951,14.0992185650012,0.0478515091349569,17.5221406582998,28.8234398782344,28.7275494672755
PHX,6.05897992105118,15.0184744864417,1365.48014550215,1510.10252051192,6.48146614265814,0.585434725315462,146.402650548674,140.929533981876,119.429593352776,13.8620453467746,0.376244753156887,9.04936862256099,0.156254939496654,17.9870211981243,23.4981217129977,23.4440270473328
PIA,2.20856317310218,15.9852130545105,1142.97707585966,1292.61343949602,11.855980400735,-1.36923615364424,104.700673724735,101.124420334237,73.283226878992,10.0324889867841,2.18612334801762,13.3761013215859,0.0886563876651982,21.3986784140969,33.9677419354839,33.9677419354839
PIB,-0.993233082706767,15.7917293233083,1225.8030075188,1280.2022556391,6.73684210526316,-4.10075187969925,58.2609022556391,55.1533834586466,32.6248120300752,6.09580838323353,0.580838323353293,6.81437125748503,0.131736526946108,35.3233532934132,22.0,22.0
PIE,-0.0765569757954855,12.3581724231711,1189.70057111776,1355.6394479195,6.70322273592603,-3.89631493064999,138.461041610008,134.641283655154,115.579888496057,14.504966021955,8.01097752221641,7.0250914793518,0.0742289597490852,15.4579194981704,20.0412371134021,20.0412371134021
PIH,-3.00947459086994,13.6046511627907,1254.12230835487,1315.2863910422,5.62919896640827,-8.71576227390181,58.4728682170543,52.7665805340224,33.5327304048234,3.84761904761905,1.33809523809524,10.1095238095238,0.0,29.2285714285714,29.75,29.75
PIR,-1.18181818181818,12.46632996633,1257.09764309764,1211.73569023569,9.1026936026936,-8.23569023569024,85.2138047138047,78.1599326599327,56.5909090909091,11.7941176470588,2.51470588235294,10.5147058823529,0.279411764705882,28.7941176470588,22.0,22.0
PIT,2.86169671151748,15.3099645938678,1257.41632835294,1367.52450914226,8.84324739645523,-2.55205532078371,126.744016778976,121.33493578096,97.1817237906366,7.33055013130429,1.04046865530941,18.2261127196822,0.0302336542993738,17.0430274055619,27.2987804878049,27.0762195121951
PLN,-1.00051840331778,14.3996889580093,1322.21980300674,1386.67133229653,7.80922757905651,-6.93053395541731,66.6702954898911,60.7402799377916,38.5313634007258,5.48292682926829,1.64878048780488,4.8,0.960975609756098,35.6292682926829,28.75,28.75
PNS,2.0624623072284,13.5415266649436,1215.50060308435,1401.9029464978,9.9929352976652,-1.79960368743,107.27952959421,103.417463599552,79.8830016369432,8.15481434864695,1.33008181246067,12.8234738829452,0.0283196979232222,21.0616740088106,23.7101449275362,23.7101449275362
PPG,6.77350427350427,16.3290598290598,1797.37606837607,652.538461538462,7.93589743589744,8.50854700854701,328.632478632479,330.367521367521,306.102564102564,19.3623188405797,4.89855072463768,0.217391304347826,0.898550724637681,11.4782608695652,,
PQI,7.28776041666667,23.9596354166667,871.62890625,1019.51822916667,13.1328125,0.584635416666667,135.174479166667,128.471354166667,91.37890625,3.43030303030303,2.8,38.4666666666667,0.0,9.18181818181818,73.0,73.0
PRC,5.39008620689655,18.6821120689655,1267.49030172414,1390.94504310345,9.64762931034483,5.46012931034483,98.1368534482759,98.2068965517241,69.8771551724138,16.7740384615385,1.55769230769231,13.6105769230769,0.0769230769230769,14.0480769230769,19.5,19.5
PSC,1.61601053936764,14.9327340359578,1215.23465592064,1373.8890266584,8.76425914445133,-0.948853068815871,98.4066181029138,95.728611283323,72.0316181029138,6.41394441735739,0.997074597757192,14.0692345197465,0.0814236957581667,19.9780594831789,29.21875,29.21875
PSE,4.75668623613829,12.8199608610568,323.185909980431,587.912589693412,8.17547292889759,-0.784083496412263,206.213959556425,200.673189823875,179.67775603392,2.02295081967213,0.0,5.37377049180328,0.0,45.0983606557377,16.5714285714286,16.5714285714286
PSG,-6.56008583690987,9.19742489270386,1337.30972818312,1374.60228898426,3.75822603719599,-4.81974248927039,31.2546494992847,32.9949928469242,20.0393419170243,3.30857142857143,0.68,7.95428571428571,0.0,25.7771428571429,9.0,9.0
PSM,6.69489051094891,13.0306569343066,1477.31240875912,1721.05401459854,7.32116788321168,1.92554744525547,192.658394160584,187.889051094891,167.537226277372,10.2987012987013,2.59090909090909,13.512987012987,0.272727272727273,19.2337662337662,11.0,11.0
PSP,1.96806532093445,14.8668632342935,1212.70691766841,1398.65643002949,9.49403492855523,-2.41714674529372,130.716488999773,126.331276933545,101.970378770696,8.73749227918468,0.473440395305744,18.523471278567,0.0237801111797406,17.4061148857319,22.9673913043478,22.9673913043478
PUB,-2.9988358556461,15.4464493597206,1376.00174621653,1357.96332945285,7.39697322467986,-1.05587892898719,53.9796274738068,55.9225844004657,33.0791618160652,2.51153846153846,2.03076923076923,13.5653846153846,0.0615384615384615,24.6923076923077,26.0,26.0
PUW,5.00846774193548,8.5758064516129,1255.72943548387,1349.21491935484,7.05725806451613,4.05766129032258,74.1016129032258,73.1508064516129,57.5177419354839,4.23423423423423,1.49099099099099,12.2972972972973,0.256756756756757,19.2072072072072,17.6,17.6
PVD,3.66762125432819,13.7009788607727,1229.37347703843,1382.31661980631,8.02507029053421,-2.39844319483495,130.716026241799,124.650447776736,102.92439862543,8.35992578849722,0.625063248439872,15.172373081464,0.0568392646314724,20.13813459268,27.8439716312057,27.8439716312057
PVU,4.73748974569319,12.1845775225595,1351.08203445447,1401.12141099262,6.39130434782609,1.2239540607055,95.9023789991797,92.388843314192,73.8129614438064,9.49275362318841,3.20289855072464,6.22705314009662,0.0,22.9178743961353,19.3333333333333,19.3333333333333
PWM,3.55892902431071,15.6512124502353,1218.06297502714,1353.92935215346,9.04241766196164,-1.36605139341296,116.922801302932,112.002642055737,87.3090119435396,6.63101823396845,0.906371645154681,18.4716246670764,0.0225363654988732,19.8920303216554,28.5368421052632,28.4842105263158
RAP,3.50310614927523,16.6517824990997,1223.69526467411,1408.91474612892,10.2139899171768,0.229924378826071,112.023586604249,108.750720201656,81.8849477853799,8.07205806117159,2.19543805080353,14.4442716433385,0.0404354587869362,22.2669777086573,32.09375,32.09375
RDD,2.3253321903129,14.9057008144021,1075.75096442349,1148.61037291042,9.23917702528933,-1.80068581225889,74.9322760394342,70.8062580368624,46.661380197171,5.21615201900237,0.0617577197149644,25.0261282660333,0.0,20.3467933491686,27.6666666666667,27.6666666666667
RDM,1.36845363377492,14.7954686145846,1176.04574718336,1288.23387396311,8.87476785935372,0.302525690231522,92.9351863315588,91.8692583880154,68.199021914077,5.75019425019425,1.0994560994561,18.3348873348873,0.0431235431235431,17.5757575757576,23.9459459459459,23.9459459459459
RDU,5.66055415305032,18.1357728609005,1284.29996905462,1395.38665480427,8.16017329413585,0.273781525607303,127.156103976482,121.754595389138,95.4586492341018,10.1475798456963,1.21723201586139,16.5507952243438,0.0750829705616137,17.0843067109176,27.079185520362,27.0158371040724
RFD,2.39897134459956,10.9625275532697,1463.45334313005,1697.8670095518,6.6069066862601,-0.246142542248347,175.127847171198,172.48273328435,154.91329904482,10.2767527675277,2.35424354243542,10.9963099630996,0.180811808118081,19.7084870848708,8.0,8.0
RHI,-1.61543810848401,18.9721835883171,1148.54867872044,1217.74200278164,5.58623087621697,-10.8449235048679,75.470792767733,66.2413073713491,41.682892906815,8.77205882352941,4.14705882352941,10.625,0.00735294117647059,21.4779411764706,20.0,20.0
RIC,4.45705504434282,17.3432954587512,1250.06946963248,1357.97139050298,9.40014434286983,-0.550594026425848,111.01349050668,106.015877715682,79.2724379140605,8.92043937994046,1.09116107175855,18.2858022790268,0.0437326763165999,18.3270711425932,30.2077922077922,30.2077922077922
RKS,-2.13857677902622,16.0292134831461,1114.63670411985,1183.8456928839,10.4966292134831,-4.97153558052434,74.2082397003745,71.3752808988764,44.8494382022472,2.35374149659864,0.421768707482993,19.8775510204082,0.217687074829932,17.1972789115646,,
RNO,3.00462375339982,14.00546237534,1254.50113327289,1391.55308250227,7.73621940163191,-1.4691523118767,105.81323662738,101.348028105168,79.6063463281958,7.26296930986135,0.741860102819754,13.6116217479358,0.0613802773017604,19.7339149400218,20.8666666666667,20.8666666666667
ROA,4.39667545401289,18.4584065612185,1203.74033391916,1285.46140890451,9.73564733450498,-0.543497363796134,89.7505858230814,84.8155389572349,56.6214850615114,11.1834561834562,1.50532350532351,12.5704340704341,0.0257985257985258,20.995085995086,30.4363636363636,30.4363636363636
ROC,3.34859818420602,15.6731964642144,1221.24761904762,1319.31020815512,9.49643570002852,-1.79575135443399,99.9171086398631,94.7788423153693,69.6092101511263,7.43298438304445,0.956238201475888,18.0564613008409,0.0212802471254505,20.1151535953321,27.2135922330097,27.2135922330097
ROP,-7.99337748344371,8.15894039735099,1383.77483443709,1416.02649006623,5.13907284768212,-6.71523178807947,35.0,36.2781456953642,22.9801324503311,9.66666666666667,0.0,4.83333333333333,0.0,11.5,,
ROW,-1.81620175773787,13.7340466182652,1178.96025983951,1345.80664883454,11.5651509361865,-5.6045089797478,97.2713030187237,93.4829957967138,68.1837982422621,9.94158075601375,4.36426116838488,8.74570446735395,0.00687285223367698,22.4020618556701,28.4,28.4
RST,2.63310185185185,18.5331790123457,1216.95576131687,1310.41525205761,11.5250771604938,-0.404320987654321,82.5145318930041,79.4771090534979,49.4188528806584,6.55603140613847,1.6802284082798,15.3169164882227,0.0256959314775161,21.6117059243398,36.1,36.1
RSW,3.75732924501736,12.8417232424991,1355.66303225605,1498.31929105528,8.29721865907456,-2.312408096862,161.630181772675,155.560679535713,134.421737634139,8.46846656823455,1.32408774520143,15.2295929128876,0.0247838008858891,19.7952963509808,22.6827586206897,22.6827586206897
SAF,-0.0954027664768104,17.4947111472742,1273.6574450773,1416.31448331977,11.5296989422295,-2.2473555736371,95.8106183889341,93.6586655817738,64.6342554922701,9.828125,1.88020833333333,13.8359375,0.01953125,24.53515625,27.3333333333333,27.3333333333333
SAN,4.63900983499013,17.0040154693444,1347.60134166407,1494.22015776192,7.36758738539512,-0.91434194446061,156.536099545548,150.981636766674,126.610033911935,9.01112996267391,0.393009840515779,12.7648456057007,0.114862572107228,18.6960637936885,21.0507131537242,21.0507131537242
SAT,3.73405777437896,12.2123970203739,1250.23906072715,1406.32149375956,8.35979971387697,-2.2861600315722,137.940234818213,131.921513492181,111.34931675793,9.7505376344086,0.737455197132617,11.2147849462366,0.0383512544802867,19.5279569892473,19.3791666666667,19.3
SAV,4.05427655758431,15.3653501688445,1266.90544707091,1380.88169138159,9.28183820290706,-0.957157539274703,109.48368815152,104.477492291881,79.8303039201292,8.42409272278168,1.91183735512065,16.0860725821775,0.0214706441193236,20.5863575907277,27.7912087912088,27.5494505494506
SBA,1.07774836282569,15.5570572662672,1235.81510380382,1401.79552737913,9.59746412149923,-2.93277135293298,106.155636059635,102.145116343876,76.9905949561098,5.20087548638132,0.676070038910506,16.9041828793774,0.0111867704280156,24.5661478599222,26.7,26.7
SBN,4.00281425891182,17.5303751803752,1155.63845598846,1223.32186147186,10.4603896103896,-3.24220779220779,105.754112554113,98.5096681096681,70.5189033189033,14.6910062333037,1.94612644701692,12.2528940338379,0.0552092609082814,16.4474621549421,28.6081081081081,28.6081081081081
SBP,2.67923207679232,16.3904609539046,1203.43795620438,1345.47615238476,10.4411558844116,-0.191880811918808,99.5101489851015,96.6390360963904,69.8074192580742,6.96073903002309,0.995381062355658,17.2933025404157,0.058891454965358,22.580831408776,30.8409090909091,30.8409090909091
SBY,1.33234421364985,13.7898570272458,1078.909360669,1154.39897491233,9.40140275155112,-3.69867817642298,74.3620178041543,69.3309954140815,46.1397356352846,14.2859813084112,1.85046728971963,13.0785046728972,0.0766355140186916,18.8691588785047,25.1333333333333,25.1333333333333
SCC,-9.38750661725781,8.06564319745897,1389.01270513499,1468.4806776072,4.16675489677078,-9.59290629962943,62.4722075172049,62.2668078348332,50.0344097406035,3.87596899224806,2.64341085271318,6.43410852713178,0.24031007751938,26.0077519379845,13.25,13.25
SCE,-0.0102052516913198,15.0210984978787,1174.50189198486,1235.93773649811,9.36750372663685,-6.15101479188167,85.6586400642128,79.5178305240225,55.1292282995069,7.89559543230016,2.24877650897227,14.2944535073409,0.0,24.1435562805873,39.8636363636364,39.8636363636364
SCK,10.9010538641686,9.59250585480094,1581.58840749415,1672.88056206089,7.39929742388759,8.55035128805621,79.0772833723653,76.7265807962529,59.7347775175644,7.90702479338843,1.15702479338843,6.06611570247934,0.466942148760331,24.1446280991736,31.0,31.0
SDF,4.01926689927533,15.6816508837174,1253.57719587471,1344.81486025381,9.7451405129778,-0.292930261089599,116.900969980447,112.593221638615,87.16643024192,9.84205755721731,1.07296623612055,15.9355313845457,0.039768864717879,17.3372988896442,27.0824175824176,26.8901098901099
SEA,4.27381518894248,19.5870627933638,1365.55913510415,1470.05612861535,6.810135001771,-1.00263081049512,169.834961930306,164.517304406134,138.120314616585,11.7416625996421,0.871888726207906,12.3177322271027,0.0685374979664877,14.0905645030096,20.402635431918,20.3933626159102
SFB,4.17091019972557,13.9315952635056,1201.94699395233,1363.35005336179,6.78584133760228,1.51806677847233,138.887279564974,136.234436143721,115.516999542613,16.2830733679954,3.58665511265165,7.66146735990757,0.144136337377239,14.3396880415945,19.4188034188034,19.4188034188034
SFO,6.57135101347286,21.9885931112604,1353.85450714435,1470.57924515567,7.70421911086721,1.03124202148733,182.81137108631,177.271438171846,147.578625949718,11.4280874156644,0.300909357582869,12.7259166911118,0.0684658257553535,19.8295834555588,24.5236220472441,24.4698162729659
SGF,4.24827445165908,16.7609394945111,1194.9330099566,1338.86193515445,12.3167730405923,2.02951238192494,113.575797804442,111.367628286954,82.2899157518509,9.26854838709677,2.52876344086022,15.4927419354839,0.0723118279569892,17.8940860215054,28.0537634408602,27.9032258064516
SGU,-0.651968503937008,16.6503937007874,1134.84724409449,1204.9154855643,7.34365704286964,-2.54523184601925,80.9179352580927,79.0246719160105,55.0306211723535,10.2735849056604,0.485849056603774,11.7798742138365,0.0220125786163522,17.0172955974843,36.6363636363636,36.6363636363636
SHD,0.495176848874598,15.2403536977492,1138.69292604502,1177.22186495177,8.71221864951768,-3.7387459807074,70.7829581993569,66.5490353697749,42.596463022508,15.4370860927152,2.18543046357616,9.25165562913907,0.112582781456954,22.635761589404,34.0,34.0
SHV,2.85625574977001,14.1241770019905,1245.58819476344,1390.06193538509,11.7136732506507,-0.007502679528403,95.9242076251723,93.0646149134895,67.2267646608483,7.43677649154052,1.55031166518255,11.5213713268032,0.0489759572573464,21.1108637577916,26.775,26.775
SIT,-5.9523260284506,11.3141099577086,1216.47135717032,1318.60745866974,5.3521722414456,-6.49365628604383,65.7335640138408,65.1922337562476,48.5259515570934,6.84745762711864,2.69491525423729,6.77966101694915,1.1864406779661,23.4364406779661,15.25,15.25
SJC,3.70112388817811,13.6877628726183,1341.42292517372,1488.34302722,7.02877521470325,-0.495292233909706,128.700388419432,124.503390051253,103.786851963931,10.7266306605733,0.358537598670544,9.91005400914001,0.11882010801828,18.8599397590361,19.7290502793296,19.7262569832402
SJT,0.410579345088161,11.9137279596977,1231.65585642317,1301.26385390428,10.5204659949622,-3.80006297229219,68.8976700251889,64.6870277078086,42.2528337531486,8.07462686567164,5.0,7.00746268656716,0.0497512437810945,23.0995024875622,28.0,28.0
SJU,5.86900724917254,13.7537311917477,1259.49241578167,1444.17495481958,9.11139764858773,-0.272808495948992,211.132576603651,204.990760858529,182.125632018194,11.332665776591,0.153649310191366,8.12105028927459,0.120493991989319,23.7263017356475,18.8076923076923,18.6098901098901
SLC,3.07260634435151,18.0656434484703,1419.39151124743,1517.58961204282,6.81065194918367,-3.64207724969884,134.314594742373,127.59421268016,102.717917282506,12.4054183978299,1.76966658654672,12.7679153933317,0.0349551900559695,14.7247879682725,24.2801678908709,24.2287513116474
SLN,0.918956043956044,17.084478021978,1220.38461538462,1297.23008241758,9.24931318681319,1.2135989010989,68.6813186813187,68.9759615384615,42.6421703296703,5.18045112781955,0.766917293233083,18.4022556390977,0.0112781954887218,26.3646616541353,45.5,45.5
SMF,3.66208793762024,12.6924042045,1290.1534215002,1429.10379278618,6.94229500274166,-1.05087407875538,122.767339845166,118.041199267651,98.4065000604095,8.94461938663746,0.436473165388828,10.3828039430449,0.0475082146768894,20.4677573932092,19.6240601503759,19.5751879699248
SMX,4.24,6.79714285714286,1379.99428571429,1467.74857142857,6.17428571428571,4.11428571428571,66.4514285714286,66.3257142857143,53.3542857142857,10.4426229508197,1.29508196721311,9.52459016393443,0.0,24.9180327868852,,
SNA,3.57818932413889,13.8589351814481,1316.00558124517,1534.11194778538,7.68254938364142,-1.58633056192991,133.328532386213,128.160633771146,106.619149206056,7.44029850746269,0.965310808594391,13.5572412661965,0.0350172215843858,19.1381827128096,20.8831615120275,20.8831615120275
SPI,1.5687274909964,14.2142857142857,1108.29021608643,1227.62304921969,12.4279711884754,-1.18487394957983,97.5222088835534,94.7686074429772,68.1263505402161,7.11743772241993,1.98932384341637,16.4804270462633,0.193950177935943,18.9661921708185,30.4444444444444,30.4444444444444
SPN,-4.42177808407994,9.28187456926258,1189.66712611992,1235.77119228119,4.0868366643694,-5.31082012405238,45.3101309441764,44.421088904204,31.052377670572,8.73484848484848,0.5,5.65909090909091,0.0,18.8106060606061,,
SPS,0.756209751609936,14.951241950322,1123.11637534499,1167.26126954922,10.8560257589696,-4.04783808647654,57.0009199632015,52.196872125115,26.3896044158234,6.93090909090909,2.95636363636364,11.2581818181818,0.0,20.5018181818182,33.0,33.0
SRQ,2.71631604868782,13.555539922617,1294.81948645797,1456.0884277172,10.3857193105874,-0.114808301090397,132.409708054872,129.580232149138,105.638972915934,7.26481481481482,0.795833333333333,17.1587962962963,0.0171296296296296,19.5402777777778,17.8285714285714,17.4285714285714
STC,6.13358778625954,11.2175572519084,1635.49236641221,1813.22519083969,6.0,-1.13740458015267,197.259541984733,189.988549618321,172.770992366412,6.65957446808511,2.93617021276596,8.25531914893617,2.04255319148936,22.1063829787234,,
STL,6.77410610379022,12.5663173590112,1318.54140828584,1475.68607600229,7.78500160254177,1.24832429871379,129.210434637198,123.686675213556,103.335356252003,11.5853825917877,1.18239353387472,12.0292424415723,0.0539860459796409,16.9495977734569,22.0222222222222,21.959595959596
STS,2.03767035227565,13.2855489843147,1303.19966572384,1441.57174080741,9.12188223193623,-1.19349447158653,102.362432501929,99.1312676780663,76.7238364618154,6.97390572390572,0.392255892255892,10.5277777777778,0.565656565656566,24.5294612794613,18.5714285714286,18.5714285714286
STT,2.04335548172757,12.852657807309,1488.68438538206,1706.15166112957,10.1142857142857,-4.97408637873754,178.375249169435,171.35780730897,148.390863787375,6.26508620689655,1.53340517241379,10.3200431034483,0.171336206896552,24.8911637931034,21.7241379310345,21.7241379310345
STX,0.889508362899138,13.4242270653827,1377.35225544856,1577.47085656361,11.7562088190573,-5.46933603649265,169.549417131272,163.19057273188,138.01013684744,10.6739130434783,0.38768115942029,9.34420289855072,0.307971014492754,21.8115942028986,16.5,16.5
SUN,1.20253164556962,13.5601265822785,1225.92405063291,1300.99651898734,8.21424050632911,-1.25316455696203,92.0177215189873,89.5620253164557,67.7876582278481,5.04356846473029,3.0746887966805,20.2178423236515,0.0933609958506224,16.6286307053942,29.3,29.3
SUX,6.22719522591645,13.8823529411765,1201.18456947997,1330.64066496164,14.9897698209719,4.9381926683717,108.5515771526,107.262574595055,78.3904518329071,7.78330373001776,3.79573712255773,14.335701598579,0.22202486678508,19.5008880994671,17.5,17.5
SWF,4.36203560371517,15.5998452012384,1506.74322755418,1618.81598297214,8.63177244582043,1.25328947368421,120.992066563467,117.883320433437,93.6517027863777,7.03130755064457,1.1316758747698,12.5156537753223,0.0248618784530387,26.9300184162063,26.4166666666667,26.4166666666667
SWO,-1.08745247148289,13.0063371356147,1136.10899873257,1209.14892268695,10.2053231939163,-4.55703422053232,69.936628643853,66.4670468948035,43.2553865652725,10.0454545454545,3.43181818181818,10.6647727272727,0.0,20.7727272727273,23.0,23.0
SYR,2.37190973184323,17.7891984991081,1234.81454142831,1340.05022451867,9.83622439564495,-3.28652272867073,110.726025712001,105.07000061512,77.4445777203666,6.65786558345643,1.03138847858198,18.5031388478582,0.012370753323486,20.225258493353,32.7064220183486,32.7064220183486
TLH,1.6628242074928,13.3955555555556,1257.41300411523,1350.270781893,10.3097119341564,-1.26460905349794,91.2494650205761,88.3227160493827,64.6174485596708,10.1275773195876,1.64948453608247,10.5740979381443,0.0199742268041237,21.6018041237113,23.2083333333333,23.2083333333333
TOL,1.90531941969967,11.8992109951642,1160.71672181217,1226.21379485874,11.9778569610588,-2.70603206922881,98.9587681343853,94.3474166454569,70.4703486892339,10.1354723707665,2.24420677361854,11.7058823529412,0.0142602495543672,21.0534759358289,25.8888888888889,25.8888888888889
TPA,5.48724996915315,13.4171476358252,1330.854708471,1455.04267715888,7.91965644407277,0.175239570623638,151.266694542314,145.955540627613,124.618736547715,9.51665958351041,2.9435189120272,12.4389715257119,0.0433914152146196,19.1367190820229,19.9141630901288,19.9077253218884
TRI,1.97704753543208,16.1311475409836,1221.25841571768,1285.93517707421,12.3480165185834,-3.10261544237267,75.9861093730447,70.9108997622325,42.4317357026655,7.80507706255666,2.39256572982774,9.75521305530372,0.0181323662737987,24.2048957388939,28.8666666666667,28.8666666666667
TTN,8.45239953179867,15.1605540382364,1254.80998829497,1415.07218103785,10.6562621927429,3.14280140460398,147.166991806477,141.857393679282,116.040577448303,11.9351481184948,1.0888710968775,15.1977582065653,0.0,20.226581265012,25.7,25.7
TUL,2.7806630312473,14.8631931221511,1236.36088511915,1355.72145288789,9.45095493624142,-0.775229357798165,109.024262881542,105.468611159195,81.154463100802,8.10987703292344,1.45378817929393,12.7237207457358,0.0345101150337168,20.574176913923,21.965811965812,21.8461538461538
TUS,2.36756915832843,14.3458719032586,1133.60543635293,1333.42581197496,9.45962865856921,-2.95585638610948,124.903606399486,119.580180855048,95.7746802932206,9.79104162264948,0.642721318402704,13.4760194379886,0.0513416437777308,18.2807944221424,22.3311688311688,22.0324675324675
TVC,2.78924403855911,16.4580423119749,1281.78793400142,1300.99007996761,11.3096467253771,-1.54863852616662,83.5383135944934,79.2301852414212,51.4624962040692,6.48152709359606,1.48830049261084,14.4322660098522,0.0467980295566502,24.6545566502463,27.5,27.5
TWF,-0.410414104141041,13.3111931119311,1233.69208692087,1297.59532595326,5.87740877408774,-6.07831078310783,62.9294792947929,57.2615826158262,38.0729807298073,6.85245901639344,5.47540983606557,10.472131147541,0.180327868852459,19.5311475409836,44.0,44.0
TXK,0.00817204301075269,13.6344086021505,1170.66494623656,1237.48516129032,13.4408602150538,-5.16172043010753,70.4374193548387,65.2675268817204,38.1922580645161,6.14827586206897,2.18275862068965,11.1862068965517,0.0,22.3758620689655,45.5,45.5
TYR,1.90248226950355,14.436170212766,1240.37234042553,1287.93687943262,12.8570921985816,-3.51099290780142,63.4202127659574,58.0067375886525,30.713475177305,5.65025906735751,2.35233160621762,10.1683937823834,0.204663212435233,25.4041450777202,29.6153846153846,29.6153846153846
TYS,2.35348102959277,16.0957600384965,1212.1238838689,1303.30508474576,10.3252152061167,-1.73063144950008,108.455916163182,104.3738170347,77.9528417900871,10.2796052631579,1.95966066481994,13.8666897506925,0.0278739612188366,19.7887811634349,28.1349693251534,28.1349693251534
UIN,0.306558585114223,14.8061901252763,1399.66985998526,1446.52689756817,13.7789240972734,-1.92704495210022,73.0184229918939,70.7848194546794,42.1997052321297,7.71848739495798,1.41596638655462,12.3949579831933,0.0,28.1680672268908,75.0,75.0
USA,5.00540540540541,12.1279279279279,1549.1481981982,1643.91936936937,8.16306306306306,5.31441441441441,103.068468468468,103.377477477477,83.0864864864865,6.01967799642218,1.82826475849732,10.6762075134168,0.171735241502683,24.2271914132379,19.7142857142857,19.7142857142857
VEL,-0.859106529209622,15.7227949599084,1442.77892325315,1515.78808705613,14.4936998854525,-4.49484536082474,79.553264604811,75.9175257731959,45.701030927835,0.904,5.576,11.256,0.144,33.144,19.0,19.0
VLD,0.48432760364004,14.6880964339528,1145.09693621296,1222.41788046208,8.11501757910598,-4.54997488699146,74.8186840783526,69.7875439477649,46.9844299347062,4.79601990049751,3.16915422885572,10.2786069651741,0.0,21.5771144278607,24.5,24.5
VPS,2.10812849688816,15.3295404538882,1242.48167473439,1428.02376312315,10.5089583202364,-1.15238574212611,106.369271389954,103.10875715094,77.2702583768152,7.8193079880393,2.15805211448099,12.0209312259718,0.0854335753951303,20.9077317385733,30.3658536585366,30.0975609756098
WRG,-7.0,8.10586552217453,1333.93991416309,1359.2539341917,4.10515021459227,-4.5758226037196,26.6602288984263,29.0844062947067,16.8733905579399,2.46103896103896,1.90909090909091,8.42207792207792,0.0,28.5714285714286,,
WYS,-2.80606060606061,12.6363636363636,1322.70505050505,1409.54343434343,6.30909090909091,-4.1010101010101,68.4525252525252,67.1575757575758,48.2121212121212,2.52777777777778,1.22222222222222,6.08333333333333,0.0,28.0833333333333,,
XNA,2.94399599971427,15.8579997857678,1233.96472310494,1400.36330203163,11.6497304245367,-0.37504909486914,122.279572963902,118.961473917235,91.4537437069304,7.04352487135506,2.24742710120069,17.071397941681,0.0248713550600343,19.2817324185249,24.5913978494624,24.4516129032258
XWA,6.70054945054945,27.2005494505494,1184.02747252747,1262.89835164835,8.5467032967033,-0.00824175824175824,126.217032967033,119.508241758242,83.760989010989,11.7972972972973,2.39189189189189,12.1216216216216,1.22972972972973,17.1891891891892,31.0,31.0
YAK,-9.39928057553957,9.7410071942446,1501.59208633094,1563.55683453237,3.95323741007194,-7.73165467625899,48.178417266187,49.8460431654676,36.1517985611511,3.96644295302013,2.70469798657718,6.43624161073826,0.181208053691275,25.751677852349,10.0,10.0
YKM,3.63216494845361,7.43463917525773,1195.47257731959,1240.75010309278,6.86680412371134,3.35752577319588,44.1175257731959,43.8428865979381,29.5414432989691,2.13566739606127,1.35667396061269,18.8052516411379,0.0175054704595186,14.7002188183807,14.5,14.5
YNG,15.0,12.0,1829.0,2032.0,6.0,9.0,147.0,141.0,123.0,,,,,,,
YUM,-1.92784143697739,14.1306906162899,1197.54413131,1285.39640755652,9.71724992257665,-5.13471663053577,68.4344998451533,65.2276246515949,41.3796841127284,7.41843971631206,0.875886524822695,11.3333333333333,0.0815602836879433,20.8687943262411,32.5,32.5
