dest_airport_id,avg_arr_delay,avg_taxi_in,avg_taxi_out,avg_wheels_off,avg_wheels_on,avg_late_aircraft_delay,avg_carrier_delay,avg_weather_delay,avg_nas_delay,avg_dep_delay
10135,6.52429667519182,4.89514066496164,21.4104859335038,1581.95780051151,1682.02046035806,26.8197674418605,21.1918604651163,6.40116279069767,9.59883720930233,11.3235294117647
10136,5.25149700598802,3.73432835820896,16.5820895522388,1660.65671641791,1709.43582089552,24.6603773584906,14.6415094339623,7.22641509433962,7.05660377358491,4.72835820895522
10140,-0.0325066217192391,5.09049338146811,16.1759326113117,1480.25824308063,1561.76967509025,26.3576158940397,19.9370860927152,1.78476821192053,5.82284768211921,6.59037304452467
10141,-1.06666666666667,4.56666666666667,25.6333333333333,1625.74166666667,1666.25833333333,14.2307692307692,59.3846153846154,43.7692307692308,8.15384615384615,11.0165289256198
10146,1.39506172839506,3.50920245398773,18.9509202453988,1609.49079754601,1668.9018404908,22.9,16.65,15.6,6.8,4.46296296296296
10155,0.721973094170404,3.74887892376682,18.0446428571429,1535.875,1557.19730941704,16.0833333333333,13.6388888888889,1.22222222222222,5.58333333333333,2.66517857142857
10157,16.6201923076923,5.31578947368421,25.5190476190476,1609.59523809524,1642.44019138756,43.4791666666667,56.875,1.4375,8.83333333333333,22.1380952380952
10158,0.897133220910624,5.35016835016835,13.0151515151515,1528.29966329966,1656.34848484848,22.3661971830986,14.112676056338,1.07042253521127,42.5070422535211,5.51515151515152
10165,-27.7647058823529,4.64705882352941,9.64705882352941,1392.23529411765,1549.58823529412,0.0,36.0,0.0,0.0,-6.23529411764706
10170,-1.33663366336634,3.24752475247525,14.7029702970297,1157.67326732673,1225.42574257426,9.1875,26.6875,11.3125,2.4375,0.405940594059406
10185,0.526732673267327,3.79567779960707,18.9823182711198,1566.63654223969,1615.86640471513,16.8472222222222,29.2361111111111,4.06944444444444,7.91666666666667,4.63960396039604
10208,4.81713554987212,4.53885350318471,19.9770700636943,1574.23694267516,1561.29299363057,28.484375,23.828125,1.7734375,10.6015625,8.35414012738853
10257,8.6935736677116,4.52151799687011,19.9062133645955,1514.449003517,1571.89906103286,30.4652777777778,23.4809027777778,6.72222222222222,9.91493055555556,14.03671875
10268,10.0,4.41747572815534,19.9417475728155,1669.05825242718,1744.72815533981,19.1379310344828,5.72413793103448,10.9310344827586,11.1379310344828,8.52427184466019
10275,3.72027972027972,3.43356643356643,15.0275862068966,1622.82068965517,1693.60839160839,10.1333333333333,13.6,5.13333333333333,5.8,4.06896551724138
10279,2.65652173913043,4.15584415584416,16.297619047619,1489.51082251082,1596.40692640693,22.968152866242,20.6496815286624,1.26751592356688,8.96815286624204,6.44264069264069
10299,-7.19477264590047,4.4401144082946,14.626876340243,1439.32201572552,1427.37146943153,28.5656934306569,16.7554744525547,3.16058394160584,8.01094890510949,0.131165117941387
10333,13.6236559139785,5.90526315789474,22.5051546391753,1604.59793814433,1649.70526315789,135.133333333333,27.4,5.53333333333333,5.0,20.1030927835052
10361,3.29545454545455,4.68131868131868,20.9891304347826,1510.88043478261,1609.69230769231,13.6470588235294,21.5882352941176,18.5294117647059,4.64705882352941,10.804347826087
10372,15.5732484076433,5.09559244419004,23.7199552822806,1334.46953605366,1480.03720663995,30.1632231404959,32.5371900826446,7.8801652892562,20.4566115702479,21.1457286432161
10397,1.03494659105895,8.58144054815278,17.7312152057186,1242.99782587212,1410.22578360483,26.6501875213092,23.5322195704057,7.01227412205932,18.1293328787362,8.48145157303186
10408,11.4328824141519,5.43433298862461,23.0641158221303,1537.84591520165,1600.34850051706,27.3360655737705,31.6803278688525,10.2745901639344,13.9426229508197,16.5338189386056
10423,-1.08095936321743,6.22034962838899,16.4490265857233,1407.88821436048,1558.57877106668,21.835734870317,21.4012968299712,3.59365994236311,9.12463976945245,6.98136906007955
10431,12.7876588021779,4.96939693969397,19.6681614349776,1527.07623318386,1600.23762376238,28.4054054054054,29.996138996139,11.4787644787645,8.12355212355212,15.9094170403587
10434,4.72463768115942,4.47174770039422,22.0998685939553,1621.54533508541,1714.14848883049,24.769696969697,22.3878787878788,2.5030303030303,7.63030303030303,9.56373193166886
10466,10.4483146067416,5.7752808988764,14.1955056179775,1501.30224719101,1652.58202247191,28.3015873015873,17.2142857142857,2.97222222222222,11.2896825396825,14.5797752808989
10469,12.5996409335727,4.25044722719141,24.9893048128342,1579.38680926916,1557.43112701252,21.0481927710843,32.5542168674699,3.75903614457831,12.9036144578313,17.3327402135231
10529,4.46523037542662,5.48274392841926,17.4890355546093,1464.57547370662,1544.34448231785,23.7389791183295,27.2552204176334,6.91763341067285,8.30742459396752,10.5037273695421
10551,-7.31617647058824,3.41605839416058,13.1897810218978,1338.70072992701,1442.02919708029,18.1,35.4,17.0,6.7,-1.09489051094891
10558,1.33928571428571,4.26785714285714,18.1052631578947,1829.64912280702,1865.42857142857,26.0,20.7,0.0,6.7,4.35087719298246
10561,7.48703170028818,4.39769452449568,21.6397694524496,1703.57636887608,1757.36599423631,29.7647058823529,44.5441176470588,0.0,3.82352941176471,12.864553314121
10577,3.65740740740741,4.11009174311927,25.0720720720721,1838.17117117117,1865.5504587156,21.4583333333333,39.5416666666667,4.66666666666667,6.58333333333333,22.9189189189189
10581,3.96018376722818,5.11179173047473,24.3975535168196,1510.07645259939,1590.46860643185,32.0135135135135,16.1351351351351,2.78378378378378,9.22297297297297,9.54377880184332
10590,-5.29032258064516,3.58064516129032,24.6774193548387,1131.12903225806,1189.93548387097,11.0,10.0,0.0,3.2,0.483870967741935
10599,4.36957928802589,3.59366925064599,18.5810723514212,1518.68023255814,1588.19476744186,25.9965217391304,21.7426086956522,5.36,8.30434782608696,9.73296738779464
10620,-2.69164619164619,3.80712530712531,18.9093137254902,1511.57334963325,1494.65808823529,15.135593220339,21.2542372881356,4.10169491525424,9.92372881355932,4.33210784313725
10627,10.8271092669433,4.27486187845304,21.9366391184573,1473.69283746556,1605.63259668508,24.6,28.2108108108108,12.3567567567568,10.9081081081081,15.668044077135
10631,7.75206611570248,4.90082644628099,24.5537190082645,1634.11570247934,1663.71900826446,31.6315789473684,25.4736842105263,69.3157894736842,9.63157894736842,18.504132231405
10666,2.8280701754386,5.01754385964912,14.9859894921191,1581.90893169877,1537.15263157895,24.0853658536585,29.0365853658537,1.20731707317073,14.0853658536585,5.57092819614711
10676,3.49612403100775,5.86923076923077,13.0692307692308,1121.13076923077,1315.43076923077,14.0344827586207,15.0689655172414,4.55172413793103,7.51724137931035,4.82307692307692
10685,10.5056689342404,4.52783964365256,20.7795100222717,1515.55011135857,1590.77951002227,24.7173913043478,26.4891304347826,20.9021739130435,11.8152173913043,13.2165178571429
10693,2.15655877342419,6.27936670071502,17.6590909090909,1390.54315628192,1492.51659856997,25.9736713798147,19.3252072159922,4.33203315455875,8.79619697708435,9.10776302349336
10713,0.519829317269076,3.86004006009014,17.8535302954432,1488.27290936405,1590.81472208312,23.7243816254417,25.6713780918728,4.54063604240283,6.40812720848057,5.93590385578368
10721,12.7536867649804,8.15739187173751,18.8207947081567,1392.89122839707,1456.82564317673,32.2192293303404,19.5390946502058,4.83295922184811,27.2564534231201,16.9163910755042
10728,1.78014184397163,3.78723404255319,21.5460992907801,1556.18439716312,1644.4609929078,22.6,10.92,2.48,13.2,2.68794326241135
10731,4.25949367088608,3.74534161490683,20.3416149068323,1528.26086956522,1586.9751552795,25.2380952380952,19.4761904761905,39.6190476190476,5.38095238095238,10.0125
10732,12.4285714285714,6.94897959183673,16.2585034013605,1221.33333333333,507.591836734694,29.0652173913043,17.2173913043478,0.532608695652174,7.93478260869565,18.2925170068027
10739,27.82,4.63,21.44,1793.1,1816.29,6.68421052631579,79.4210526315789,142.368421052632,3.78947368421053,43.04
10747,5.42241379310345,4.74358974358974,19.7663817663818,1545.27065527066,1592.76353276353,20.8039215686275,52.5294117647059,2.82352941176471,8.07843137254902,8.02849002849003
10754,-9.65833333333333,3.94166666666667,8.08196721311475,1377.89344262295,1436.54166666667,40.0909090909091,3.36363636363636,3.54545454545455,2.90909090909091,-10.1147540983607
10779,-9.89655172413793,3.82758620689655,21.1034482758621,1651.63793103448,1746.18103448276,24.0,0.0,136.4,36.8,2.08620689655172
10781,2.5034188034188,4.31399317406143,19.2244027303754,1526.38225255973,1586.65273037543,21.5923913043478,36.6141304347826,3.72282608695652,6.16847826086957,8.11092150170649
10785,10.81038647343,6.32752403846154,22.953125,1553.92007211538,1610.01081730769,32.7055837563452,22.5583756345178,6.97208121827411,13.6903553299492,13.8208057726999
10792,7.58581179912238,5.4720602526725,20.1670713938805,1477.22340942205,1478.17954324587,28.0118025751073,23.81330472103,5.46137339055794,10.8079399141631,13.0065581734273
10800,0.932207060862032,3.08597969323828,14.4361908874973,1396.98963506802,1486.37589112119,25.9805680119581,16.5979073243647,1.52167414050822,5.32735426008969,5.7919723780751
10821,-0.603127561636925,5.26723377441714,14.9181474480151,1338.2322621298,1459.55803402647,21.8794743996375,19.6343452650657,3.0688717716357,9.81558676937019,6.85500945179584
10849,-0.869029275808937,5.43908045977012,20.4597701149425,1414.69272030651,1479.03141762452,16.7110091743119,18.1926605504587,2.94954128440367,11.3899082568807,6.26743295019157
10868,7.002895193978,4.43956043956044,20.6564488143436,1585.32504337768,1597.79063042221,26.9269005847953,31.7543859649123,3.67543859649123,8.45029239766082,11.187969924812
10874,13.3494623655914,6.23330775134305,20.8312883435583,1630.94095092025,1711.26707597851,37.1661971830986,20.8450704225352,2.79718309859155,11.2225352112676,16.7699386503067
10918,3.2,3.33018867924528,22.9905660377358,1283.30188679245,1340.51886792453,8.76470588235294,8.23529411764706,1.35294117647059,20.8235294117647,0.452830188679245
10926,-5.93805309734513,3.73451327433628,12.8684210526316,1362.55263157895,1419.42477876106,11.5,17.25,2.0,12.0,-5.91228070175439
10967,10.7589285714286,4.78761061946903,21.2389380530973,1498.29203539823,1523.63716814159,36.96875,18.78125,8.6875,9.34375,12.3185840707965
10980,9.15533333333333,5.18321119253831,20.9726848767488,1538.00799467022,1554.3964023984,29.2054380664653,28.6586102719033,5.16012084592145,9.41389728096677,12.8511348464619
10990,10.9470142977292,4.0066889632107,22.8133333333333,1567.72583333333,1652.04682274247,34.4418604651163,33.593023255814,9.67441860465116,10.1085271317829,15.7740863787375
10994,3.93385684083359,6.02352941176471,19.875791377751,1444.8001205909,1536.4,25.1722488038278,24.7240829346092,2.45773524720893,9.72089314194577,9.28911667169129
11003,6.76221928665786,6.56756756756757,22.3895847066579,1506.21357943309,1594.96374423204,24.5692307692308,18.72,14.6061538461538,11.9907692307692,11.5257595772787
11013,14.0272727272727,5.17699115044248,26.2280701754386,1760.52631578947,1794.80530973451,27.75,22.125,28.5625,17.25,24.359649122807
11027,15.464,4.09523809523809,24.0,1513.02380952381,1637.50793650794,40.5925925925926,70.1481481481482,1.22222222222222,9.07407407407407,20.3174603174603
11042,6.06209987195903,7.93870514621377,19.8888179729385,1469.88588205259,1542.07700166007,30.8649657747355,20.6701929060361,5.71064094586185,11.1300560049782,11.1356841701801
11049,-2.4578313253012,4.48816568047337,18.3970588235294,1594.17058823529,1646.63905325444,25.3157894736842,18.0789473684211,0.578947368421053,4.86842105263158,1.39411764705882
11057,1.19219257629633,11.7696418070718,17.5487779936599,1241.72113713059,1382.42809296142,27.4791596069129,20.4498475093189,3.72009488309048,9.67485598102338,6.56841594028783
11066,6.02053756030324,6.6619001787433,19.5775364311246,1481.6077811383,1585.32627526468,27.8893229166667,19.55078125,5.81184895833333,10.4205729166667,11.0749759251616
11067,16.8616780045351,4.9546485260771,21.9660633484163,1627.907239819,1686.00680272109,35.7462686567164,21.3582089552239,7.88059701492537,10.0970149253731,19.7058823529412
11076,14.3018867924528,5.11320754716981,27.7663551401869,1573.84112149533,1483.12264150943,25.3333333333333,12.1,15.3,17.7666666666667,12.0934579439252
11092,0.409090909090909,3.84782608695652,21.3673469387755,1307.79591836735,1398.58695652174,17.0,9.9,16.6,12.9,4.0
11097,-4.90756302521008,3.825,20.4710743801653,1653.02479338843,1734.55,25.0,19.0714285714286,0.0,12.7142857142857,0.0743801652892562
11109,8.3537170263789,6.89646918013166,21.5047846889952,1557.71232057416,1645.8013165769,35.5965417867435,32.1152737752161,4.17867435158501,8.60518731988473,14.8063359234907
11111,14.3792207792208,3.95348837209302,22.7751937984496,1673.72609819121,1720.24289405685,27.7596153846154,30.3365384615385,5.77884615384615,10.875,15.9276485788114
11122,14.2352941176471,3.32716049382716,21.8641975308642,1525.64814814815,1603.11111111111,88.6666666666667,42.6315789473684,1.35087719298246,10.3859649122807,19.4907407407407
11140,0.159250585480094,4.28220140515223,15.4250585480094,1523.65807962529,1592.25175644028,20.8064516129032,24.1451612903226,4.0241935483871,6.58064516129032,5.70140515222482
11146,6.53535353535354,3.70786516853933,19.2795031055901,1556.34161490683,1619.21098626717,30.0882352941176,20.1764705882353,9.50588235294118,4.82352941176471,11.9328358208955
11150,-0.673076923076923,3.48765432098765,20.4876543209877,1583.65432098765,1623.49382716049,9.95,38.3,7.6,5.6,5.80625
11193,6.19631739303219,6.05513685045617,20.0374190136189,1453.71241570805,1544.5130239323,35.4825618262524,18.6214331008244,5.2422320862397,10.9778059606848,12.3718953380263
11203,5.13485477178423,3.83884297520661,22.1074380165289,1539.23140495868,1580.85123966942,38.2178217821782,14.8118811881188,1.96039603960396,13.2574257425743,9.37344398340249
11233,20.9,3.9,22.1,1018.73333333333,1104.5,123.2,28.0,14.0,1.4,26.3
11252,2.56360078277886,3.37231968810916,18.4152046783626,1444.54970760234,1503.15789473684,11.7111111111111,14.1333333333333,6.37777777777778,10.0888888888889,4.98635477582846
11259,-2.26147969774973,4.78195239280086,12.4311660308509,1320.488223586,1505.51107240607,21.4586857514639,15.8874430709174,0.655172413793103,6.82173064411191,5.47557840616967
11267,10.1666020922123,5.4938080495356,21.4891640866873,1528.38815789474,1615.85255417957,34.2447325769854,21.3889789303079,9.2998379254457,9.25607779578606,15.0735863671572
11274,8.45859872611465,5.08860759493671,21.8987341772152,1564.87341772152,1618.90506329114,20.0408163265306,4.10204081632653,6.83673469387755,11.9183673469388,8.29746835443038
11278,6.19881793538639,6.72717622080679,18.0066769843025,1326.12248507628,1494.8394373673,32.0487026797108,17.8866439812846,3.72479795831561,15.8930242450021,10.7963912966566
11292,1.50469211048227,8.64216148287779,17.0244562590623,1275.40553407443,1389.77974334808,32.2625476735317,22.0260869565217,2.96918382913806,13.7359267734554,8.76756155909431
11298,2.55639165098988,11.8486447803918,17.5331738187348,1246.72837049129,1411.57019858664,26.341856967045,23.9340899767537,4.27334883084917,11.5851223847942,7.35782647584973
11308,13.0308370044053,4.09210526315789,21.6885964912281,1564.34649122807,1519.33333333333,33.8125,26.4375,19.5833333333333,3.47916666666667,16.8070175438597
11315,18.1274509803922,5.32038834951456,18.7692307692308,1641.36538461538,1738.80582524272,39.4736842105263,18.2368421052632,0.631578947368421,6.26315789473684,20.9134615384615
11337,5.98108108108108,5.71351351351351,22.3918918918919,1504.92702702703,1547.0972972973,25.1975308641975,21.037037037037,23.8888888888889,8.03703703703704,16.0297297297297
11413,3.44426751592357,3.98887122416534,19.8858954041204,1448.47226624406,1515.46104928458,33.3478260869565,20.8521739130435,0.982608695652174,6.01739130434783,8.34810126582278
11415,-7.23728813559322,5.13114754098361,13.9508196721311,1702.75409836066,1733.11475409836,24.3333333333333,9.0,0.0,10.3333333333333,-3.08196721311475
11423,6.1295124674358,6.04373610081542,21.2831727205337,1505.24759080801,1614.14195700519,27.3232323232323,19.7104377104377,4.34175084175084,11.2239057239057,11.0078095946448
11433,5.02655992817597,9.13640941474878,19.2347064305685,1308.84831314073,1444.32660673654,37.7802699896158,26.7979231568017,8.25586708203531,13.2755970924195,12.5214179104478
11445,28.7784431137725,2.79329608938547,9.43956043956044,1123.53005464481,1374.74444444444,15.3837209302326,13.1279069767442,4.81395348837209,19.7790697674419,14.5989010989011
11447,17.9166666666667,5.61855670103093,17.8041237113402,1785.98969072165,1684.94845360825,57.25,40.95,45.55,9.3,19.5567010309278
11468,-6.04,4.19607843137255,20.4423076923077,1781.34615384615,1937.35294117647,10.0,12.1428571428571,0.0,8.42857142857143,-0.615384615384615
11470,4.8969696969697,4.89156626506024,13.9823529411765,1668.82352941176,1519.12048192771,8.12121212121212,16.030303030303,5.42424242424242,12.8484848484848,4.23529411764706
11471,23.6826923076923,4.13333333333333,28.3809523809524,1640.6,1702.58095238095,31.75,38.7222222222222,7.05555555555556,12.0277777777778,23.9238095238095
11481,3.80684931506849,3.49521203830369,16.1340629274966,1514.3365253078,1565.35841313269,25.0472440944882,28.6062992125984,6.11023622047244,6.2992125984252,10.3242134062927
11503,11.8452250274424,7.31847826086956,20.1334056399132,1261.19956616052,1405.45652173913,20.0533980582524,43.6019417475728,6.8495145631068,16.7184466019417,14.8947939262473
11525,0.462264150943396,4.17924528301887,18.9166666666667,1782.33333333333,1745.17924528302,6.66666666666667,6.66666666666667,116.111111111111,12.3333333333333,13.3148148148148
11537,12.0,4.63421052631579,20.9425587467363,1551.82245430809,1609.10789473684,36.8686868686869,29.0909090909091,19.5151515151515,7.70707070707071,21.3890339425587
11540,2.56111878453039,3.75207182320442,16.1761049723757,1530.80317679558,1582.60324585635,25.9220272904483,22.1812865497076,2.39766081871345,6.03898635477583,8.9789364640884
11577,10.1485411140584,4.05305039787798,24.6216931216931,1669.22222222222,1744.25729442971,37.9032258064516,28.3978494623656,6.04301075268817,9.98924731182796,17.3174603174603
11587,17.1546391752577,5.29591836734694,29.9292929292929,1302.41414141414,1397.11224489796,15.6521739130435,47.9565217391304,35.1304347826087,12.0869565217391,23.8989898989899
11603,1.94081942336874,4.0590015128593,18.4304084720121,1590.16263237519,1547.35703479576,32.3601895734597,23.1895734597156,1.92417061611374,6.14691943127962,6.84720121028744
11612,6.51291512915129,4.37132352941176,23.5110294117647,1554.98529411765,1589.33700980392,27.6770186335404,22.6086956521739,10.3788819875776,11.1925465838509,10.7850122850123
11617,6.89613526570048,3.19471153846154,20.1408114558473,1521.52983293556,1577.42067307692,20.4,21.2235294117647,8.44705882352941,9.31764705882353,9.32374100719425
11618,17.6478018781684,9.6569082766628,22.0201086280526,1332.29134707077,1457.71674407033,19.4392049883087,13.3439854507664,2.97259028319044,43.3248895817095,21.4496538573146
11624,3.52594810379242,4.61530815109344,21.044731610338,1302.27534791252,1468.77534791252,16.6666666666667,25.6158192090395,3.54237288135593,11.4971751412429,6.17693836978131
11630,-7.2687898089172,3.60891719745223,15.0343949044586,1504.4025477707,1346.55668789809,9.5,21.6944444444444,1.83333333333333,9.11111111111111,-2.17579617834395
11637,6.99154929577465,7.04592314901593,21.2121495327103,1487.17102803738,1622.61574507966,22.8042553191489,24.3659574468085,5.6936170212766,12.0808510638298,11.1325863678805
11638,4.98458266879319,5.36551724137931,20.6308262711864,1526.25,1580.32944297082,28.7578347578348,28.8034188034188,3.92307692307692,7.52421652421652,9.06991525423729
11641,3.87234042553191,4.97454031117397,19.6506364922207,1545.7369165488,1586.07072135785,17.6496350364963,25.7518248175182,1.58394160583942,5.60583941605839,7.6657223796034
11648,0.617886178861789,3.9194847020934,20.3846153846154,1495.08974358974,1551.53945249597,30.5,30.2,3.76666666666667,9.83333333333333,8.38942307692308
11695,6.10144927536232,3.86538461538462,22.3317307692308,1576.41826923077,1615.74038461538,39.2592592592593,48.8888888888889,0.0,6.88888888888889,8.93269230769231
11697,5.95985293245567,6.8651033339255,17.1141706638242,1311.07283709362,1440.04731450228,24.5381626422426,21.6508465167916,2.15958923119623,15.5911740216486,11.3869477673813
11699,1.12048192771084,5.41566265060241,22.7590361445783,1606.89759036145,1639.99397590361,13.6818181818182,17.1818181818182,0.0,11.2727272727273,2.08433734939759
11721,11.5304101838755,5.03380281690141,19.4760563380282,1484.54366197183,1481.93521126761,34.8285714285714,23.7542857142857,1.93142857142857,10.9885714285714,13.8197183098592
11775,8.06006493506493,6.26294498381877,21.7330097087379,1531.66181229773,1670.15938511327,29.2167300380228,27.2243346007605,6.74524714828897,11.2737642585551,13.3899676375405
11778,1.14114114114114,3.74328358208955,18.9223880597015,1612.23880597015,1644.94328358209,26.4186046511628,23.4418604651163,6.3953488372093,4.34883720930233,3.52710843373494
11823,16.8656462585034,6.93062605752961,22.7920540997464,1577.0135249366,1710.31218274112,33.5542521994135,31.3137829912023,7.05571847507331,9.4574780058651,20.4674556213018
11865,3.11594202898551,5.46376811594203,20.7608695652174,1664.8768115942,1735.58695652174,27.0666666666667,15.7666666666667,0.966666666666667,12.5,3.76811594202899
11867,14.8991596638655,4.16806722689076,16.9916666666667,1637.28333333333,1732.0756302521,50.0,20.4,85.2,3.33333333333333,16.25
11884,-0.312150632538982,4.21886903017873,15.5696721311475,1498.99180327869,1521.58042777615,19.6460554371002,18.2110874200426,2.80383795309168,9.5501066098081,4.11530582382207
11898,-6.77917981072555,4.56739811912226,20.2978056426332,1515.0,1587.88401253919,14.9512195121951,27.219512195122,1.68292682926829,8.51219512195122,4.80696202531646
11905,2.45217391304348,4.41739130434783,21.2695652173913,1335.55652173913,1389.33913043478,17.0,6.1875,6.875,8.5625,0.608695652173913
11921,1.67397660818713,3.44169096209913,20.9533527696793,1502.79883381924,1565.80174927114,25.5913978494624,28.5268817204301,10.0322580645161,9.27956989247312,6.57434402332362
11953,6.45682451253482,3.91933240611961,20.0305980528512,1573.72878998609,1628.93184979138,19.4344827586207,25.7448275862069,2.83448275862069,8.0551724137931,8.61142061281337
11973,1.40601503759399,4.1006006006006,18.5930930930931,1582.15015015015,1622.42342342342,23.3789473684211,20.8842105263158,3.49473684210526,10.2421052631579,5.24174174174174
11977,12.0913461538462,4.48197115384615,23.3497596153846,1550.05889423077,1576.01081730769,21.1637931034483,30.5,5.76293103448276,12.1379310344828,16.4796163069544
11980,2.82840236686391,5.60355029585799,18.3668639053254,1465.81065088757,1594.98224852071,19.0,16.6071428571429,6.21428571428571,9.0,3.74556213017751
11982,1.49064449064449,4.15560165975104,18.3858921161826,1595.98132780083,1641.4377593361,20.8939393939394,20.2727272727273,4.27272727272727,8.01515151515152,4.32224532224532
11986,8.14636420136731,6.77633209417596,20.2765562093527,1456.22143078352,1576.9312267658,26.0546875,21.6106770833333,4.19010416666667,13.140625,12.1472316733684
11995,7.93716058960434,4.73258513931889,22.4558823529412,1540.79605263158,1620.85178018576,28.0152284263959,19.9103214890017,6.21827411167513,10.2961082910321,12.3176015473888
11996,5.94422776911076,4.08612626656274,19.9415432579891,1534.2295401403,1567.63406079501,26.9628942486085,26.3487940630798,5.17810760667904,7.42115027829314,12.2104442712393
12003,6.86124401913876,4.44262295081967,21.1305361305361,1483.65034965035,1623.98360655738,33.3253012048193,35.6506024096386,9.50602409638554,9.71084337349398,14.4662004662005
12007,2.2125,3.54375,19.1125,1568.2625,1545.96875,28.2592592592593,23.1111111111111,1.11111111111111,11.8888888888889,7.825
12012,20.0384615384615,3.52153110047847,21.1291866028708,1302.02392344498,1377.01435406699,35.4262295081967,25.7868852459016,17.344262295082,8.27868852459016,22.9377990430622
12016,-3.32684824902724,4.22568093385214,10.577519379845,1355.60852713178,1473.05058365759,29.9677419354839,9.35483870967742,0.419354838709677,5.64516129032258,-1.11240310077519
12094,6.91778774289985,5.50890207715134,21.7056213017751,1241.42603550296,1379.40949554896,25.0789473684211,29.2828947368421,2.75,11.25,11.7115384615385
12119,21.3684210526316,5.42105263157895,14.0526315789474,1284.31578947368,1462.42105263158,7.85714285714286,56.2857142857143,0.0,0.0,27.1578947368421
12124,3.47402597402597,6.35714285714286,22.2387096774194,1347.47096774194,1423.3961038961,19.4814814814815,11.037037037037,8.2962962962963,7.77777777777778,3.85161290322581
12129,-0.0686274509803922,3.7843137254902,23.6960784313725,1646.60784313725,1706.82352941176,5.92857142857143,19.5714285714286,140.642857142857,6.42857142857143,21.9901960784314
12156,-3.43059490084986,3.72521246458924,21.6317280453258,1617.72804532578,1743.00849858357,35.6458333333333,19.9791666666667,2.08333333333333,7.3125,6.8385269121813
12173,-2.65634146341463,7.33373919396079,12.7417508827469,1312.55046876902,1473.90673322781,19.55,24.8611111111111,2.74666666666667,5.11111111111111,3.75003043954706
12177,-2.42982456140351,4.92982456140351,19.9298245614035,1564.88596491228,1594.42105263158,24.2727272727273,28.3636363636364,15.0909090909091,6.0,3.15789473684211
12191,-0.998098457637862,5.04102077401666,13.4624064114732,1329.19835495096,1476.55994938311,20.0517358747447,14.4717494894486,1.26004084411164,11.5793056501021,6.97311261071278
12197,18.9777015437393,4.30353075170843,19.3449634214969,1498.83849184018,1636.06833712984,38.3708333333333,32.3229166666667,11.9770833333333,11.3145833333333,23.9611486486486
12206,-0.779436152570481,3.56600660066007,14.8415841584158,1472.82508250825,1561.50330033003,23.7303370786517,18.7078651685393,3.65168539325843,7.24719101123596,6.44297520661157
12217,6.07667316439246,5.26038961038961,19.4123376623377,1535.58766233766,1605.17467532468,30.3213114754098,25.6098360655738,3.88196721311475,9.05901639344262,10.5188311688312
12223,-0.237623762376238,4.11386138613861,18.8366336633663,1437.19306930693,1513.4702970297,18.9375,18.1875,5.1875,3.6875,5.14851485148515
12244,15.2785714285714,2.75177304964539,17.4755244755245,1564.85314685315,1627.8085106383,54.8709677419355,23.3870967741935,9.06451612903226,4.74193548387097,20.5104895104895
12255,11.2585034013605,4.23809523809524,19.2666666666667,1495.4,1632.31292517007,25.9032258064516,45.1935483870968,9.80645161290323,9.80645161290323,18.02
12264,3.77959153249851,5.97134563858291,18.4033638460966,1346.56917466696,1451.57025900566,36.3318405732199,26.2646663681146,3.91267353336319,11.1231527093596,9.01793688597797
12265,7.61682242990654,8.82242990654206,13.5046728971963,1606.75700934579,834.158878504673,13.7222222222222,68.6111111111111,2.72222222222222,6.11111111111111,14.2336448598131
12266,-0.831283834653856,8.64175690647225,17.6259962117151,1249.55444766091,1419.43908366391,22.6770753998477,21.6397562833206,4.40517897943641,17.0543285097741,4.90171902362317
12278,5.61011419249592,4.36304347826087,19.554347826087,1472.4152173913,1588.98206521739,32.6887608069164,25.1815561959654,3.40634005763689,7.02305475504323,11.2478260869565
12280,-3.54394299287411,4.27790973871734,22.9239904988124,1526.83135391924,1625.93111638955,17.4150943396226,21.7547169811321,1.20754716981132,10.7358490566038,3.96445497630332
12323,4.98683055311677,4.64273204903678,20.6322241681261,1492.85288966725,1566.34063047285,27.2276785714286,18.2098214285714,3.78125,8.95982142857143,8.4592462751972
12335,4.0,4.9375,23.6785714285714,1302.95535714286,1339.94642857143,23.9444444444444,32.2777777777778,48.5,5.55555555555556,19.3839285714286
12339,4.06946198534984,6.76055982852099,19.6486009579027,1454.90950340308,1582.96658681125,27.7511551155116,22.5412541254125,4.63630363036304,9.11089108910891,10.2602272727273
12343,6.14705882352941,4.68627450980392,20.6470588235294,1284.17647058824,1366.25490196078,36.6153846153846,94.1538461538462,4.30769230769231,14.3846153846154,18.7156862745098
12365,-3.78571428571429,6.05952380952381,26.1547619047619,1349.7380952381,1400.30952380952,25.8333333333333,24.5833333333333,8.25,11.9166666666667,3.29761904761905
12389,1.64423076923077,6.20833333333333,23.2147435897436,1465.71474358974,1657.59294871795,22.9365079365079,16.2698412698413,13.2698412698413,11.6507936507937,8.54807692307692
12391,6.28270412642669,5.17017543859649,14.3954505686789,1524.37357830271,1602.59298245614,38.5818181818182,22.0363636363636,0.627272727272727,10.0272727272727,13.257217847769
12397,3.53775743707094,4.79090909090909,24.108843537415,1609.91156462585,1654.62272727273,26.6593406593407,26.0879120879121,8.47252747252747,8.26373626373626,12.2925170068027
12402,-0.564532019704433,5.58210422812193,13.0589970501475,1252.8790560472,1319.60963618486,11.4383561643836,17.5616438356164,0.342465753424658,1.21917808219178,-0.741396263520157
12441,6.62395209580838,4.99647058823529,21.4072769953052,1314.76525821596,1479.09058823529,19.514450867052,21.7630057803468,15.1965317919075,17.6936416184971,12.0340375586854
12448,3.47441860465116,4.81578947368421,18.547213622291,1473.64241486068,1541.15557275542,20.5135135135135,19.1036036036036,7.5,8.11711711711712,6.75696594427245
12451,4.87560096153846,5.15996800639872,19.8582566973211,1445.02598960416,1549.47090581884,22.3529411764706,25.0628115653041,3.71784646061815,10.5124626121635,9.935548438751
12478,7.65420227920228,9.7474004565052,19.0711532609798,1331.8414139365,1419.64240426072,32.5023969319271,23.6783317353787,4.90340364333653,22.5505752636625,14.4939011994308
12492,-5.71818181818182,2.37272727272727,11.9727272727273,1127.90909090909,1169.18181818182,12.2,7.0,0.0,3.8,-5.28828828828829
12511,16.4741379310345,4.5042735042735,19.1196581196581,1637.47008547009,1695.47863247863,25.3333333333333,85.2857142857143,0.0,6.95238095238095,17.8376068376068
12519,13.8562091503268,4.55844155844156,23.7806451612903,1223.06451612903,1365.12337662338,27.36,57.12,52.44,9.32,21.8064516129032
12523,-5.46321070234114,4.20367278797997,15.3306709265176,1414.2875399361,1390.03005008347,14.2266666666667,18.6266666666667,10.2,9.25333333333333,-1.96805111821086
12544,1.41481481481481,5.63703703703704,13.562962962963,1055.26666666667,1205.62962962963,20.65,7.2,27.85,11.0,6.08888888888889
12758,-4.9473907509546,5.77646062658764,16.2870448772227,1248.2599491956,1427.633361558,18.1990291262136,19.8446601941748,1.44660194174757,8.79611650485437,1.3848433530906
12819,2.05747126436782,4.89942528735632,16.1841359773371,1334.43342776204,1396.43965517241,19.3454545454545,21.3272727272727,2.74545454545455,11.9636363636364,0.410764872521246
12884,15.6994047619048,4.17559523809524,24.0059523809524,1615.4568452381,1669.20535714286,41.1812865497076,34.7017543859649,6.14035087719298,10.2397660818713,20.9851411589896
12888,16.7757009345794,4.57943925233645,18.018691588785,1770.17757009346,1808.36448598131,15.952380952381,71.4285714285714,35.0952380952381,9.71428571428571,19.1869158878505
12889,-0.54812673624146,6.56363977485929,15.6066188885971,1410.21162432929,1481.7504315197,23.701951951952,16.6574074074074,2.10585585585586,14.6168668668669,7.49743031849045
12891,9.64550264550265,3.30687830687831,19.6197916666667,1445.375,1496.9417989418,26.2647058823529,39.8529411764706,1.11764705882353,8.41176470588235,9.22395833333333
12892,-0.429882992789961,12.0058556762683,18.6274231325061,1361.37589076593,1441.54390511313,25.293022551839,20.434841834418,3.14106250945966,14.1961555925534,7.96275628409855
12896,2.51832907075874,4.01875532821824,16.1705029838022,1518.98806479113,1621.83375959079,35.8176100628931,27.6352201257862,2.61635220125786,6.13836477987421,7.59164535379369
12898,0.615384615384615,5.78698224852071,14.3727810650888,1557.7573964497,1762.04142011834,29.2424242424242,13.4848484848485,2.6969696969697,5.66666666666667,8.20118343195266
12899,-0.549019607843137,4.42307692307692,20.0,1661.71698113208,1836.55769230769,28.5714285714286,21.2857142857143,0.0,5.0,5.67924528301887
12902,-2.20754716981132,4.62962962962963,16.6481481481481,1811.68518518519,1853.46296296296,38.8888888888889,0.0,0.0,7.55555555555556,-1.07407407407407
12915,4.39285714285714,4.85064935064935,19.0941558441558,1604.13961038961,1669.43831168831,26.1666666666667,30.5714285714286,24.0952380952381,7.61904761904762,6.82792207792208
12917,9.70666666666667,5.53246753246753,14.1168831168831,1403.96103896104,1602.35064935065,25.8571428571429,15.5714285714286,0.0,7.47619047619048,10.8961038961039
12945,6.81458094144661,4.86483390607102,21.1036655211913,1545.43986254296,1627.33505154639,26.1827676240209,24.7911227154047,6.16187989556136,9.54830287206266,11.9116972477064
12951,2.01185770750988,5.66929133858268,18.307994757536,1469.9121887287,1533.57480314961,27.7272727272727,20.5619834710744,5.93388429752066,6.87603305785124,5.91612057667104
12953,15.604671678429,8.96985347564941,21.9862688850641,1317.67351310002,1491.53200198936,21.6681383370125,14.6884964434633,5.09516801569782,35.0228108903606,19.3964184587128
12954,3.26275787187839,4.32972192127122,15.7435897435897,1397.62369086313,1495.1043698086,34.1425702811245,18.1767068273092,1.86947791164659,5.45180722891566,8.73997833152763
12982,-4.55308751665926,6.30697879858657,15.4116607773852,1249.67270318021,1414.37411660777,18.3247422680412,25.0979381443299,1.67010309278351,5.54639175257732,1.36793286219081
12992,2.10451306413302,4.90645773979107,18.7260208926876,1507.27492877493,1595.68898385565,21.1947674418605,19.4360465116279,3.86627906976744,9.99127906976744,6.81386514719848
13029,6.40219378427788,4.27056672760512,24.2340036563071,1532.08775137112,1647.30164533821,28.9344262295082,29.5327868852459,5.30327868852459,7.72131147540984,14.6636197440585
13034,-1.79874213836478,1.39375,10.88125,1334.6625,1371.9625,24.7647058823529,13.5294117647059,0.0,2.35294117647059,-1.875
13061,1.2020725388601,4.24352331606218,18.7098445595855,1514.55958549223,1610.0518134715,23.4642857142857,17.8928571428571,8.64285714285714,8.875,4.06217616580311
13076,5.93814432989691,3.98625429553265,26.2749140893471,1632.0,1701.16151202749,22.6,24.4307692307692,5.98461538461538,16.7538461538462,10.1340206185567
13121,12.8604651162791,3.58139534883721,30.5348837209302,1230.13953488372,1383.72093023256,34.0,36.3846153846154,0.0,5.84615384615385,17.9767441860465
13127,-14.36,4.24752475247525,18.1831683168317,1627.64356435644,1655.72277227723,0.2,20.6,0.0,9.7,-3.12376237623762
13139,1.53082191780822,4.29109589041096,21.5051194539249,1494.27303754266,1516.69178082192,16.8139534883721,24.2093023255814,3.34883720930233,5.48837209302326,4.98634812286689
13158,2.03118779031188,4.30789648307896,15.8480424684804,1508.40477770405,1602.11612475116,21.3864541832669,22.1792828685259,4.0996015936255,6.09561752988048,6.79163901791639
13184,11.1974789915966,4.62473794549266,26.0272536687631,1573.05241090147,1629.93710691824,34.5338983050847,24.6101694915254,15.0,9.29661016949153,17.8343815513627
13198,0.958281373993878,5.42647058823529,17.0962451933952,1421.08335218276,1541.72545248869,21.9836289222374,19.0416098226467,5.94611186903138,8.66371077762619,7.89608774310267
13204,3.80553523006069,9.49223488922349,16.9503979350398,1330.40030114003,1494.93275973328,25.6543820224719,19.8269662921348,2.69820224719101,12.7033707865169,9.20713978494624
13230,4.73096446700508,5.40253164556962,21.9683744465528,1572.36748893106,1664.29303797468,29.3406940063091,17.6656151419558,5.18927444794953,11.1167192429022,9.26249209361164
13232,1.57375423518717,6.39940657710377,14.2279502594087,1326.4886766038,1447.94288304624,20.3672131147541,13.4271662763466,1.87587822014052,10.5550351288056,7.91667352820091
13241,37.8914285714286,5.04,20.8285714285714,1428.04,1492.6,53.0833333333333,55.7,10.5333333333333,9.06666666666667,38.0514285714286
13244,4.34073889166251,5.28909952606635,19.8206982543641,1483.37556109726,1563.60638563233,26.437908496732,24.718954248366,5.97908496732026,8.72156862745098,11.0239461212272
13256,3.60356652949246,3.96043656207367,17.7066848567531,1487.15688949523,1578.64529331514,28.3760683760684,23.974358974359,3.30769230769231,7.29059829059829,7.24420190995907
13264,9.10633116883117,4.32177419354839,19.3668543845535,1521.14481094127,1512.48064516129,25.6778242677824,29.8619246861925,19.7740585774059,8.61924686192469,12.6653258246179
13277,9.59220389805098,3.85223880597015,20.1059701492537,1544.12985074627,1562.57014925373,28.248322147651,33.4295302013423,1.53691275167785,5.71812080536913,13.2149253731343
13290,13.3283018867925,4.01503759398496,20.434456928839,1581.10861423221,1636.60902255639,22.7536231884058,28.7101449275362,3.46376811594203,10.9130434782609,13.4269662921348
13296,4.57451923076923,4.68266346730654,18.7697841726619,1536.67086330935,1506.81403719256,30.0540540540541,18.6816816816817,6.75375375375375,6.4954954954955,11.0965227817746
13303,2.44082211197732,9.30027033985582,19.1170110059857,1244.15871789921,1411.52104788877,21.123692077728,22.9970104633782,4.21076233183857,13.1397608370703,7.56651007143317
13342,5.72791270679338,6.08080098366415,19.0082470608879,1487.54149850851,1599.62954505533,30.1156169111303,23.1958584987058,3.47713546160483,11.0742018981881,11.9388722993149
13344,14.8163265306122,4.91,27.62,1346.66,1499.75,31.3870967741935,15.1935483870968,4.03225806451613,12.258064516129,14.6
13347,1.0,1.65217391304348,10.1630434782609,1303.34782608696,1344.89130434783,8.18181818181818,12.6363636363636,20.2727272727273,2.81818181818182,0.304347826086957
13360,2.98525798525799,4.04914004914005,16.3587223587224,1545.12530712531,1652.68304668305,21.4920634920635,23.9047619047619,6.11111111111111,6.46031746031746,7.54054054054054
13367,13.7132579650565,6.29856850715746,21.8971486761711,1548.71181262729,1635.92842535787,32.9333333333333,28.9375,9.50833333333333,12.3666666666667,16.3686354378819
13377,5.65359477124183,4.46086956521739,18.351409978308,1632.77440347072,1676.44565217391,39.5731707317073,23.3170731707317,5.10975609756098,7.18292682926829,10.9587852494577
13388,13.4363636363636,3.95757575757576,23.0473372781065,1383.8224852071,1467.69090909091,37.0212765957447,14.5106382978723,2.46808510638298,13.1914893617021,14.6331360946746
13422,3.81315538608198,4.75166508087536,20.2193732193732,1506.95061728395,1560.48525214082,18.9473684210526,17.9315789473684,4.02631578947368,9.69473684210526,6.20532319391635
13433,3.13471502590674,5.82262210796915,21.9564102564103,1528.67948717949,1668.87917737789,15.0169491525424,50.2542372881356,15.0677966101695,13.8474576271186,10.8247422680412
13459,20.9814814814815,5.41358024691358,28.641975308642,1814.14814814815,1929.3024691358,21.3478260869565,21.6304347826087,40.3478260869565,15.7608695652174,23.6543209876543
13476,6.13935681470138,3.42660550458716,22.2522796352584,1520.58510638298,1549.41131498471,32.9076923076923,25.3076923076923,4.41538461538462,7.79230769230769,10.6854103343465
13485,5.9889857732905,4.84509624197984,22.2607699358387,1492.19156736939,1575.79835013749,29.8802521008403,18.9894957983193,8.17857142857143,10.186974789916,11.844495412844
13486,-0.487244897959184,4.98860759493671,17.3860759493671,1490.7164556962,1574.20759493671,19.7795275590551,12.5354330708661,4.18110236220472,10.7086614173228,4.76708860759494
13487,1.00517763933322,6.28936420557213,19.5782418690646,1268.14828977225,1415.36294490902,29.1783843396747,29.0581748001103,12.1392335263303,12.0408050730631,10.0505131224764
13495,0.27273735581189,5.5272545978285,16.3240638156437,1386.21493463328,1520.85996011522,22.020640569395,17.7672597864769,4.17437722419929,10.1886120996441,6.67945023276435
13502,9.02442748091603,6.31050228310502,21.9908675799087,1250.2100456621,1361.01826484018,31.7378048780488,20.3719512195122,0.98780487804878,13.9390243902439,11.8675799086758
13577,2.4412041392286,4.14299153339605,18.4252116650988,1410.04233301976,1497.19473189087,13.043956043956,20.2747252747253,2.34615384615385,17.7362637362637,6.09689557855127
13795,6.09850107066381,3.43312101910828,19.2462845010616,1591.17197452229,1626.2186836518,21.9207920792079,18.1188118811881,1.25742574257426,7.67326732673267,8.27505330490405
13796,-2.65617605300521,5.91002601087728,12.8816644993498,1395.97020924459,1493.6702530149,23.6173835125448,17.7275985663082,0.537634408602151,6.68817204301075,6.13262411347518
13829,6.88461538461539,5.53846153846154,12.4615384615385,741.461538461538,920.038461538462,13.75,26.75,17.5,5.25,6.07692307692308
13830,-3.35989407799711,7.21869742850276,15.7293919730834,1220.62412881519,1401.36409516943,14.9460784313725,33.6151960784314,1.59313725490196,6.98774509803922,2.88875540605478
13832,8.92,7.2,13.8,1178.52,1429.4,2.16666666666667,65.3333333333333,0.0,10.5,12.52
13851,4.73903685768093,4.81023854194586,17.853051391863,1511.15337259101,1648.31626909676,24.377581120944,23.1238938053097,8.17846607669616,7.44690265486726,10.5315676832531
13871,2.29846003422146,4.55344533722912,19.1209245742092,1459.81484184915,1569.44022400779,22.4790026246719,21.4724409448819,4.48950131233596,9.29527559055118,9.1491121381659
13873,-6.33613445378151,3.91596638655462,11.7,1407.6,1499.27731092437,34.6666666666667,10.0,0.933333333333333,6.2,-3.15833333333333
13891,0.64114968696642,4.30014224751067,14.8910384068279,1472.23243243243,1525.8332859175,24.2893772893773,16.1465201465201,0.505494505494505,6.26556776556777,6.14310099573258
13930,13.7756001699596,13.3242283432569,19.8659176426944,1264.49582207148,1369.11425996926,32.9857408999713,20.6634422470622,5.91874462596733,29.57932072227,17.1092128485704
13931,10.4794156706507,4.50397245762712,21.2078369075986,1518.36960550702,1591.16657838983,31.5842956120092,30.8071593533487,5.14549653579677,9.46189376443418,15.4964257347101
13933,8.90909090909091,4.84422110552764,18.7437185929648,1615.0351758794,1712.12060301508,17.9756097560976,62.5609756097561,1.21951219512195,4.5609756097561,14.1608040201005
13964,20.6904761904762,3.69047619047619,35.4285714285714,1234.66666666667,1348.66666666667,41.9333333333333,19.7333333333333,0.0,7.26666666666667,22.3333333333333
13970,-5.42148760330578,3.84297520661157,14.0826446280992,1189.92561983471,1301.82644628099,51.7777777777778,11.3333333333333,0.0,3.55555555555556,-1.98347107438017
13983,3.35294117647059,6.82352941176471,15.1764705882353,1274.76470588235,1341.11764705882,6.6,18.6,0.0,11.8,0.647058823529412
14006,18.5460992907801,4.29078014184397,23.7746478873239,1524.95070422535,1558.41134751773,28.7872340425532,19.6595744680851,13.6808510638298,10.7872340425532,16.6338028169014
14025,7.02366863905325,5.66863905325444,18.2176470588235,1403.98235294118,950.905325443787,45.4761904761905,65.5238095238095,0.0,16.2857142857143,12.0352941176471
14027,7.89318181818182,4.6479802143446,19.6347897774114,1357.41838417148,1502.28276999176,24.6793388429752,22.903305785124,3.42314049586777,13.1669421487603,13.5270966412528
14057,-2.78335584571514,4.67243575335281,16.0069662921348,1394.55298434809,1483.29895131086,22.2613365155131,16.4128878281623,1.90334128878282,8.6491646778043,2.78138106650689
14082,15.2014475271411,6.09518072289157,14.2903614457831,1374.37108433735,1579.5265060241,26.1967213114754,23.6434426229508,4.99180327868852,14.5122950819672,15.4867469879518
14092,-0.23696682464455,4.24644549763033,19.9716981132075,1511.96698113208,1547.69194312796,16.0333333333333,23.7333333333333,0.5,10.4666666666667,3.11792452830189
14098,0.929824561403509,4.52189141856392,18.9947460595447,1518.50963222417,1602.59719789842,19.9354838709677,22.752688172043,9.41935483870968,5.6989247311828,7.01926444833625
14100,0.761549598560962,7.1720194540595,18.3929901423877,1271.97279299014,1392.329010209,24.9407203601801,20.296148074037,3.10955477738869,12.7491245622811,6.59351588170865
14107,2.98949164107813,8.10199072811563,18.0397463866921,1335.39889555495,1479.77260021816,17.448375084631,15.0604265402844,1.86171293161814,18.3491875423155,9.0480572597137
14108,14.8117249154453,5.37235228539576,21.3210702341137,1547.35785953177,1620.89297658863,33.1919642857143,23.6160714285714,21.4241071428571,9.64732142857143,18.5111856823266
14109,44.7586206896552,4.61206896551724,18.9051724137931,1687.44827586207,1718.14655172414,73.9302325581395,56.7209302325581,0.0,6.09302325581395,43.9137931034483
14112,4.56569343065693,5.92525068368277,13.8340929808569,1381.80765724704,1597.30082041933,21.7688679245283,28.3396226415094,2.49056603773585,14.9716981132075,6.82406563354603
14113,-4.70391061452514,3.5195530726257,22.7430167597765,1656.97206703911,1702.88268156425,8.05263157894737,10.5263157894737,0.526315789473684,16.3157894736842,-2.32402234636872
14122,4.16340891321345,6.17567391587446,19.1969006381039,1453.96132308894,1568.27125927855,29.2101351351351,20.4560810810811,4.07635135135135,9.23716216216216,10.029461608656
14150,28.1307692307692,6.21212121212121,24.984962406015,1401.08270676692,1430.63636363636,17.65625,96.03125,32.90625,5.46875,37.8358208955224
14193,2.79095354523227,4.26691042047532,18.4171741778319,1500.58708891596,1563.31687995125,20.5056179775281,19.2059925093633,5.03370786516854,9.88389513108614,6.30797321972002
14222,-0.0952380952380952,10.7142857142857,17.8571428571429,1676.66666666667,2104.42857142857,0.0,20.8333333333333,0.0,0.0,4.52380952380952
14231,17.7441860465116,6.84090909090909,36.7777777777778,1595.53333333333,1426.38636363636,21.0,15.3157894736842,0.0,20.5789473684211,21.8444444444444
14237,-5.03225806451613,3.7741935483871,20.7741935483871,1647.79032258065,1783.37096774194,22.6363636363636,11.9090909090909,0.0,6.90909090909091,3.53225806451613
14252,1.24027916251246,5.12003968253968,19.5450941526264,1515.35841584158,1509.73042616452,23.2742857142857,23.0457142857143,12.1142857142857,6.30857142857143,7.38751238850347
14254,11.2283464566929,6.55905511811024,16.5826771653543,1565.1968503937,276.968503937008,17.6842105263158,26.2368421052632,0.0,10.6578947368421,16.5984251968504
14256,2.50909090909091,4.02727272727273,14.5614035087719,1242.44736842105,1251.57272727273,9.5,26.0909090909091,3.72727272727273,17.7272727272727,2.64912280701754
14259,-2.29166666666667,6.02083333333333,14.6666666666667,1080.60416666667,1326.4375,23.3333333333333,13.8888888888889,0.0,4.88888888888889,4.5
14262,2.2104580812446,6.07321274763135,20.2089423903697,1411.44969905417,1509.34409991387,23.1600985221675,21.9507389162562,2.81034482758621,10.5172413793103,7.0451418744626
14288,-0.833333333333333,4.11278195488722,19.5037593984962,1459.11278195489,1484.99248120301,17.3684210526316,48.2631578947368,0.0,12.5263157894737,4.23308270676692
14303,2.5311004784689,5.02870813397129,13.2837209302326,1553.04186046512,1098.93779904306,7.60606060606061,19.4545454545455,7.81818181818182,5.72727272727273,2.9212962962963
14307,6.31252144082333,4.80541281260706,18.2821477428181,1511.68673050616,1575.29564919493,28.9242685025818,23.578313253012,6.26678141135972,9.38209982788296,12.066985645933
14314,7.82926829268293,5.3855421686747,14.2168674698795,1130.74698795181,1258.60240963855,29.6,21.6666666666667,0.0,21.7333333333333,9.44578313253012
14321,12.1303162486369,3.77668845315904,22.0381056069679,1500.65160587915,1567.27777777778,34.1816143497758,31.3295964125561,7.76233183856502,8.63004484304933,17.3282525857376
14457,10.5447409733124,5.84031007751938,21.6676923076923,1447.34461538462,1536.92558139535,31.8378378378378,29.3243243243243,12.1351351351351,10.4864864864865,16.3584615384615
14487,3.92613636363636,4.47159090909091,23.6306818181818,1471.09659090909,1525.02840909091,32.8947368421053,17.6842105263158,0.368421052631579,9.92105263157895,7.24431818181818
14489,8.13193885760257,4.10215482841181,18.1456692913386,1614.84803149606,1591.37988826816,37.0707070707071,27.2424242424242,23.459595959596,7.23232323232323,11.2606299212598
14492,5.86676737160121,5.5655193236715,19.5498188405797,1425.7018921095,1541.50332125604,31.9320866141732,21.3435039370079,3.33366141732283,10.7288385826772,11.2346064698176
14512,-1.27835051546392,6.61855670103093,13.6082474226804,1150.46391752577,1403.88659793814,12.0,6.52941176470588,2.11764705882353,22.2352941176471,3.89690721649485
14520,10.364406779661,4.78151260504202,22.4333333333333,1753.65,1802.36974789916,11.2222222222222,48.5555555555556,82.7222222222222,47.7222222222222,24.525
14524,7.84861307005172,6.13101667057995,21.3416294904907,1504.24841512092,1585.20967363231,28.5446985446985,26.9781704781705,3.55821205821206,9.07484407484407,12.9551116333725
14543,16.198275862069,3.26495726495726,18.7118644067797,1708.09322033898,1777.13675213675,81.0476190476191,10.9047619047619,37.5238095238095,6.0,20.3135593220339
14570,-0.407564211120519,5.0293122886133,16.4532394366197,1469.42466910729,1530.50352211891,23.9821782178218,18.7108910891089,1.65940594059406,8.15049504950495,5.69501548859476
14574,6.8134328358209,5.95813953488372,22.0697674418605,1510.98325581395,1596.58697674419,25.2226890756303,21.7689075630252,11.9747899159664,9.14285714285714,11.7953488372093
14576,8.87460148777896,7.00953726598375,22.2014109347443,1448.55837742504,1521.92723419286,25.8401162790698,23.7136627906977,5.98837209302326,10.8895348837209,13.0527246992215
14582,-1.90322580645161,4.93548387096774,9.41935483870968,1281.35483870968,1314.29032258065,18.3333333333333,11.6666666666667,0.0,2.0,-5.16129032258065
14588,17.6056338028169,5.13084112149533,22.2803738317757,1479.2523364486,1517.67289719626,27.1142857142857,108.514285714286,0.0,6.11428571428571,19.1542056074766
14633,15.0819935691318,4.39486356340289,24.1573033707865,1517.5088282504,1573.30658105939,35.0797872340426,21.2393617021277,6.65957446808511,11.2978723404255,19.1107544141252
14635,2.35391114745162,5.68441064638783,18.2723323377681,1307.51072495248,1520.89869636067,20.2414035087719,19.5922807017544,4.67578947368421,14.9768421052632,8.33736084713549
14674,3.62146892655367,4.11797752808989,20.9634831460674,1539.1797752809,1603.4297752809,23.5,49.3269230769231,6.38461538461539,10.4807692307692,9.97752808988764
14679,-1.60251296370164,4.22285487288136,16.2248775321064,1391.85045677214,1517.91359904661,20.9348607367475,17.0,2.40071877807727,10.1230907457323,5.46191011979615
14683,-0.644684129429892,4.52447660098522,16.1310036945813,1452.70397167488,1598.89963054187,23.1476238624874,20.8938321536906,4.54398382204247,6.74317492416582,8.22523494068711
14685,4.58443331816113,5.08818181818182,20.1590186278964,1468.89595638346,1558.62727272727,23.302752293578,19.7775229357798,5.9243119266055,11.9082568807339,9.39781520254893
14689,6.1907719609583,4.64424778761062,22.041592920354,1477.24424778761,1519.3407079646,32.0981308411215,30.1121495327103,0.172897196261682,8.51401869158878,9.23716814159292
14696,17.7135470527404,5.4020618556701,23.5179856115108,1582.32682425488,1652.49381443299,37.0709219858156,30.0496453900709,7.90780141843972,11.177304964539,22.8345323741007
14698,9.80715197956577,4.25949367088608,22.8735777496839,1461.801517067,1503.86329113924,24.9222797927461,30.7046632124352,3.72538860103627,9.01554404145078,12.1896333754741
14704,-0.781569965870307,4.84353741496599,24.0986394557823,1546.33673469388,1621.09523809524,15.1698113207547,15.8867924528302,2.71698113207547,9.86792452830189,3.3469387755102
14709,-7.65,3.92546583850932,12.890243902439,1170.2743902439,1301.37888198758,5.18181818181818,15.5454545454545,7.81818181818182,9.81818181818182,-1.92682926829268
14711,11.8058551617874,4.05640243902439,25.1326219512195,1514.62195121951,1588.55487804878,35.6122448979592,41.1768707482993,5.25170068027211,10.9931972789116,16.0669710806697
14716,12.4408602150538,6.09375,15.84375,1508.28125,1605.72916666667,14.8571428571429,19.4285714285714,16.0357142857143,5.46428571428571,13.9791666666667
14730,8.62041549115158,7.25,20.7058974358974,1499.61230769231,1585.45384615385,29.5249130938586,26.0475086906141,4.60254924681344,10.3012746234067,12.9869297796002
14747,-1.62573424628967,9.12324298059904,16.9341269565821,1348.3892205178,1458.47699035191,21.3185648928485,18.5111967252588,2.77293522754635,12.2667950878883,3.82925052047189
14761,15.2807391613362,5.7750177430802,14.2292405961675,1414.7501774308,1612.71327182399,26.1493212669683,20.6990950226244,4.69004524886878,12.5294117647059,16.5486160397445
14771,10.2111961106742,8.36416494256974,19.8987003738651,1379.27381164323,1461.3539273739,21.1086987370512,13.7364836100468,2.7393216971761,42.283666808571,17.0307604671034
14783,5.46614069690993,6.3127868852459,21.304262295082,1485.93901639344,1594.7731147541,24.0921052631579,19.7993421052632,3.27631578947368,11.6480263157895,7.87918581746553
14794,-2.31754385964912,3.64335664335664,21.3741258741259,1589.89335664336,1687.36188811189,19.2758620689655,14.8103448275862,13.6551724137931,9.48275862068965,0.603146853146853
14802,17.38,4.08,24.88,1468.0,1595.66,66.9090909090909,45.4545454545455,0.0,5.54545454545455,20.52
14814,4.50142993326978,5.07802093244529,19.8011417697431,1512.35870599429,1584.42816365366,29.2078651685393,30.2752808988764,3.85393258426966,7.59550561797753,9.04861773117254
14828,-0.562874251497006,4.35928143712575,17.047619047619,1653.05357142857,1693.79041916168,16.2,26.2,1.13333333333333,12.5666666666667,-3.16666666666667
14831,-1.71575804276633,4.6653524377344,15.2244446581402,1401.66217905568,1526.78661409751,21.7840670859539,18.8504542278127,1.09573724668064,7.42417889587701,4.85517838253678
14842,2.82558139534884,3.78764478764479,17.7953667953668,1549.67567567568,1600.49420849421,16.4444444444444,14.8444444444444,1.2,9.84444444444444,2.94594594594595
14843,9.72842155460181,6.08120981185997,18.6227673255537,1289.9278399619,1342.51464634437,17.9266227657573,25.3885230479774,2.82502351834431,11.1523988711195,12.8382948321029
14869,-0.577474226804124,6.89661741234619,17.41392092257,1322.6902285832,1460.95165525408,28.8568028560095,25.1055136850456,9.28599761999207,9.93375644585482,6.89543863261944
14877,23.6619718309859,5.63380281690141,27.1830985915493,1553.3661971831,1598.04225352113,25.0,37.1923076923077,7.92307692307692,24.0384615384615,20.112676056338
14893,-0.695379146919431,4.71776385770004,14.8847153319159,1428.08587290338,1526.48788559272,25.073402417962,19.4188255613126,2.99222797927461,5.16234887737478,6.38006377701665
14905,-1.38709677419355,5.64516129032258,17.2258064516129,1264.61290322581,1356.06451612903,0.666666666666667,30.0,0.0,12.6666666666667,-1.61290322580645
14908,-1.89753189129229,5.33060941828255,15.9430905566325,1380.03877042371,1491.76398891967,21.8257080610022,17.8039215686275,1.98910675381264,7.97930283224401,4.49958460260316
14952,13.7333333333333,4.41634241245136,21.420233463035,1566.19844357977,1651.03501945525,32.5072463768116,21.2173913043478,4.81159420289855,9.33333333333333,13.9338521400778
14955,-0.00512820512820513,4.53061224489796,9.56122448979592,1144.76530612245,1202.45918367347,1.2,35.48,0.0,3.2,-2.19387755102041
14960,-0.947058823529412,7.56470588235294,17.2176470588235,1500.18235294118,1544.5,17.3888888888889,19.9444444444444,1.94444444444444,5.05555555555556,0.988235294117647
14986,3.2723292469352,4.36920384951881,20.3753280839895,1280.25546806649,1473.6719160105,17.1018518518519,16.1712962962963,3.56018518518519,16.0833333333333,6.7419072615923
15008,-4.22222222222222,8.11111111111111,11.3888888888889,1175.38888888889,1470.75,0.0,16.6666666666667,0.0,49.0,1.41666666666667
15016,3.2727035263387,4.94805985731686,17.2439554705166,1390.20012176031,1501.46720027841,27.6860920666014,21.0333006856024,3.10822722820764,8.93192948090108,9.89015480953209
15023,2.49137931034483,4.54216867469879,19.0343642611684,1410.50343642612,1498.60068846816,27.0916666666667,15.8083333333333,1.84166666666667,16.8333333333333,7.3893653516295
15024,6.31941544885177,4.19624217118998,21.321503131524,1115.08350730689,1427.66805845511,20.9574468085106,24.6276595744681,0.425531914893617,13.1808510638298,7.49895615866388
15027,3.6078431372549,3.34313725490196,18.6176470588235,1441.20098039216,1732.25490196078,9.60526315789474,31.0789473684211,0.0263157894736842,2.31578947368421,7.37254901960784
15041,-7.29799426934097,3.1045197740113,21.5829145728643,1341.70351758794,1508.68926553672,20.1428571428571,12.4571428571429,6.82857142857143,10.4,2.45226130653266
15048,3.78191489361702,4.12765957446809,21.2925531914894,1471.76595744681,1561.87765957447,22.9411764705882,6.08823529411765,8.67647058823529,13.0588235294118,5.36702127659574
15070,12.2025316455696,6.02777777777778,20.760101010101,1506.62626262626,1658.03787878788,28.0736842105263,41.0,2.04210526315789,8.10526315789474,16.0858585858586
15074,1.38655462184874,4.46218487394958,18.1932773109244,1638.19327731092,1666.94957983193,23.5333333333333,24.2666666666667,0.0,3.46666666666667,3.10924369747899
15096,9.90380139643134,5.28058664608259,22.3559583494022,1518.94060933282,1532.5607873408,32.0444104134763,23.9709035222052,5.87136294027565,9.7166921898928,15.4295665634675
15249,2.97956989247312,4.71075268817204,18.3866809881847,1586.10848549946,1654.00322580645,20.0927152317881,21.7086092715232,4.35099337748344,10.3311258278146,6.52467811158798
15295,7.98442367601246,4.07142857142857,20.4565217391304,1463.41304347826,1512.78571428571,26.0379746835443,11.0,6.34177215189873,10.7594936708861,10.1055900621118
15304,3.0707576224207,5.07231325486576,16.9219170705439,1347.35702746365,1528.86545118855,22.1345833333333,19.90125,3.59416666666667,11.28125,8.22459810783786
15323,4.52403846153846,4.40064102564103,20.5208333333333,1528.25961538462,1575.01442307692,31.4845360824742,31.5979381443299,5.87628865979381,7.69072164948454,9.12399355877617
15356,10.8922651933702,7.81491712707182,16.8812154696133,1495.27348066298,1613.74585635359,39.4375,16.3229166666667,0.0,11.5208333333333,17.8674033149171
15370,2.3034965034965,4.29570080391472,17.6756378888501,1492.0915763719,1609.28940929745,23.7392197125257,21.17659137577,3.28131416837782,8.31827515400411,7.77167832167832
15376,1.80246913580247,4.58431257344301,18.25910693302,1493.74764982374,1587.71445358402,23.6063829787234,21.3457446808511,3.22517730496454,6.8741134751773,7.94506462984724
15380,20.2610169491525,4.38448566610455,24.9696458684654,1473.34738617201,1419.86172006745,34.6860465116279,40.046511627907,8.34302325581395,12.3720930232558,23.036974789916
15389,-4.67045454545455,3.27118644067797,21.9661016949153,1654.64406779661,1685.99435028249,4.28571428571429,11.5714285714286,0.0,17.2142857142857,-3.7909604519774
15401,-2.22360248447205,3.6832298136646,21.3416149068323,1504.21118012422,1561.50931677019,8.3125,19.8125,3.1875,10.0,-0.726708074534162
15411,3.3348623853211,4.62557077625571,19.5707762557078,1517.70776255708,1499.1598173516,29.6206896551724,12.7586206896552,8.48275862068965,8.10344827586207,3.54337899543379
15412,6.72801708793165,4.37872340425532,20.8379432624113,1541.92304964539,1628.65602836879,27.2368421052632,26.7236842105263,3.42927631578947,10.8388157894737,11.1466192170819
15454,18.4655172413793,3.92241379310345,26.6637931034483,1608.4224137931,1684.75862068966,31.8888888888889,44.7407407407407,3.7037037037037,15.1851851851852,15.3620689655172
15582,13.3636363636364,3.95652173913043,22.72,1275.86,1373.26086956522,31.9333333333333,29.7333333333333,0.0,9.73333333333333,16.2745098039216
15607,-2.46107784431138,3.8698224852071,20.6390532544379,1558.75147928994,1617.17159763314,16.1538461538462,32.2307692307692,1.38461538461538,9.38461538461539,1.71084337349398
15624,2.38351648351648,7.09628008752735,17.4043715846995,1501.31803278689,1566.98249452954,17.3660130718954,17.8235294117647,13.3137254901961,8.62745098039216,6.97158469945355
15841,0.669642857142857,3.82142857142857,14.280701754386,1239.59649122807,1268.39285714286,23.4545454545455,8.63636363636364,0.545454545454545,10.3636363636364,1.13157894736842
15919,3.62134570765661,6.06749884419787,21.3558225508318,1460.04205175601,1569.48127600555,25.7448453608247,21.3634020618557,5.15721649484536,10.5644329896907,8.47898383371824
15991,-5.98214285714286,4.58035714285714,14.895652173913,1357.17391304348,1422.72321428571,18.3529411764706,8.52941176470588,3.05882352941176,9.88235294117647,-9.31304347826087
16101,1.45414847161572,3.76419213973799,14.6536796536797,1598.0,1566.29694323144,7.78571428571429,18.0714285714286,3.75,8.64285714285714,2.29004329004329
16133,59.5,11.5,13.5,1566.0,1772.5,0.0,48.5,0.0,11.0,48.5
16218,1.72033898305085,3.29661016949153,20.75,1640.05084745763,1640.86016949153,19.0,20.925,0.0,3.25,5.6228813559322
