day_of_year,avg_arr_delay,avg_carrier_delay,avg_weather_delay,avg_nas_delay,avg_late_aircraft_delay,avg_dep_delay
1.0,10.4886222268298,24.2265093962415,3.27019192323071,9.30837664934026,28.8678528588565,16.4270186335404
2.0,9.96847002464359,20.1812921890068,3.0971333391777,9.62794775138073,27.4973262032086,15.2900517538815
3.0,4.86147364342962,21.8951857910727,2.67574199579341,8.76945548025239,24.4131806496845,11.1649825952427
4.0,-0.22551553188123,23.9941100681023,5.23946254371434,8.96079514080618,22.0338671084116,7.00971563981043
5.0,7.3310324764625,25.3484067169113,4.1814094935872,17.9588787518181,29.420203622901,13.6433191646646
6.0,6.82026506151328,26.486972622669,3.61129480227483,14.9482872635895,29.635101177093,13.7148802781656
7.0,5.26008388256441,24.4303968546504,3.30642585084163,12.020641356432,28.4827374370316,11.9362073500227
8.0,4.86095727848101,19.4758105369807,4.30952380952381,16.8691742654509,27.0466058763931,11.0540327156991
9.0,0.241397314768772,19.3110172245694,2.249593760156,16.0685732856679,27.4366265843354,6.97592004761432
10.0,-0.0674410250269429,17.2517985611511,2.12999832691986,20.2250292789025,27.3833026601974,6.29272896704977
11.0,2.60723990453912,18.4728182177175,3.81400552849809,15.4621561142556,24.4281953402659,7.87303942348453
12.0,13.1973934892454,19.8248250308769,6.44853849320708,20.6724989707699,28.5693701111569,16.972110677155
13.0,1.65324097827946,24.2059444249033,7.19117129792473,13.3672177277524,25.5575096728808,8.82479531498749
14.0,-1.4196940968272,20.8155184659091,2.06232244318182,15.1697443181818,21.26953125,5.07019670227003
15.0,5.74671873841362,16.2679350867375,3.57660884163402,16.7861219921656,24.1406827084499,9.57319842053307
16.0,2.25054718681602,18.9433962264151,4.15622641509434,17.8603773584906,22.8919245283019,7.57732435627281
17.0,13.305273501474,15.1414921339639,10.4676189556993,22.3486149985523,28.4693562397452,16.0013579781215
18.0,4.85074087459342,18.7996735074627,3.55946828358209,13.2634095149254,24.4295708955224,10.3955489328975
19.0,0.267607613799308,21.5683802133851,8.30242483026188,20.6653734238603,19.5268671193016,7.32747536565509
20.0,-1.21370748504803,24.637422037422,4.78731808731809,13.4902286902287,21.0345114345114,6.11375350393345
21.0,9.16456495918728,20.9806578642576,5.93432939541348,23.9376882094047,29.2220291869354,14.5705901614569
22.0,6.16547131147541,23.2680652680653,8.97625291375291,23.2581585081585,28.8961247086247,11.988564005909
23.0,7.84779265310239,18.4946211136068,4.75458091973046,20.8017496157938,30.6869606336446,12.415062529881
24.0,8.30676055661035,17.7832954668398,2.34750622092394,22.3747700962891,29.8749323812615,12.3190922829659
25.0,1.64536898295561,22.5325072886297,2.43921282798834,13.6406705539359,25.9744897959184,7.33889109744405
26.0,-4.48668729012982,25.8376640082326,2.05634165165938,12.2161049652688,22.2945716490867,2.85144487294627
27.0,-2.13513962765957,22.9652209492635,2.810147299509,14.063829787234,19.0632160392799,4.18667772249862
28.0,1.35990387047812,22.1301238444096,7.45421245421245,22.003663003663,26.1991976277691,7.91649011299435
29.0,0.684330128605319,21.1056483691329,3.51996817820207,15.5468575974543,24.2380270485282,6.33315043894653
30.0,2.49435488105866,18.5494875325073,7.11304879914334,19.4134924277191,25.7041456325532,8.2943148191793
31.0,-0.912840602854576,23.5758323057953,4.30068698256121,11.4999119253127,26.9126299101638,6.15523087663309
32.0,4.12010388383898,20.8307692307692,2.99160839160839,15.5073108709472,28.8640813731723,9.81535088753212
33.0,1.61355162911331,19.1197534976682,2.23034643570953,17.3124583610926,26.822618254497,8.32528466445934
34.0,-5.38355801495261,26.5056446821153,3.41117052881759,13.0401069518717,19.7130124777184,2.61995479496287
35.0,8.22441139059782,19.4741778166813,8.98186820057522,20.3455045642116,32.8745779667375,13.2545557939359
36.0,3.19333067689396,22.4990486545257,4.68496874150584,14.3125849415602,26.2822777928785,9.56679588489638
37.0,0.613021469715483,19.6531740104556,4.01702763256161,13.8059746079164,20.5223300970874,5.74125839343447
38.0,15.4562731039274,16.3709992359283,6.1776891077341,19.7407250191018,31.4440954240598,18.2738062924121
39.0,3.80429215081812,20.6327983432565,2.45832254724308,15.610535852964,24.0119078436448,9.2230976717774
40.0,6.44744115922607,19.9492170969107,5.97249259415997,20.5594583157004,29.0795598815066,12.2811726420605
41.0,9.2089653037679,20.3094591536547,4.79859696763974,16.2265218375198,23.5027155465037,12.7372755539371
42.0,14.6208743559659,20.2197945845005,6.40662931839402,19.6734827264239,28.7025210084034,18.3296767328739
43.0,10.3387307190546,19.2597617814604,5.78446400828586,17.2452615225272,27.8135680994303,14.2893543291036
44.0,2.69566840926064,20.2730413154622,2.49357468564322,16.2610197595689,25.0084289070057,8.72027677198552
45.0,2.03102845488977,21.4621871599565,2.07834602829162,14.488710554951,24.8142002176279,8.38627294493216
46.0,7.36841004670183,21.047876684361,2.61310739077174,13.5241935483871,27.036341363822,12.6825338111201
47.0,3.12926114453185,20.6520937582302,1.02515143534369,12.3011588095865,22.1570977087174,8.53838264704374
48.0,9.90665239074695,21.7655207798871,7.0678553104156,24.8496664956388,25.6571318624936,13.3192122096285
49.0,8.37806644893549,21.1514235061007,2.77620189800813,12.1763478986339,29.4718948795495,13.335473121968
50.0,9.10542950139157,17.1138780332637,3.12078524038898,14.7491593201854,23.9967281650459,12.1153773895073
51.0,23.2468670735076,18.2517555655162,9.27162707306141,23.6627073061407,34.2819363514119,25.3826923556242
52.0,8.39706124755693,20.2814051164567,3.7905689194349,11.4866361206567,27.3164375715922,14.0608587400761
53.0,11.7281710301519,18.50863357131,4.73817034700315,13.5203387016437,26.6575626764071,15.6897804345327
54.0,7.21732761057853,19.9854006337709,3.81643277501132,12.9314169307379,25.1373924852875,11.8952358986187
55.0,6.51539664563447,21.9462836532268,4.77598866417622,14.0378719567178,25.5034136287518,11.6411419065762
56.0,8.75180159552674,21.3564723859419,2.1946081641563,18.1150403841956,29.6770355817507,14.3585136790527
57.0,2.37239418082681,21.5098870056497,2.88050847457627,14.4381355932203,26.2334745762712,8.24481279159731
58.0,0.624979160216257,20.7320041049699,2.2873478962029,13.949860724234,21.6704295557836,6.19527259769569
59.0,4.2093538632009,17.0971776044057,3.24942634235888,13.3375401560349,24.9776273519963,9.24260286905063
60.0,10.9645434360255,19.3426254896602,3.97512981688986,16.3973763323312,26.8885852236495,14.8325808532203
61.0,10.9966006135478,21.4723778143877,6.19857221306974,14.6842394288852,25.6518396485448,15.2030490317264
62.0,9.43253407302696,24.8806483845898,3.9155101587654,13.6572665704452,24.6579327189963,14.0035371399697
63.0,7.54776964833609,23.3816987438055,3.43482770542814,13.1915408551343,31.0469056125389,12.9846103085009
64.0,5.95344467640919,19.7536414726459,1.69881867186604,17.0430095194403,26.330657185457,10.5851253443207
65.0,1.02252127266001,20.1191119965846,1.31151273658745,12.7912338124377,19.6383947630568,5.89540521819441
66.0,2.05179627759342,19.10693598693,3.44185355710679,13.7170652012476,22.9652458042477,7.20586330158578
67.0,3.70436931371448,19.9855247285887,2.16320868516285,9.91700844390832,23.9835946924005,8.56610967814287
68.0,8.41440829980123,19.820405085111,2.85929756517992,15.5893126481362,27.9123033828916,12.4644626501365
69.0,6.55521585837915,22.1298641492056,0.87807966843196,12.7129864149206,27.1953718627677,12.1248830682881
70.0,1.71711399581543,24.3336193336193,1.34019734019734,9.36422136422136,24.7288717288717,7.78464924099524
71.0,1.5766077115945,20.3381944444444,2.26597222222222,12.3154166666667,21.7422222222222,6.49668665194068
72.0,3.37298205459105,18.3860768082508,6.53643642285249,14.7346994164744,24.3202605509567,8.82426331375309
73.0,7.66248653109883,20.252945026178,4.85471204188482,14.2840314136126,31.4654232111693,13.1998169126902
74.0,6.47036108213675,23.3522516248839,1.92223769730734,16.4634401114206,27.2838904363974,11.7303559584347
75.0,2.54580152671756,22.5900057603687,0.913018433179724,10.8136520737327,26.2639688940092,8.6787393264895
76.0,-2.77779683862272,24.3688699360341,0.895309168443497,8.14029850746269,22.2253731343284,4.46207538389949
77.0,-2.78669899860793,24.9256399837464,1.1796017878911,8.9754164973588,23.6026005688744,4.27343679913878
78.0,-2.49664097782371,21.2607466063348,0.928733031674208,9.57352941176471,20.8199472096531,3.64338474663793
79.0,3.06046554548181,17.7781396560709,2.83376758728504,17.2955966649297,23.3836633663366,7.93265799470473
80.0,3.30432525951557,19.4270377171917,2.73951123039977,15.5540330555163,24.272778641051,8.69119968429361
81.0,7.43322329268567,16.9565528521775,1.3108771212431,17.265078716009,28.5346554896749,12.5886610644258
82.0,0.274553571428571,25.3436758223126,0.937097321125805,8.76314004747372,24.0842658528315,6.81061060101167
83.0,-1.09715284100696,27.4230769230769,3.43978243978244,8.30730380730381,24.7511655011655,6.07785254678521
84.0,0.0189963269261104,23.3323041923952,1.74325641858954,11.1834579135522,24.6319467013325,6.21132211322113
85.0,-2.39676385558369,19.9448312801285,0.722728084270666,9.81646134618818,19.0501696125692,3.41543319076517
86.0,-1.13386631538304,22.4882839421089,2.04066161268091,11.8962784286699,22.8006547208822,5.18908802177858
87.0,0.0320046422354149,22.3144951140065,4.53420195439739,11.2162866449511,24.342996742671,5.97131019735377
88.0,1.22510259012487,21.6971271834849,0.889995669120832,11.2002309802223,25.6376497762379,6.94950985791387
89.0,-1.1078485510552,23.2940199335548,0.93078626799557,10.4252491694352,23.8100775193798,5.29798512832814
90.0,-1.91070722057369,22.212041392286,0.803198494825964,10.167074317968,21.259830667921,4.9135363414092
91.0,4.48764085786987,27.279643591501,0.548663468128855,8.12691341101211,29.5130226182317,11.6699813830995
92.0,3.6370326625176,20.6533054975644,4.60821155184412,15.5654836464857,31.3209464161447,9.17190794694479
93.0,6.74309455325754,16.8623212141063,4.13276558576264,20.5920952069003,25.5061687957201,10.1223411523571
94.0,7.04758989706616,16.8671235905373,2.3819367676321,17.5782666371877,29.2231925713022,11.2216926795112
95.0,1.25442638855203,19.2785316383374,1.42408227396086,11.7464647907442,23.919297243251,6.60634102275982
96.0,6.5664047151277,18.9928579930961,3.29936912272349,18.0391620045233,27.3356743244852,10.4327741367505
97.0,5.7638159539885,20.9564217252396,5.76076677316294,14.2098402555911,27.1704792332268,10.3808088857897
98.0,3.56440956955061,20.1873982212201,2.60829262182137,12.8840035074533,26.0616309658023,9.02013226561094
99.0,4.3098287717406,18.3018583042973,1.75365853658537,13.6459930313589,24.5524970963995,8.33599300714974
100.0,1.6565125807273,18.701329394387,3.34903988183161,14.6630723781388,23.929246676514,6.64558042926379
101.0,0.708918705603788,21.1428342674139,3.89671737389912,14.6794235388311,22.73354683747,6.15934461649262
102.0,4.87733093193349,17.6165396428165,1.95381640313957,14.5759299283358,25.9074053008759,9.16892603316662
103.0,7.79227029048747,17.4897558581769,7.44693902588639,19.9272481904061,27.4421543368912,11.1171907912671
104.0,17.907129759465,23.4206751458353,7.71368461317778,21.766759108731,31.8200248637276,20.7075119872136
105.0,18.3932398434588,21.7042438271605,3.68996913580247,22.0703703703704,31.3135030864198,21.5340046871012
106.0,10.2989568081991,19.332350339133,2.79465251155018,17.2939152658999,34.6495625675809,15.5458296291231
107.0,-0.246942194276797,21.8945454545455,3.39190082644628,11.1247933884298,22.9578512396694,5.76659872203009
108.0,3.72602495145848,19.2160569604714,2.97962190031918,13.9021605696047,25.296464522465,8.71620567454922
109.0,14.6967326485727,20.8923118376145,5.89392850727501,25.2911801688522,29.8979701814263,18.1931224706654
110.0,0.956702151307827,25.3849427168576,1.17103109656301,8.78134206219313,25.2726677577741,7.38449007799388
111.0,-2.96082837516917,26.4615720524017,2.69650655021834,10.7497816593886,24.3951965065502,4.59191579376609
112.0,0.840774874731568,23.1137858851675,1.57730263157895,13.2501495215311,24.5623504784689,7.08622577833404
113.0,-2.03299418278193,21.5223238300161,3.306437152591,10.5875918952842,21.4493455262686,4.27213827736179
114.0,-2.51759735069088,20.7623410620793,1.01271503365744,10.0835826477188,22.9313762154076,3.78147886199265
115.0,0.68666681603298,20.1093429966913,1.3938868756893,16.9169686466047,24.779423349614,6.54515349503267
116.0,5.43859139183902,19.4188683948156,3.65353938185444,19.4480309072782,29.7255732801595,10.8600521378757
117.0,2.10210531554848,21.5638766519824,1.47349232872551,14.8743733859942,24.4810876500076,8.16869893461147
118.0,-2.04322983234343,25.4642392717815,1.25617685305592,11.1840052015605,25.6022973558734,4.92905709429057
119.0,1.73014733914916,19.8,1.50863509749304,13.216852367688,27.7157381615599,7.93482884456086
120.0,0.946405080517124,19.9194519722975,2.87955435109907,16.4421860885276,21.64438422162,6.11043722277541
121.0,-1.7909679485713,23.4500952380952,3.01942857142857,11.4285714285714,19.9525714285714,4.09415221996947
122.0,10.332818041284,18.1948493683188,6.59863945578231,18.5428571428571,29.9234207968902,13.6793258477735
123.0,15.0319519492699,16.1679025837171,5.45359456716884,18.692685972992,30.2886581843728,17.690331620738
124.0,3.27699760238783,21.1102951763859,4.31461483081354,10.9900647948164,28.5179265658747,9.06926512581456
125.0,2.34771751073819,26.2225745085606,2.83354470513633,11.3533608116677,29.6253963221306,8.75664443559626
126.0,0.955890215647835,20.8962087357647,1.63773965691221,9.75320743837394,26.2114747008793,7.0140657289514
127.0,0.153386988598256,23.3564286967199,7.59638659884231,14.142080336783,27.2641641817225,6.04953408533595
128.0,4.08161350844278,21.0735212053571,6.74944196428571,15.2491629464286,32.4379185267857,9.51807916048819
129.0,7.26357784631889,18.7346830612678,5.04324782700869,15.3684545261819,27.2008691965232,11.4313812744749
130.0,8.33282761653474,16.9249249249249,2.8963963963964,19.8542542542543,26.1981981981982,12.3526138206038
131.0,4.65139648293188,21.5078913692592,6.05630598606569,12.6701265462818,29.1640836058581,10.2236482997713
132.0,2.29071683951619,21.9814171324974,2.33630457773077,11.788034446291,23.327541924762,7.90238842222447
133.0,5.37745319706973,19.6728983091212,2.40628721124077,14.8597285067873,30.1227673255537,10.7584473547776
134.0,8.06492566023218,18.8802816901408,6.21555897887324,18.6854093309859,31.6139964788732,13.3869137414721
135.0,7.9408094630639,20.5355497447391,8.3063130369817,24.3942223882455,28.7604283401818,13.028330375049
136.0,9.75793270836581,20.5494806421152,3.02870632672332,14.767044381492,30.2786591123702,14.5214001732448
137.0,7.2961083647292,19.2989731437599,1.55835308056872,12.5544036334913,26.922195892575,12.0142158461037
138.0,11.2494377579517,19.8124475230898,6.24034424853065,21.0670654911839,27.3561083123426,14.7730105169823
139.0,11.0151655446833,20.2694765045342,2.709604286892,20.2643239901072,27.7207337180544,15.4838267885156
140.0,13.7985165205664,19.4686300684131,5.54763891206408,17.505840146838,29.8333055231103,17.1479734412376
141.0,10.6104858018752,17.9680766161213,2.59475037687328,14.7104726434335,31.0152522834087,14.6981844168025
142.0,3.91028368000358,16.9711156577205,2.4391623540739,15.1810085449513,24.539535443495,8.93772893772894
143.0,9.87649949094772,15.7878732200276,2.60284795590262,17.4541111621497,28.5619660082683,13.5341703996293
144.0,4.88124351883858,19.1943411114869,2.02423627550445,13.5790778942622,26.4346747830008,10.3040495350694
145.0,0.735964655340754,20.8553611920959,1.21396177518627,12.6379980563654,25.2392290249433,6.97257903331952
146.0,-0.489050493962678,21.9139850232746,5.04654928152196,17.9413074276462,21.434729811779,5.37916039928894
147.0,3.89345233593021,22.4676593764542,4.42779587404995,24.0570808127811,29.8197611292074,9.95255282352057
148.0,6.59088702406547,21.3143469971401,4.65169208770257,20.871782650143,26.0626787416587,10.9514917660029
149.0,9.41280011102373,19.6543763676149,6.70087527352298,23.6761487964989,27.6219912472648,13.5631038925186
150.0,10.6392633928571,19.3298506005273,3.8305829508837,22.9800800703056,28.9612342544673,14.8941252277474
151.0,7.77674664086381,19.3992111272576,4.62487025119369,18.3483495951837,26.806414780984,12.2317113248472
152.0,11.8719080841099,23.2324442025041,6.9606967882417,22.5478497550354,32.5131192161132,16.3035151515151
153.0,7.59172531242956,22.95070593963,4.86903602726388,19.5796007789679,27.3031888997079,12.6484242545128
154.0,3.28647385984427,21.5418874589957,2.05071915215746,13.3266464799394,26.5560181680545,8.88346540587334
155.0,1.4479938101028,20.8900014304105,4.44557287941639,13.6295236732942,24.8448004577314,7.27674869895034
156.0,4.27999910650465,16.8986462625074,2.88816951147734,17.9837551500883,23.1314891112419,8.66843454038997
157.0,2.52100182624576,20.8034636578326,1.86210968249803,12.5313565993178,26.0457885069536,8.00318941201996
158.0,6.64328713125817,20.0557628979144,5.6563117453348,13.0948408342481,29.7017563117453,10.8430236274155
159.0,12.7881431244153,23.1649738684548,5.72783749137166,17.3811261216843,35.4327975544818,17.3903459821429
160.0,16.7080143052589,21.4529171376402,6.58951395530823,17.0242587601078,35.8093209286149,20.7360534478645
161.0,17.9669190474094,21.1013105580916,2.32601973199823,19.9891032248564,32.7922986305404,20.7175480505819
162.0,8.93379298531112,21.3461538461538,2.356191369606,13.4629455909944,27.9796435272045,13.3508640762181
163.0,4.10632183908046,19.6310444316215,1.37841892671668,12.5803808424697,25.7369878822851,9.02859956330008
164.0,8.94719976231404,15.0229945126731,2.69445170281334,16.4203466596986,25.1737653514502,12.4177322381235
165.0,4.48476818384177,20.4324197153276,2.10457593224327,12.034466533349,27.8998941301023,9.42827855859664
166.0,7.55105160752339,18.9915715352609,2.45663074789288,16.7186599807959,25.6916675557452,11.8478366216684
167.0,12.2536039589758,21.0224516862448,6.30845017051914,16.0796703296703,29.5597764304661,16.221061379556
168.0,11.6593059936909,23.2110051614032,3.38395590936926,14.0805703787945,30.7853206193684,16.4972274374536
169.0,13.040542325131,19.8603658536585,4.34320557491289,20.0538327526132,30.2950348432056,16.8272420886769
170.0,18.7668943890693,19.0923624736574,3.64406656492987,23.8604752561587,30.2600828428167,20.9553315083127
171.0,17.9556405771753,20.4961165766699,3.4624602411421,19.6969450403136,33.231230120571,20.7225873851913
172.0,13.8744143453446,19.4495089011664,1.81445672191529,15.8010282381829,31.6680478821363,17.3459561634526
173.0,11.4732067365919,19.6926100628931,3.71890286512928,13.6251747030049,28.4698637316562,15.0215602707569
174.0,10.0358192116953,20.5584769695199,4.54825202064466,15.7888791508423,26.4588567533353,14.287054145714
175.0,14.7714546759773,20.7483497677451,4.77613886398827,19.3491158014832,31.8267459864722,17.8498929660302
176.0,13.9721460991693,18.4776311554554,4.86803990988091,15.857177341487,34.5716124879305,18.3095161943751
177.0,11.5449142210224,20.7080430652312,4.81027775264634,17.5162399348593,30.8580475888899,15.4599965364967
178.0,7.76477578998748,19.8087734656162,3.79642058165548,13.8062445287423,26.3174788444704,12.0247942626246
179.0,17.3551513344267,19.1235920142935,6.87376679872602,20.4545948885264,37.447292783345,20.5584063677548
180.0,10.1142062561769,22.6887437810945,4.61847014925373,18.4664179104478,30.2885572139303,15.3173309592293
181.0,9.27039958312608,25.2215795328142,4.62313681868743,15.593659621802,31.7911012235818,14.9056439054316
182.0,3.24778903360669,23.5476128358988,2.22123662927211,13.8012001043569,26.3319853900339,10.0456056680348
183.0,4.91026123793834,21.5340969632392,5.13545551411827,21.1138785295685,24.3604155567395,10.0858153039243
184.0,3.65343587199206,20.7370206489676,5.94365781710914,15.7880530973451,26.3153392330383,9.1034116455446
185.0,1.93168859344144,18.9830567081604,7.66459197786999,20.0755532503458,25.5259336099585,7.52188710570006
186.0,6.69542858555641,17.6334079396867,5.54435151372364,19.5326893627047,25.6765225586053,10.6053370786517
187.0,16.1299062931306,21.6300670887272,9.22243220258906,25.876972503071,31.7269205329302,19.6502149530466
188.0,7.25312305170065,24.328125,2.08588286713287,12.5496066433566,28.5486232517483,12.8860166951068
189.0,7.64514411094306,19.6063030539565,2.54951702605132,13.0715191726022,30.5010244901942,12.8287559208989
190.0,2.85985672928597,21.3904809998738,3.28582249715945,11.6227749021588,29.4105542229516,9.38344217400464
191.0,2.42631511364123,20.7233186185406,4.58867826538561,11.1151648922358,26.8701635938717,8.45966968566862
192.0,10.030883341647,22.1230390649031,5.04398646570286,22.8028298984928,30.171844560648,14.7950943559183
193.0,8.01366752265541,20.179507467115,6.24893680150331,13.608841855405,29.5701711007813,13.1338976610656
194.0,1.22459711235522,23.1856540084388,2.90862796449876,9.71177069693002,24.1729957805907,7.37600108592371
195.0,2.1905529953917,23.0457214765101,1.90072706935123,12.2841163310962,24.8706655480984,8.12513489311873
196.0,10.854536425271,19.9760801739624,5.17783870662759,19.064479531058,32.2336201191264,15.5163580047751
197.0,10.2146236924187,19.0553443550526,3.45804968614623,17.9923083723809,28.5614004066838,13.8923463675349
198.0,16.5528364601691,19.8475547195622,8.20545485636115,25.1908344733242,32.4194596443228,20.2929078484708
199.0,16.5604793273815,24.2420509405693,4.97103379390711,20.2736807058432,36.6985183952056,21.2229973434699
200.0,13.5392353276113,22.103844191189,5.92396666099677,15.1824289845212,35.8731927198503,18.2502152321357
201.0,16.1779468544174,20.487397556827,3.84405443018401,17.1163599814443,32.3971702489562,19.7606567015671
202.0,14.6083661645423,20.609995800084,4.45090298194036,17.2590508189836,31.3865602687946,18.2097674633201
203.0,15.9105874045633,21.6850861060023,6.95042635010868,23.0830128741013,31.1121885972245,19.3280827297321
204.0,17.7057514400419,19.8404514273069,4.34085712178211,18.4506896806078,34.8664158737184,21.3119341742472
205.0,10.3984043126685,18.9615956609221,2.2367246960021,16.0020995538448,28.9962382993614,14.9227061456361
206.0,7.54848787537458,20.1290421927933,3.85740683708038,16.2510009239298,30.0309003182425,12.3683652929336
207.0,3.7826869168654,21.7847181530529,2.44474393530997,10.7291691081683,26.9889839446853,9.37677467847002
208.0,6.83476652797041,20.8791552111972,6.83929017745564,23.253936515871,26.8347913021745,12.216840845265
209.0,2.35233434426983,25.8634317862166,2.35611814345992,7.96188466947961,27.210970464135,9.04172493638094
210.0,10.3797633566553,20.2618662351672,3.17925206760158,16.3033980582524,31.700467457749,15.1128842994602
211.0,10.0384058896123,17.5380960917892,3.76541771244174,18.1462889924704,28.9500717102904,13.8856985675293
212.0,14.2812724697679,20.040859088528,7.63523659856819,20.6896280775275,32.9113846691112,17.9777657501624
213.0,17.8876797678488,18.2451630928267,3.91520569951806,20.6392400642593,31.6388908290843,19.5800972419797
214.0,19.7266059412796,20.9911380922476,3.81208568836787,20.9186379178006,33.4747749633661,22.5146226516602
215.0,14.2498363109157,23.106269042563,3.30698919767334,19.7876465700305,32.8334410488413,18.6909881220799
216.0,6.20613842636429,26.3097597084614,1.96128003644232,8.3696617697301,26.8912424553012,12.2026824603047
217.0,2.5174556715025,24.0041073032987,2.38582980361956,10.0096264921063,26.529200359389,8.43925213856187
218.0,8.87412885488374,16.9927509634795,3.24298036336943,16.7271058909892,28.5711139658653,12.542354866824
219.0,19.1159430137483,19.5491089592318,7.67515664415331,28.8363577182846,31.9002359833998,21.1887612264552
220.0,19.4485081175954,20.9388908512893,4.40614623807842,21.1499116919816,31.9419992935359,22.2064531621805
221.0,11.8088148085395,22.2990613592908,4.95298105336346,15.013645054754,32.0505823048844,16.2801013406524
222.0,5.32787484298276,24.1619103773585,2.69740566037736,10.33125,27.1902122641509,11.009706304541
223.0,10.1348271842813,23.9563701669132,4.50845129938728,17.8456581449398,29.1043735474329,15.0287222958894
224.0,7.41286198799896,20.6724617524339,3.17881978939003,14.7738923107491,27.4827140870256,12.3653967083722
225.0,16.8980256641648,16.4646601795278,3.8854190239119,24.2540544617938,32.7457192426643,19.7051206205219
226.0,15.3750137880827,19.6859996777831,3.91324311261479,22.0485741904302,31.4407926534558,18.5605319172281
227.0,9.43980952791364,18.6374672234631,2.33378653976886,22.3087306982616,29.3898222783335,13.6643600103155
228.0,6.46369615955867,19.9869773120358,1.43514090955336,14.7444297487028,26.6337369010072,11.2760410047867
229.0,10.96463677214,19.7013011682021,2.91138759616298,19.6977870642986,25.8986608414854,14.4448537125539
230.0,16.005829828057,21.9348383786557,10.0805541303232,27.4547973319651,35.4618778860954,19.6881998487473
231.0,10.3458785297088,22.575795443622,3.03133711429395,17.0351821589926,31.7741997500721,15.532332209623
232.0,15.9093670433734,20.076993660327,5.4019019019019,24.9644644644645,30.1291291291291,18.5022978043203
233.0,11.8184499020778,17.7863201588161,4.17388558022018,24.4160801299404,25.7903807976899,14.7273502164599
234.0,6.66308345739557,20.2744222395891,4.30132856983365,19.9359160433181,26.4313944401027,11.076425209205
235.0,4.95888087262733,17.7347773234612,2.48513647916897,16.1905182893137,25.1559288319151,9.20815487407915
236.0,-1.90960064351282,21.4961860465116,2.33153488372093,11.7998139534884,21.6684651162791,4.59325678102259
237.0,-1.40904100900198,22.693167008006,3.69484267361758,11.5550176875815,23.412399925526,5.13451844636552
238.0,0.70178528188082,21.507084715104,2.70183901115466,15.1526982212843,25.7529394030751,6.4576048088103
239.0,1.03614510874351,18.4554414214325,3.10521932259856,15.2524986118823,26.1492226540811,6.9168553652692
240.0,3.60247413405308,17.2585605375372,4.44837834345523,22.3154154283499,25.7115906447861,8.53240232229719
241.0,-0.4633897125962,18.9906770594528,2.0530337765551,11.9995414947272,22.5735900962861,5.24252621523632
242.0,1.8588831603907,21.5666913397483,5.87979274611399,13.1375277572169,26.4775721687639,7.39830673624494
243.0,3.93057888535112,19.6009838753758,4.22219185569828,15.1127357201421,26.0815796665756,9.41374488063131
244.0,0.728778407431209,25.1570382424736,6.89788445890968,16.3291293734744,25.4092758340114,7.35626456876457
245.0,1.51081870589148,23.6186854970125,5.41046532681514,23.1506427666123,29.0814774579033,7.269063489204
246.0,6.89520186821388,20.2766182298547,6.48163804491413,24.9418758256275,33.2318361955086,12.4469905798317
247.0,-1.27284586011432,24.0105323630793,3.09268479509766,16.3661432401379,20.899655304481,4.99050438077196
248.0,-2.92041770862277,20.876211631664,2.23707592891761,16.4297253634895,19.828352180937,3.09516867971678
249.0,3.22078996346591,16.2380203118295,5.90673723358604,27.0665140895437,25.6353883564583,7.85302943534532
250.0,2.12918270088432,20.2427666495463,9.30097586029789,22.6064030131827,28.0720766991953,7.98605663385378
251.0,-1.29569457779575,25.1799795709908,1.94708886618999,17.108886618999,24.0610827374872,5.41756439690188
252.0,2.04785899847711,18.5669562818922,2.66473589849676,15.2050751620466,24.0166873534685,6.83423415374994
253.0,3.22846906124656,17.4357834161653,3.35077164530473,20.5854041328799,23.8505100706252,7.92956703252306
254.0,1.42650795467552,17.9842611483533,2.61177499271349,19.692509472457,22.4947537161177,5.89076340060268
255.0,8.27117046347211,15.6240624366511,1.58595175349686,23.6584228664099,25.7885667950537,11.4452298400626
256.0,3.51825188260495,16.9168772107125,3.63681152097019,15.7191763516928,25.9077817079333,8.00244649666086
257.0,-2.03243283544996,19.646574241511,2.50492264416315,13.641551135222,21.8137432188065,3.92478908188586
258.0,-1.49254111946959,22.9067663257278,1.05192761605035,14.7338709677419,22.006884343037,5.00068723274282
259.0,0.536381124816114,24.103549332465,1.69960924780202,12.2987626180397,26.9941387170303,6.7629997741134
260.0,-0.965266721976815,19.6308835672998,1.58100743187448,15.6260941370768,23.5864574731627,4.78317456057963
261.0,4.29081632653061,18.1860618014464,2.17225509533202,22.9783037475345,27.3304404996713,8.95665620489794
262.0,0.579265521316244,18.5870153291253,4.22693116922152,13.4490532010821,21.1898106402164,5.64714942580806
263.0,5.94031164715204,18.2599618363453,5.91660118980806,16.4266472106858,26.7985183522281,10.428464895927
264.0,3.41631876682888,18.8752790178571,3.98381696428571,18.0796595982143,23.6227678571429,8.43462341811033
265.0,-1.21578736610271,25.9584991472428,1.76388099298844,11.7288231949972,22.4328216789843,5.25092416824858
266.0,-0.021744966442953,21.1675906858863,1.54760019008395,11.3662284175511,24.8792966893711,5.50690894479541
267.0,-2.66188721384701,23.8740220661986,1.3049147442327,10.4980942828485,21.5201604814443,3.01255715400914
268.0,1.35907732323348,20.0060695780903,1.8180606957809,19.4957809030348,21.5677276091784,5.73056770548569
269.0,8.25261067475901,15.3009157873781,2.98317738403345,22.9565000995421,25.5911805693808,11.2430309906783
270.0,6.59434173418685,21.0493594574228,6.49196181863853,22.1581260989701,26.5106757096207,10.7027436646087
271.0,1.14141537559259,22.6446576679135,1.73914457635388,10.3711172548382,21.872011709221,6.39607632619199
272.0,-0.463277966780068,21.5760770768951,2.04144700963461,14.1926922377749,23.0507180512634,5.48331334932054
273.0,-1.18932341543807,22.6127307227876,1.53769190960842,9.48093841642229,24.1493876142832,4.87799181421835
274.0,-1.40449312868106,22.636495031617,2.62077687443541,12.9855465221319,22.1163504968383,4.16867791779846
275.0,-1.02444075279339,18.5908448214917,2.94821491693178,20.9363732767762,20.8658536585366,4.1131189914747
276.0,-0.84506701823775,20.5031478645567,1.32958992683342,15.043049174749,21.929896205547,4.63364055299539
277.0,0.764283403429311,18.5178910471739,1.35694464729078,13.4574266101942,24.2643493500803,5.89706927367084
278.0,0.0397824360424539,20.2566475934029,2.67216425445978,12.987041400202,21.7273645237294,5.20760739140869
279.0,0.998932393177248,20.6060209424084,2.34064136125654,13.6312172774869,23.3457133507853,6.01094682616341
280.0,2.5865414571187,19.9918224299065,1.83891484942887,13.5207684319834,22.941199376947,6.95343779129122
281.0,3.88478660494784,16.8504118217054,2.97710755813953,15.8992248062016,26.6179748062016,8.37658752070679
282.0,5.65176176403728,16.3121149897331,5.57929701654789,17.4085034424447,28.8301727261747,9.56666591171608
283.0,5.92078569204075,17.1866395847439,2.63461972466712,16.1430828255473,26.0256149853306,9.41497096245068
284.0,15.6362468720243,16.3308008372742,3.96519110008528,20.4801922629661,32.4557717652531,18.4209922569544
285.0,1.20823005655156,22.5127150906045,1.97791990254302,11.6797624486067,23.6671234962692,7.15345618798203
286.0,1.76792882985578,20.9196500890977,5.74971650737081,13.5268103029321,27.4979750526486,7.44415603678434
287.0,0.919286678319358,22.2854020979021,2.18152680652681,10.7823426573427,25.6220862470862,6.65819652208498
288.0,5.41333245155744,17.8293073963232,1.05728943993159,14.4240059854639,24.4519025224455,8.9476543427101
289.0,2.43614689568796,16.2403944672131,0.836321721311475,15.2783043032787,19.9480020491803,6.16287379681533
290.0,3.01009634419955,19.8510460251046,0.993723849372385,20.002510460251,25.078940027894,7.80341805241307
291.0,1.43491086039101,19.9070857457954,0.92031982354563,12.993658671078,23.7009925558313,6.80068846815835
292.0,1.64215074411906,22.1016235718581,1.30983162958509,11.2009921828022,22.7289536981359,6.88329020509872
293.0,3.43918667295613,19.7746246039399,3.05289984846398,14.7633282821325,21.158837305414,8.16068958703814
294.0,6.9460410818518,19.7072463768116,2.21137949543747,14.6631239935588,28.0429414922169,11.5368229120342
295.0,2.82417218543046,19.6621438263229,2.14735413839891,14.7578018995929,26.0291723202171,7.76567351522759
296.0,-0.976418471451584,21.2237168141593,1.59646017699115,13.4663716814159,22.3764601769912,4.36259831962817
297.0,1.628599867286,20.341403616304,5.12565124118909,16.5268158136684,23.0862703034018,6.17120116412382
298.0,3.41297820404813,18.9455392332497,1.27564791592022,11.0464588558462,23.4985071061746,7.83464176336108
299.0,3.1240897174483,22.0119080587095,1.8582110218776,11.4068125173082,23.0023539185821,7.64866108178781
300.0,3.79158631888765,20.6100143061516,1.45679542203147,16.5175965665236,25.8457796852647,8.5910264850357
301.0,-0.122991190140357,22.6694567536517,1.21270310192024,10.8549154767766,23.7562776957164,5.66590478829016
302.0,2.44350295746878,17.5287339556593,3.1296674445741,20.0847432905484,25.2957992998833,7.11550706995037
303.0,3.86467123452338,15.7453709163816,1.8769902111098,16.4197428942092,21.5948814718717,7.23158147348212
304.0,8.48542345276873,19.3256299778039,6.53923488706097,25.3638856247552,27.0327719023371,12.0824686699906
305.0,1.87849581657653,22.1539321134237,1.21287889370024,9.65274479675932,22.7485682357871,7.09732899323591
306.0,0.35818294959552,20.0870010235415,1.04981235073354,15.5552712384852,20.6047424087342,5.11853138179112
307.0,-3.74072302502392,30.4208180388044,1.97876245411641,7.92239119035134,23.2839538542213,3.19502627674822
308.0,-3.3756395296652,25.8292630213962,2.26734385130754,9.19170088610331,20.6844607737195,3.08746610492347
309.0,-0.246206425153794,22.1091798852514,1.94380695241309,14.2740465744178,25.0572055349308,5.55142182247661
310.0,0.431386216831637,18.3455904790967,2.17866951480012,15.1631064998474,22.8729020445529,5.71325200612273
311.0,1.75222125726501,18.0443037974684,1.88040611814346,11.5371835443038,20.8225210970464,6.21520337852856
312.0,3.64425191022487,19.5991715976331,1.70840236686391,11.6482840236686,23.645798816568,8.44115669132482
313.0,6.90048585170536,16.646511627907,1.50614987080103,14.8392764857881,25.2270801033592,11.6066344935166
314.0,-2.54168126971411,25.6626931567329,1.67858719646799,9.14679911699779,23.3935982339956,4.38702662167229
315.0,12.6113677306111,20.5149612889726,7.69585687382298,25.6779661016949,35.2754760410128,16.4614269942037
316.0,10.1077245282178,18.8149115930668,1.97604738263217,12.1325668495776,27.2145283511889,13.3762374035103
317.0,3.27809528112223,18.3778328173375,1.41300309597523,15.1306501547988,23.0454489164087,7.89032258064516
318.0,1.44596980665666,20.3154859967051,0.950164744645799,11.6602141680395,20.3209774848984,6.18137741046832
319.0,13.723536036036,19.3219398711525,8.55279169649248,19.9951682176092,31.7558160343593,16.7923510719241
320.0,8.93989351309105,22.4237768333878,2.77933965348153,12.9434455704479,33.9081399150049,14.5848817361619
321.0,1.29702052957527,24.5085181613629,3.0233044037287,12.2974927675988,26.5991642558663,7.79011443876309
322.0,-0.436011367737279,21.9079074252652,0.732883317261331,14.6377370620379,24.1615236258438,6.28057294716454
323.0,-3.16775678570615,19.3476892822026,1.25368731563422,11.9284169124877,23.1136676499508,3.47690452352781
324.0,2.56861165200654,17.323438549362,3.67280053727334,14.8686366689053,26.2901276024177,7.82844198451135
325.0,1.85598311763819,20.5714480316033,1.27584797711483,14.4368614630159,23.7546655768969,6.94834519687749
326.0,-1.66502690656085,21.7071103761885,2.27883422902026,11.9330301777594,21.7219925589086,4.90159574468085
327.0,-4.63671702690781,26.9306989088764,1.39427897375405,8.04806841639634,22.6057210262459,2.73338285462749
328.0,-1.26249830032181,22.2051015096304,2.03348950199549,12.3354155821621,23.4754468158945,5.35409457900807
329.0,2.31064673513489,19.9622011486577,6.25764658741819,13.6973420595699,23.2938426606117,7.87336768233099
330.0,14.5861362705384,18.5298658012455,5.27576528374704,24.9138672046312,30.816156477502,18.0165510361402
331.0,9.41190364774829,16.8269605239865,2.7103912196849,14.5105328376704,26.650380598336,13.019395449187
332.0,1.44981208441746,16.7452846219201,2.01716227697536,18.9658453695837,21.0569243840272,6.38365215384172
333.0,2.63322728695108,18.3313093569983,4.49322746380196,17.9450412579791,24.0295811925891,7.68756009459214
334.0,6.28394647332617,19.9557044079516,2.71661624891962,16.2345505617978,26.1561149524633,10.180106508612
335.0,14.5902163225172,19.6638362531284,4.66526635681087,20.5831247765463,30.1796567751162,17.4091153733242
336.0,15.7251637302832,19.2003041311143,4.13745036749176,24.7541606826054,31.7444453831207,19.075778109567
337.0,6.20829401882494,21.4186782282634,2.6983829388329,15.8589172720881,28.7110382001406,11.4615720423684
338.0,1.51239416023963,18.3824400754107,1.96889307837328,14.6240237005117,22.3557769997307,7.08523208737407
339.0,-0.962841976316864,19.2981829980532,1.39114211550941,13.7944516547696,20.5682998053212,4.7779641044235
340.0,1.33545416119775,18.7860172390204,1.1771788206321,15.6580927623478,22.8474483513477,6.55521506450825
341.0,-0.951412201216588,23.6780339112212,1.69308439702801,14.4290341017337,23.1345018098685,5.34451050536605
342.0,-2.2307392287891,23.3100145742244,2.83656048303144,10.3218821569852,21.3252134082865,4.49793672627235
343.0,6.89895833333333,18.4685639437961,4.46439628482972,18.8806858775899,28.0797809002143,11.6704145152729
344.0,2.02378821423524,20.7253812170443,2.50819438506484,12.9019524013111,23.1268348296993,7.26419265321481
345.0,3.21318432593012,18.1791799787007,1.96152822151225,16.4657880724175,28.3185569755059,8.34443398446693
346.0,-1.10313088031921,20.9197860962567,1.96722442642746,11.0257029498016,20.8583750215629,4.58939363074625
347.0,4.62963210255725,17.7619423163587,2.70887787291573,15.2395223073457,23.4845651194232,8.95193011241436
348.0,6.53051465006832,19.3593841814549,3.9548713127277,16.2431543072041,22.4216711717006,10.6160811117557
349.0,-0.87494194746891,23.0617895122846,2.58287495416208,10.8663366336634,20.5845251191786,5.75520296723676
350.0,4.7212893936227,17.6777473155129,2.20676262280101,17.3944482522276,23.4891478181403,9.43674112522013
351.0,6.20262353243237,20.5969563666627,2.82011651408869,19.2207823088812,29.7373677327309,11.0801852757023
352.0,4.80192213715589,18.9610637485685,3.55083343936888,19.5653391016669,27.6975442168215,10.7245458974181
353.0,1.48806495144128,21.4946321026447,1.3006022518984,9.90036658811207,24.6695470018329,8.90976164704323
354.0,9.86189185644971,17.8937722721873,1.85957916171729,14.6120821313423,28.428898693365,15.0916258303387
355.0,10.6139765554554,18.4678789938817,1.01589055064582,14.8214649898029,29.0015295717199,16.5785731962474
356.0,7.1234641209519,22.3406284509587,1.49181809055316,9.51852223672322,28.1139443830941,13.9678094977917
357.0,4.75735604830639,22.653536051601,2.998733010827,9.17069799585349,30.8119096982262,12.3038255733919
358.0,-1.40412111017662,24.3527045149754,6.77380420205633,13.7503352704515,32.5216808225302,8.09050026535572
359.0,-6.448360562093,32.674045556625,3.9348732755855,8.68752005133141,24.8864292589028,3.65592225262198
360.0,6.63863917990312,18.5740740740741,5.96094082588335,16.4450830140485,26.9428480204342,12.2748568104528
361.0,10.6926400108004,20.4331231896405,4.74305673879707,10.1042767081274,30.1290679843244,16.4062794348509
362.0,16.8166362944338,20.6406789210508,3.8942883301641,13.0023241073315,31.2448763997465,21.6099997703314
363.0,9.34952576558281,22.756894977169,3.17872146118721,8.77826484018265,28.4722374429224,15.6251493978119
364.0,7.6048978493418,20.6871306960441,3.86529794692038,12.472308462694,28.4404606910366,13.4282520734134
365.0,4.03566989136897,22.0268729641694,3.7164766558089,10.5743756786102,25.5893051031488,10.447602896444
