origin_airport_id,avg_arr_delay,avg_taxi_in,avg_taxi_out,avg_wheels_off,avg_wheels_on,avg_late_aircraft_delay,avg_carrier_delay,avg_weather_delay,avg_nas_delay,avg_dep_delay
10135,9.23393316195373,10.6893453145058,18.0487804878049,1233.28626444159,1364.22721437741,28.3786982248521,29.207100591716,2.35502958579882,19.9408284023669,12.5147625160462
10136,9.90718562874251,9.92814371257485,16.0059880239521,1139.62874251497,1191.5628742515,16.9295774647887,17.7605633802817,21.056338028169,11.5211267605634,8.42814371257485
10140,-1.21292039680619,8.15224746254229,14.0178787146654,1225.6590964001,1384.84340260996,23.2795138888889,17.7986111111111,2.05729166666667,16.5260416666667,5.10748792270531
10141,8.98319327731092,8.20168067226891,22.4705882352941,960.714285714286,1040.47899159664,9.875,84.0,20.25,9.75,13.1932773109244
10146,3.42857142857143,8.31901840490798,14.8343558282209,1183.63190184049,1243.1963190184,28.75,36.625,9.75,10.2916666666667,7.84276729559748
10155,1.17727272727273,10.2,11.9954545454545,1232.78636363636,1281.46363636364,23.7407407407407,32.4074074074074,12.1481481481481,6.88888888888889,4.25909090909091
10157,23.552380952381,9.31904761904762,14.6809523809524,1150.3619047619,1234.94761904762,29.2428571428571,21.7285714285714,0.0,40.4571428571429,24.1904761904762
10158,-4.6402027027027,9.88195615514334,12.4350758853288,1181.29510961214,1392.00337268128,27.865671641791,16.6119402985075,1.32835820895522,18.4328358208955,-0.0741989881956155
10165,-10.1176470588235,3.94117647058824,8.11764705882353,1712.76470588235,2051.05882352941,17.0,0.0,0.0,0.0,-5.64705882352941
10170,-4.04950495049505,3.94059405940594,8.14851485148515,1307.51485148515,1378.45544554455,39.6923076923077,3.69230769230769,1.23076923076923,5.46153846153846,-6.45544554455446
10185,-0.316929133858268,10.6437007874016,18.3799212598425,1171.5905511811,1307.34251968504,19.2659574468085,10.2340425531915,1.71276595744681,19.2765957446809,1.8695652173913
10208,7.31847133757962,12.4203821656051,17.5694267515924,1230.89299363057,1288.40127388535,46.968992248062,29.4186046511628,4.7984496124031,10.6744186046512,11.9515923566879
10257,5.2671635935661,8.56589753617521,17.266327727806,1209.86390301134,1347.59014470082,26.479427549195,23.0679785330948,6.60286225402504,17.788908765653,12.3292921392257
10268,14.9223300970874,14.9126213592233,19.7766990291262,972.31067961165,1046.66019417476,13.4242424242424,18.3636363636364,10.8484848484848,17.6060606060606,12.9711538461538
10275,-0.408450704225352,7.53146853146853,7.48251748251748,1056.99300699301,1135.53146853147,29.7272727272727,7.90909090909091,0.0,8.90909090909091,0.0769230769230769
10279,-1.05021834061135,7.99019607843137,13.4842219804135,1231.2274211099,1303.59368191721,33.8095238095238,16.9714285714286,3.43809523809524,18.047619047619,2.60282916213275
10299,-5.8206599713056,5.61505529789511,14.6676126285917,1208.70531914894,1258.25820256776,13.3806451612903,22.2903225806452,3.58709677419355,11.7096774193548,-1.20709219858156
10333,28.6666666666667,7.44086021505376,22.4468085106383,1107.13829787234,1159.58064516129,32.5172413793103,33.0689655172414,39.1379310344828,10.2758620689655,31.968085106383
10361,10.978021978022,7.53846153846154,22.3913043478261,1018.17391304348,1105.96703296703,45.0869565217391,23.7826086956522,4.56521739130435,15.2173913043478,18.0
10372,20.7538815411156,10.9174311926606,21.509747706422,1329.17775229358,1495.09518348624,49.5319926873857,21.8080438756856,5.04936014625229,20.8775137111517,24.3579610538373
10397,1.57025011548868,6.06041947910836,16.7060295303781,1490.9601323435,1548.50656876626,20.0945245606129,20.7228481297882,10.2326498422713,12.8515096890491,8.76595884882131
10408,8.63655244029076,10.619689119171,21.5544041450777,1147.90155440415,1274.12020725389,30.7154811715481,21.6652719665272,2.35983263598326,16.5355648535565,12.4278296988577
10423,1.24808318453944,7.96832389343403,14.0725747246985,1286.54766649187,1449.01950912524,23.6880341880342,20.9358974358974,1.10185185185185,18.1225071225071,6.64964345637584
10431,13.9411231884058,11.2173913043478,17.8949275362319,1250.94384057971,1328.63315217391,42.74609375,31.26171875,3.109375,15.265625,17.0036231884058
10434,9.34036939313984,11.2427440633245,20.3491436100132,1134.76152832675,1239.76781002639,20.9766081871345,23.4561403508772,18.4795321637427,20.5614035087719,13.1475625823452
10466,3.05762711864407,6.60585585585586,12.0225225225225,1115.18355855856,1401.48310810811,14.1952662721893,17.6745562130178,2.37278106508876,14.4615384615385,5.86486486486486
10469,11.6951871657754,11.4634581105169,23.1390374331551,1165.44563279857,1163.71479500891,41.0955882352941,35.5294117647059,4.02941176470588,13.8602941176471,17.7326203208556
10529,0.247435897435897,7.98529411764706,14.3101023017903,1240.97847399829,1401.81543052003,32.5562659846547,20.4143222506394,2.25319693094629,14.849104859335,8.35003197612449
10551,-1.51824817518248,4.22627737226277,9.08759124087591,1526.10218978102,1620.33576642336,41.6666666666667,8.16666666666667,1.61111111111111,6.83333333333333,-3.42335766423358
10558,-11.0925925925926,9.05555555555556,16.0925925925926,1071.2037037037,1124.85185185185,14.4,0.0,0.0,14.2,-7.59259259259259
10561,9.57348703170029,9.34582132564842,17.3371757925072,1041.60806916427,1252.87031700288,30.046875,49.109375,0.640625,18.6875,12.6657060518732
10577,14.7339449541284,9.88990825688073,24.8715596330275,1207.81651376147,1296.11009174312,12.0454545454545,97.2727272727273,7.36363636363636,5.45454545454545,23.3302752293578
10581,5.58878504672897,8.49304482225657,22.902627511592,1182.2658423493,1341.28129829985,25.2024539877301,9.42331288343558,5.28220858895706,26.478527607362,9.90571870170015
10590,4.61290322580645,11.0967741935484,25.8709677419355,1293.41935483871,1364.70967741935,5.375,0.0,0.0,22.375,-3.54838709677419
10599,2.26201298701299,9.61981865284974,15.5025906735751,1227.63698186528,1415.27849740933,29.149494949495,19.5515151515152,1.08686868686869,14.359595959596,6.93134715025907
10620,-6.50553505535055,8.84398034398034,14.7678132678133,1251.19975490196,1385.9056372549,23.91,15.37,7.26,12.66,2.42506142506143
10627,8.6078431372549,8.36033519553073,20.1480446927374,1235.84357541899,1343.45111731844,41.5890410958904,30.5753424657534,8.37671232876712,10.986301369863,15.1643454038997
10631,17.9752066115702,6.85123966942149,21.3801652892562,983.578512396694,1043.47107438017,43.52,49.52,25.32,18.8,21.8842975206612
10666,0.0792253521126761,8.14561403508772,13.3064798598949,1127.30297723292,1268.48771929825,22.974358974359,13.0641025641026,0.0256410256410256,19.4102564102564,2.41330998248687
10676,17.8846153846154,6.87692307692308,12.9230769230769,1432.93076923077,1640.75384615385,21.7878787878788,26.030303030303,40.3939393939394,10.5151515151515,21.7769230769231
10685,15.4330357142857,10.640625,19.4821428571429,1074.34821428571,1252.26339285714,41.8532110091743,38.2385321100917,10.9908256880734,9.26605504587156,19.9149888143177
10693,4.64452791531501,7.97527706734868,15.2083191271735,1313.23380497784,1480.23904518329,26.6925195043598,17.1340064249656,4.7035337310693,19.44056906838,10.3144659449322
10713,-2.05562515660236,8.11839799749687,14.947183979975,1223.70888610763,1309.28210262829,24.3920704845815,23.5859030837004,1.55286343612335,18.9361233480176,4.17767767767768
10721,8.20834891548242,8.10982038721717,20.9444496268657,1314.12625932836,1441.10646139491,31.0333000997009,25.0309072781655,6.4777666999003,19.1094715852443,16.5694768255152
10728,5.34042553191489,12.5177304964539,14.8014184397163,1053.80141843972,1145.68085106383,16.0357142857143,2.39285714285714,33.9285714285714,11.8571428571429,6.56028368794326
10731,-0.86875,8.26875,16.175,1171.8,1247.95625,48.3333333333333,26.5,16.6111111111111,13.1666666666667,6.54430379746835
10732,11.8885135135135,8.94932432432432,11.9898648648649,647.043918918919,819.787162162162,46.8115942028985,22.5942028985507,0.217391304347826,9.6231884057971,18.1013513513514
10739,12.44,6.0,19.63,1170.95,1212.18,10.3181818181818,15.5909090909091,50.6363636363636,11.1818181818182,15.52
10747,6.04885057471264,9.16954022988506,14.514367816092,1177.79885057471,1285.83908045977,30.6875,30.5,4.6875,34.2083333333333,6.89080459770115
10754,-11.4462809917355,3.7603305785124,7.62809917355372,1555.72727272727,1692.61983471074,22.7142857142857,0.0,7.14285714285714,2.85714285714286,-9.64462809917355
10779,-4.30172413793103,5.38793103448276,17.8103448275862,960.698275862069,1054.06896551724,15.7777777777778,55.0,45.0,9.0,1.60344827586207
10781,4.87019641332195,10.4641638225256,16.5699658703072,1168.4837883959,1322.57423208191,25.6157407407407,27.4351851851852,11.4444444444444,10.875,8.16808873720137
10785,14.1006097560976,9.72306755934266,23.2287104622871,1209.53710462287,1327.57577601948,32.3763676148796,14.72647702407,11.7899343544858,24.4266958424508,18.0669506999391
10792,8.91126279863481,8.96130445363836,19.7228710462287,1270.99781021898,1389.73789243125,31.8638743455497,17.7256544502618,9.04397905759162,21.9539267015707,14.4729795520935
10800,3.44297197479904,6.06717226435536,14.3630849220104,1374.38929809359,1481.93369447454,25.2286465177398,16.0565045992116,1.08147174770039,19.8712220762155,7.58488523170204
10821,0.42352051427491,6.59453847605864,15.1701471883256,1381.24751541074,1505.92801862455,16.3456978967495,23.5372848948375,2.6038240917782,14.0321223709369,8.1701270919844
10849,3.97784568372804,8.77922077922078,18.8067226890756,1299.65928189458,1472.89839572193,28.0590909090909,19.6545454545455,5.11363636363636,39.9863636363636,11.3641221374046
10868,2.45922498554078,10.442774566474,15.9410404624277,1205.19768786127,1290.87572254335,26.7234042553191,20.677304964539,7.60283687943262,13.6418439716312,7.9277038750723
10874,12.8036951501155,10.4212144504228,22.5249807840123,1153.00307455803,1243.22674865488,21.4893617021277,29.4620060790274,10.1033434650456,25.4042553191489,16.4327440430438
10918,5.15094339622642,5.73584905660377,18.2169811320755,1406.37735849057,1479.7358490566,60.5294117647059,0.0,0.0,15.5294117647059,2.41509433962264
10926,-7.67241379310345,4.93965517241379,10.9230769230769,1503.33333333333,1564.11206896552,58.2727272727273,2.18181818181818,0.0,9.45454545454546,-13.0
10967,15.2105263157895,8.28947368421053,20.6140350877193,1085.98245614035,1157.40350877193,46.2258064516129,13.0645161290323,0.0967741935483871,15.8387096774194,13.0175438596491
10980,5.42924211938296,10.9578030810449,17.4236947791165,1262.40495314592,1335.66309444072,40.5584905660377,22.8188679245283,4.4377358490566,15.0528301886792,10.3827077747989
10990,12.4021922428331,9.38163437236731,17.5880370682393,1244.59814658804,1327.2148272957,38.4794007490637,35.2546816479401,3.38202247191011,22.7191011235955,16.2358887952822
10994,-0.77552256891851,8.85904416212946,14.6261343012704,1283.05595886267,1392.36932849365,30.5659574468085,15.6255319148936,0.240425531914894,21.3382978723404,6.19413365588146
11003,10.9424222369292,12.4001322751323,19.3670634920635,1251.68716931217,1393.84788359788,30.6955223880597,28.4268656716418,11.1701492537313,16.4925373134328,14.6245869134171
11013,34.2920353982301,7.26548672566372,27.8849557522124,1163.48672566372,1218.13274336283,46.0952380952381,40.0952380952381,5.76190476190476,11.6190476190476,33.1769911504425
11027,23.2698412698413,10.0396825396825,22.1984126984127,1188.86507936508,1246.11904761905,19.5,47.4,4.375,20.025,21.6666666666667
11042,6.80822971413921,8.82736114665984,19.2932821497121,1276.49788867562,1382.4897619657,23.9801324503311,22.8278145695364,6.67850692354004,23.3967489464178,12.8725038402458
11049,-0.44311377245509,12.9041916167665,11.2455089820359,1188.33832335329,1240.67664670659,44.0476190476191,20.9761904761905,2.76190476190476,14.0714285714286,2.53592814371257
11057,3.6788425653741,6.14595670818869,20.6731279330749,1494.73821669047,1557.28964161732,20.8047584715213,18.3326604181687,2.41744772891132,13.1447728911319,7.25323234641573
11066,7.92291781577496,8.93370925594829,19.1339199780008,1264.68651175581,1365.52069866593,21.8888242142026,16.9435389988359,4.60942956926659,24.4749708963912,11.9001238134544
11067,16.337899543379,14.3454545454545,16.7840909090909,1078.63181818182,1177.61818181818,31.0743801652893,21.0,14.7685950413223,12.4793388429752,17.0386363636364
11076,9.98095238095238,12.9904761904762,25.3904761904762,984.676190476191,991.609523809524,34.5652173913044,29.6521739130435,6.30434782608696,27.1304347826087,10.3809523809524
11092,13.6739130434783,19.2391304347826,15.5217391304348,1475.60869565217,1551.34782608696,52.25,0.0,0.0,12.0833333333333,3.26086956521739
11097,-9.07563025210084,8.04201680672269,16.655462184874,992.941176470588,1089.40336134454,42.6,0.0,0.0,35.5,-1.13445378151261
11109,5.8625678119349,11.3499399759904,21.2689075630252,1159.87515006002,1336.23589435774,22.5551948051948,40.3668831168831,2.11363636363636,17.4415584415584,10.516206482593
11111,16.8815789473684,10.9842519685039,20.2309711286089,1011.24409448819,1105.93175853018,36.0824742268041,23.2474226804124,3.77319587628866,29.4123711340206,15.503937007874
11122,1.18461538461538,8.40307692307692,15.9969418960245,1199.34250764526,1264.52615384615,78.7959183673469,10.1632653061224,0.775510204081633,16.7959183673469,9.30581039755352
11140,-3.13983548766157,7.49941245593419,13.6580493537015,1184.178613396,1261.83901292597,27.2815533980583,9.54368932038835,3.93203883495146,12.3398058252427,0.529964747356052
11146,9.9070351758794,10.95375,19.11,1275.01375,1361.49125,29.9226519337017,22.6022099447514,15.2983425414365,14.182320441989,14.78875
11150,6.17901234567901,9.49382716049383,18.1543209876543,1182.27160493827,1227.36419753086,64.8095238095238,44.9047619047619,11.952380952381,13.4285714285714,11.1375
11193,6.97167063807254,9.05148514851485,19.3567374950508,1253.56552725353,1351.30851485149,21.9331065759637,15.7046485260771,3.90192743764172,24.9603174603175,10.812037037037
11203,5.59623430962343,11.9334719334719,19.004158004158,1171.44282744283,1271.46153846154,43.5483870967742,19.3548387096774,5.04301075268817,15.1612903225806,8.70208333333333
11233,42.0322580645161,12.0645161290323,16.7741935483871,1215.06451612903,1498.32258064516,91.1111111111111,53.4444444444444,0.0,13.3333333333333,36.4838709677419
11252,0.914230019493177,9.65175097276265,14.4688715953307,1266.26459143969,1375.87354085603,32.0789473684211,6.23684210526316,6.48684210526316,10.5921052631579,6.58949416342412
11259,-1.01649535809019,5.41855653037577,11.42639761826,1376.74454184585,1503.08549908955,17.0063001145475,15.0143184421535,0.645475372279496,9.55269186712486,6.74338405557393
11267,9.22787267080745,10.2116054158607,20.4336557059961,1190.9918762089,1272.94119922631,28.3389261744966,22.3003355704698,2.61073825503356,19.9144295302013,11.0797213622291
11274,9.37179487179487,15.6178343949045,19.1146496815287,1166.42675159236,1225.31847133758,32.1025641025641,1.46153846153846,7.76923076923077,21.3846153846154,6.94904458598726
11278,6.40065565055597,7.3862962799133,19.3933860913391,1397.89884610283,1503.62741628699,35.3800469985046,18.0177312540056,4.34928434095279,16.3817560350352,11.8370808852763
11292,3.35989356555394,6.41304242892311,17.8069135088227,1406.77511811783,1581.99526958536,26.5881429132313,20.8704358068316,2.63905248004188,13.7266064651224,10.0818210300533
11298,4.5138829846739,6.50469981468664,18.3900071409444,1444.88320092832,1545.427180781,18.5225103988255,22.8602887203328,2.19745534621972,10.9053095179839,7.67891013768326
11308,16.5240174672489,10.0480349344978,19.4585152838428,1229.10480349345,1386.04366812227,33.7592592592593,39.2222222222222,15.8888888888889,13.3703703703704,19.7510917030568
11315,15.4285714285714,8.13333333333333,20.7428571428571,1140.28571428571,1238.21904761905,49.0333333333333,39.3666666666667,2.5,11.6666666666667,26.1142857142857
11337,10.3243243243243,11.0027027027027,20.5945945945946,1175.38108108108,1256.12972972973,46.8933333333333,22.4133333333333,19.6,18.4266666666667,16.7810810810811
11413,3.94888178913738,10.5095846645367,19.9201277955272,1200.99361022364,1326.00479233227,20.8211382113821,23.0162601626016,3.03252032520325,17.5121951219512,5.95047923322684
11415,2.29508196721311,7.60655737704918,16.0655737704918,1183.68852459016,1269.5737704918,7.55555555555556,51.0,50.7777777777778,6.77777777777778,14.2786885245902
11423,9.33582647718773,10.8889303019009,18.5944837868058,1214.21282146851,1368.1979127842,28.3884156729131,25.9948892674617,8.11584327086882,17.7649063032368,13.5194174757282
11433,4.38734498730016,7.08548122765197,24.0156756152958,1444.22269799307,1530.67159564958,21.9006178287732,27.3045013239188,13.0699029126214,18.0635481023831,14.7672597068367
11445,9.60220994475138,3.89502762430939,5.27624309392265,1433.55248618785,1642.08839779006,62.8333333333333,11.4583333333333,5.89583333333333,1.85416666666667,25.4309392265193
11447,14.9052631578947,6.65263157894737,23.8854166666667,974.916666666667,1012.65263157895,28.3333333333333,114.916666666667,53.6666666666667,20.25,27.3125
11468,-6.24,9.14,23.4,1135.92,1128.82,1.125,43.0,0.0,20.625,-5.68
11470,13.9397590361446,8.10843373493976,9.03614457831325,1260.19277108434,1306.75903614458,18.9473684210526,20.3421052631579,6.42105263157895,15.7894736842105,11.4638554216867
11471,26.2169811320755,13.2452830188679,23.0,1023.55660377358,1108.54716981132,66.9523809523809,62.4285714285714,0.0,34.4285714285714,24.4905660377358
11481,0.131868131868132,8.55006858710562,13.5555555555556,1193.40603566529,1355.59945130316,32.81,27.16,1.3,11.15,6.6323731138546
11503,19.2924424972618,11.1523394994559,20.2413043478261,1355.78695652174,1628.50489662677,59.6708333333333,21.3541666666667,4.94583333333333,20.5708333333333,23.1326086956522
11525,-3.16190476190476,4.84761904761905,14.7428571428571,967.380952380952,1131.51428571429,12.8333333333333,3.0,88.0,8.0,-0.819047619047619
11537,6.40837696335079,7.70942408376963,19.0968586387435,1267.81413612565,1366.51570680628,44.9047619047619,28.7857142857143,0.988095238095238,12.9761904761905,14.7774869109948
11540,2.80761245674741,8.82025578983754,14.8261320428621,1181.04528171448,1372.15693052195,24.7792494481236,29.233995584989,0.492273730684327,12.9558498896247,7.46371803731859
11577,12.5488126649077,10.6868421052632,23.5210526315789,1298.50789473684,1356.70526315789,65.9540229885057,19.3218390804598,3.32183908045977,15.6206896551724,18.2421052631579
11587,29.8469387755102,9.36734693877551,20.5102040816327,1482.01020408163,1565.5,89.2692307692308,42.1538461538462,0.384615384615385,15.5769230769231,31.765306122449
11603,4.65608465608466,9.02116402116402,15.1262282690854,1188.26530612245,1324.32048374906,36.4254385964912,12.6622807017544,1.56140350877193,26.0043859649123,7.87226001511716
11612,5.62266500622665,11.7691358024691,20.2086419753086,1119.30617283951,1282.97777777778,29.8609271523179,14.6092715231788,10.5099337748344,27.4238410596026,9.64356435643564
11617,-1.00486618004866,9.65206812652068,15.1070559610706,1158.80778588808,1261.36253041363,36.8103448275862,21.5,5.8448275862069,5.13793103448276,5.23414634146341
11618,8.50985681676696,7.40211049037865,23.5818129163047,1426.90645815233,1520.72720877302,34.9161510908499,20.3739824161511,2.84044285249105,12.8708889612504,16.3091435664046
11624,7.111,9.92842942345924,12.1819085487078,1403.00596421471,1553.70775347913,33.9796954314721,13.7258883248731,0.776649746192893,23.1218274111675,11.1153081510934
11630,-8.85403329065301,6.00256081946223,15.7378516624041,1151.20588235294,1306.51472471191,10.5945945945946,37.8378378378378,5.83783783783784,10.4864864864865,-2.67647058823529
11637,21.238679245283,9.79492003762935,23.101599247413,1222.71401693321,1332.31702728128,30.3284671532847,41.9525547445255,18.3576642335766,21.4270072992701,25.3461538461538
11638,9.77529286474973,10.4126394052045,16.3637812002124,1186.21720658524,1354.42379182156,33.5598885793872,39.0,0.835654596100279,19.9888579387187,13.2299522039299
11641,8.63829787234043,9.31347517730496,16.8836879432624,1253.25390070922,1334.93191489362,29.3014705882353,37.7867647058824,7.98529411764706,7.74264705882353,14.2214285714286
11648,5.06752411575563,9.24519230769231,22.8589743589744,1293.80128205128,1426.39423076923,33.71875,17.078125,6.921875,17.0234375,8.94070512820513
11695,1.61835748792271,8.50724637681159,22.4734299516908,1312.02898550725,1364.05797101449,30.8285714285714,14.3428571428571,3.05714285714286,23.9714285714286,8.28019323671498
11697,4.79039145907473,7.66504739336493,16.8221011488807,1419.02114177425,1518.39780805687,22.1120440069485,21.6491024898668,1.0023161551824,16.8231036479444,12.0264155413409
11699,-1.97590361445783,11.5602409638554,16.5602409638554,1222.00602409639,1271.51807228916,22.5,20.4090909090909,0.0,8.90909090909091,3.39156626506024
11721,10.6011235955056,9.02387640449438,18.5988779803647,1224.01683029453,1289.48174157303,40.7719298245614,24.3567251461988,1.69590643274854,16.4678362573099,14.8990182328191
11775,13.0962479608483,10.1874490627547,21.8671556642217,1250.49470252649,1339.93235533822,42.254295532646,33.2405498281787,5.69072164948454,14.1202749140893,18.8101059494703
11778,-0.0209580838323353,11.874251497006,14.7275449101796,1210.94011976048,1334.10778443114,29.9024390243902,32.5121951219512,4.31707317073171,12.3170731707317,2.43712574850299
11823,13.8281117696867,10.5527426160338,23.1763713080169,1149.92405063291,1217.48185654008,33.4652567975831,24.8912386706949,3.25981873111782,15.9033232628399,16.822934232715
11865,9.41176470588235,10.0661764705882,20.25,1097.41176470588,1179.22058823529,40.6521739130435,56.6521739130435,0.0,17.7391304347826,12.375
11867,-0.271186440677966,8.27966101694915,15.0169491525424,1042.81355932203,1145.16101694915,11.5294117647059,4.94117647058824,30.7647058823529,13.4117647058824,4.94915254237288
11884,-2.52042315603879,7.54001759014952,16.7930225740252,1169.77044854881,1331.63471122838,26.504854368932,16.9781553398058,2.70873786407767,14.2402912621359,2.91058340662562
11898,4.15189873417722,7.24290220820189,21.8391167192429,1257.58359621451,1351.70662460568,19.2040816326531,27.2040816326531,37.2244897959184,12.8367346938776,9.92698412698413
11905,-1.04385964912281,14.6260869565217,12.7652173913043,1474.68695652174,1539.72173913043,22.5454545454545,26.0,0.0909090909090909,12.5454545454545,-0.643478260869565
11921,3.11611030478955,9.02757619738752,18.2409288824383,1182.5732946299,1304.67489114659,30.3085106382979,41.7340425531915,3.58510638297872,11.7659574468085,5.95210449927431
11953,9.44428772919605,10.997191011236,14.3890449438202,1249.49719101124,1337.65028089888,31.9716312056738,31.0992907801418,4.45390070921986,7.4468085106383,12.4478873239437
11973,1.07541478129713,10.7484939759036,15.9819277108434,1138.85692771084,1291.92319277108,28.6813186813187,19.1538461538462,8.78021978021978,13.8681318681319,3.77710843373494
11977,13.7470023980815,11.7320574162679,20.4437799043062,1180.86722488038,1289.15789473684,32.547263681592,29.8557213930348,9.5273631840796,17.9601990049751,15.2437275985663
11980,4.20833333333333,8.48214285714286,16.6190476190476,1205.64880952381,1333.01785714286,23.4857142857143,17.4857142857143,15.8857142857143,10.0857142857143,12.6190476190476
11982,8.94092827004219,8.73529411764706,16.0651260504202,1256.25,1321.82983193277,25.8717948717949,40.6153846153846,10.6923076923077,23.4358974358974,12.1764705882353
11986,11.690625,9.81546134663342,20.9485821128077,1315.11374259894,1393.77618453865,33.0560747663551,16.1261682242991,10.6331775700935,20.5151869158878,16.9174711927748
11995,6.8682471822775,9.40054284606437,19.0469174098488,1250.5486622722,1339.52190771617,32.8925925925926,18.8314814814815,3.29444444444444,23.9981481481481,11.5666666666667
11996,2.8064263322884,10.15546875,16.0191331511128,1210.30925419758,1296.429296875,35.0531400966184,24.6908212560386,2.08212560386473,18.8188405797101,10.1721983600156
12003,7.61176470588235,8.54117647058824,13.7505882352941,1098.92235294118,1238.52705882353,47.6493506493507,34.1818181818182,14.4675324675325,16.4155844155844,16.7411764705882
12007,-0.79375,10.45,20.8875,1121.2125,1296.4625,39.0909090909091,20.0909090909091,14.6363636363636,13.7727272727273,5.94375
12012,9.93269230769231,10.2788461538462,15.5961538461538,1292.21153846154,1437.42307692308,49.4150943396226,18.9622641509434,0.528301886792453,7.28301886792453,14.1105769230769
12016,-1.71484375,4.66926070038911,10.8093385214008,1049.66926070039,1346.40856031128,0.896551724137931,34.5172413793103,0.0,3.86206896551724,-2.17120622568093
12094,9.27136431784108,10.0373692077728,20.406576980568,1383.49177877429,1592.75635276532,42.3333333333333,37.4248366013072,2.23529411764706,13.7450980392157,15.5820895522388
12119,25.4210526315789,5.89473684210526,7.21052631578947,1449.10526315789,1636.15789473684,42.5555555555556,2.66666666666667,2.55555555555556,5.22222222222222,32.5263157894737
12124,-2.42857142857143,10.3181818181818,14.6363636363636,1255.01298701299,1340.80519480519,32.4444444444444,0.388888888888889,0.0,8.38888888888889,-0.785714285714286
12129,10.1470588235294,6.79411764705882,19.9705882352941,1008.8431372549,1062.32352941176,28.2777777777778,42.9444444444444,13.0,29.7222222222222,15.5588235294118
12156,-1.27195467422096,7.46175637393768,21.8158640226629,1094.5835694051,1228.95750708215,17.7755102040816,34.2244897959184,0.183673469387755,20.1428571428571,4.94617563739377
12173,0.696903194342843,6.95934266585514,15.4128239445188,1408.67708967028,1329.29738283628,15.0819502074689,25.0207468879668,3.80290456431535,4.35684647302905,2.01180048661801
12177,-1.13157894736842,8.28947368421053,14.2105263157895,973.763157894737,1193.0701754386,16.3,5.4,0.0,112.3,3.10526315789474
12191,-0.539345991561181,5.61169652265543,11.472819216182,1389.41582385166,1501.81327713383,21.0044910179641,17.9610778443114,1.59580838323353,7.93862275449102,7.34481668773704
12197,15.3727168949772,8.89464692482916,14.8587699316629,1268.72323462415,1411.09453302961,47.2018140589569,33.8163265306122,7.50566893424036,11.5668934240363,21.9265375854214
12206,0.208681135225376,7.06833333333333,11.3566666666667,1340.40166666667,1443.03166666667,37.5526315789474,16.4473684210526,4.35526315789474,14.5526315789474,5.39666666666667
12217,3.89594240837696,10.3433420365535,16.8276762402089,1263.88903394256,1438.65339425587,39.7732793522267,18.2793522267206,4.27125506072874,14.8218623481781,7.9490861618799
12223,6.07881773399015,13.9753694581281,15.8866995073892,1163.78325123153,1256.37931034483,21.7777777777778,25.5333333333333,4.75555555555556,6.91111111111111,8.0935960591133
12244,13.1214285714286,6.31428571428571,13.3214285714286,1153.85714285714,1233.35,43.6666666666667,37.0,5.33333333333333,17.7,15.6285714285714
12255,12.8979591836735,8.02721088435374,18.2517006802721,1350.84353741497,1337.40136054422,71.3225806451613,22.1612903225806,3.12903225806452,15.7741935483871,14.843537414966
12264,4.53239604255003,7.12105458596361,20.1515669092529,1425.99183127878,1507.51088005941,27.6346633416459,30.8113050706567,5.94098088113051,17.8333333333333,10.5207513549632
12265,28.0833333333333,7.63888888888889,17.7222222222222,986.814814814815,1241.76851851852,24.5185185185185,42.1481481481481,3.22222222222222,70.1851851851852,28.4259259259259
12266,1.11332142857143,7.05258841985168,19.0316798517568,1437.84185018887,1589.52959212778,20.1315341599805,22.8101142718211,7.94116216873328,15.7357160223681,6.92630341042728
12278,6.59412404787813,9.7679347826087,16.0364130434783,1247.99836956522,1363.04673913043,38.6303630363036,26.4158415841584,6.22442244224422,25.029702970297,10.4741988049973
12280,-0.235154394299287,9.21140142517815,18.8242280285036,1313.55106888361,1399.88598574822,30.4166666666667,32.2291666666667,20.7083333333333,18.4166666666667,6.17577197149644
12323,1.19106047326906,9.0920245398773,16.3856266432954,1225.18667835232,1321.77563540754,33.7151162790698,21.9360465116279,1.80813953488372,14.9302325581395,7.46584938704028
12335,35.7857142857143,7.80357142857143,18.5446428571429,1423.99107142857,1556.83035714286,86.2857142857143,110.0,56.4761904761905,8.85714285714286,44.2767857142857
12339,6.76743304699343,9.07415815361332,18.6936459909228,1271.36661623802,1372.16546853323,23.1538918597742,19.0225787284611,4.87344028520499,23.1259655377302,10.7083963691377
12343,1.36274509803922,6.81372549019608,18.6862745098039,1457.8431372549,1533.96078431373,53.5384615384615,77.2307692307692,0.0,9.0,8.74509803921569
12365,3.79012345679012,8.14814814814815,22.7777777777778,990.086419753086,1040.25925925926,20.7727272727273,5.18181818181818,3.77272727272727,21.3636363636364,1.28395061728395
12389,3.60322580645161,8.69131832797428,28.9903536977492,1172.02250803859,1248.00964630225,26.4242424242424,27.2121212121212,7.03030303030303,10.0454545454545,8.44372990353698
12391,6.40861159929701,7.35676625659051,12.8435852372583,1232.00527240773,1406.17398945518,24.2655601659751,22.2240663900415,4.5850622406639,13.2946058091286,11.6362038664323
12397,13.2224770642202,8.75229357798165,25.9334862385321,1217.48394495413,1300.54357798165,24.864,27.432,13.272,15.864,16.3876146788991
12402,-0.621951219512195,7.49085365853659,9.20934959349593,1411.65853658537,1385.36788617886,24.6438356164384,21.2465753424658,1.43835616438356,2.42465753424658,-0.276422764227642
12441,18.5282352941176,10.5952941176471,23.3776470588235,1341.76823529412,1527.72941176471,59.7361111111111,22.537037037037,7.67592592592593,26.9583333333333,26.4682352941176
12448,3.31259720062208,11.3633540372671,15.6172360248447,1201.92313664596,1363.43555900621,25.9678899082569,19.7614678899083,2.60091743119266,15.4449541284404,6.35093167701863
12451,4.43308512779231,8.72745531231171,14.4372615940574,1276.41919293315,1400.05442860012,32.6900726392252,24.8958837772397,1.96125907990315,19.4176755447942,10.3987151174463
12478,1.94814890051292,8.0816852966466,25.9366339637908,1415.91170223526,1525.2163269435,22.03996003996,29.7055444555445,8.02547452547453,18.257992007992,13.8830003042905
12492,-5.23148148148148,4.85185185185185,3.07407407407407,1228.50925925926,1267.0,14.5714285714286,3.14285714285714,0.0,3.71428571428571,-3.35185185185185
12511,19.6724137931034,13.2672413793103,21.1034482758621,1088.51724137931,1168.56034482759,17.6486486486486,22.2432432432432,23.6486486486486,14.3783783783784,16.3189655172414
12519,24.4900662251656,6.81578947368421,17.4210526315789,1404.46710526316,1355.57894736842,111.962962962963,68.1111111111111,33.7407407407407,8.92592592592593,28.3552631578947
12523,0.113522537562604,5.9,17.486798679868,1325.75082508251,1443.35333333333,24.7623762376238,19.7821782178218,3.14851485148515,16.2376237623762,-1.23267326732673
12544,6.70149253731343,7.78518518518518,12.0592592592593,1321.37037037037,1452.82962962963,41.8571428571429,2.85714285714286,0.0,12.1428571428571,6.68148148148148
12758,-1.05674653215637,7.89752204955901,11.6803863922722,1544.40193196136,1384.56866862663,24.2973977695167,19.6245353159851,0.397769516728625,7.57620817843866,1.09827803443931
12819,-0.690751445086705,6.40462427745665,14.3775216138329,1472.36599423631,1612.01156069364,32.9824561403509,16.4912280701754,2.73684210526316,10.6842105263158,-1.31988472622478
12884,16.0838323353293,11.3487332339791,23.8479880774963,1255.11624441133,1270.93293591654,45.1534391534392,19.8201058201058,8.46031746031746,14.5820105820106,19.1875
12888,2.35849056603774,9.09433962264151,19.4245283018868,1022.99056603774,1062.2641509434,27.7368421052632,30.1052631578947,0.0,10.4210526315789,3.60377358490566
12889,1.58524756569796,7.16199774690199,15.5008636227095,1336.96436617603,1469.10935035674,23.915217909026,17.5739461776613,0.876160990712074,14.3581805191712,7.03150345449084
12891,2.61702127659574,11.1755319148936,17.0265957446809,1108.18617021277,1155.53723404255,24.375,12.4375,0.53125,10.6875,0.712765957446808
12892,0.473054639896114,7.13503949762018,18.8391634507656,1355.53728370472,1490.45929377757,22.7593347976153,21.7102290555381,1.33103231879511,16.2427047379981,7.58091017725553
12896,-0.43448275862069,7.99225473321859,13.6833046471601,1240.89414802065,1315.81411359725,40.2074074074074,10.5481481481481,0.385185185185185,10.5925925925926,2.61876075731497
12898,-5.21301775147929,9.07100591715976,16.7218934911243,1297.08875739645,1492.5798816568,33.2692307692308,2.38461538461538,0.0,21.5,0.378698224852071
12899,-9.80392156862745,9.33333333333333,17.6470588235294,991.666666666667,956.980392156863,23.6666666666667,0.0,0.0,41.0,-4.56862745098039
12902,3.47058823529412,6.28846153846154,21.622641509434,1164.16981132075,1136.07692307692,31.5,10.625,0.0,19.5,-1.13207547169811
12915,-2.77777777777778,10.3941368078176,13.5537459283388,1137.39739413681,1206.59283387622,23.4117647058824,28.8823529411765,4.0,8.26470588235294,-0.306188925081433
12917,20.9090909090909,7.12987012987013,13.987012987013,1691.63636363636,1854.02597402597,41.5714285714286,7.07142857142857,0.785714285714286,11.2857142857143,22.1428571428571
12945,7.21941412981045,10.7650429799427,19.6349570200573,1251.02005730659,1335.00802292264,30.0164383561644,19.3561643835616,4.83561643835616,24.8602739726027,11.0361653272101
12951,3.54089709762533,9.7562582345191,17.5151515151515,1217.74967061924,1336.94598155468,28.4507042253521,14.3591549295775,1.37323943661972,16.4929577464789,4.32279314888011
12953,7.67120816702487,7.91707522598437,27.2655280692349,1395.7931377805,1505.19790868699,38.4998520710059,15.7059171597633,2.73284023668639,15.0424556213018,16.4096902790555
12954,2.75451263537906,6.78599783471671,13.601226993865,1342.22410682064,1402.61674485745,25.1521298174442,14.920892494929,1.35091277890467,16.5415821501014,6.75604474918802
12982,0.957003546099291,7.82912793271359,9.9933598937583,1535.65117308544,1429.23550243471,33.8321428571429,20.2857142857143,1.96071428571429,5.15357142857143,2.62992474546259
12992,0.97280534351145,10.3670162059104,14.7378455672069,1207.4671115348,1343.6906577693,25.3531353135314,18.3102310231023,1.46534653465347,14.9273927392739,4.94995233555767
13029,10.8595194085028,11.3049907578558,19.7005545286506,1137.12569316081,1234.56192236599,33.2136752136752,26.4444444444444,10.7692307692308,19.7179487179487,13.0369685767098
13034,-0.276729559748428,6.5,5.00625,1387.0875,1431.1125,32.6,16.9,0.0,1.1,-2.3375
13061,2.22976501305483,8.99739583333333,14.125,1230.57552083333,1324.93489583333,29.2631578947368,26.859649122807,5.26315789473684,21.5438596491228,6.07291666666667
13076,11.9584775086505,11.8758620689655,19.9655172413793,1181.00689655172,1235.53793103448,54.2769230769231,16.9230769230769,5.26153846153846,17.9076923076923,14.7448275862069
13121,28.547619047619,11.8372093023256,18.1162790697674,1502.25581395349,1500.86046511628,54.7692307692308,19.6153846153846,26.0769230769231,19.9230769230769,27.046511627907
13127,-17.675,5.48019801980198,11.3910891089109,965.069306930693,1138.64851485149,34.5,0.0,6.0,0.0,-6.24752475247525
13139,-6.75342465753425,11.8287671232877,16.0753424657534,1137.06849315068,1210.52054794521,22.6896551724138,25.2758620689655,0.0,8.03448275862069,-0.681506849315068
13158,2.42150968603874,7.39612558450234,14.0855043420174,1244.08884435538,1323.1002004008,27.706976744186,27.0186046511628,3.36279069767442,9.87441860465116,5.64285714285714
13184,8.06512605042017,10.7310924369748,21.3781512605042,1202.51050420168,1221.77731092437,53.029702970297,22.4356435643564,6.16831683168317,13.6039603960396,14.2394957983193
13198,1.64939197636095,7.88150583966436,15.3434171765239,1290.55030591434,1451.5286313641,22.933242506812,14.8337874659401,3.95027247956403,19.4100817438692,7.35249433106576
13204,2.9144578313253,7.65179454115624,14.927039917501,1360.58187599364,1462.54601332474,26.2502525252525,22.5267676767677,1.15075757575758,15.764898989899,10.6376058093069
13230,7.72784810126582,9.49936788874842,19.2237673830594,1242.9412136536,1334.99620733249,25.6894586894587,30.4700854700855,2.94871794871795,19.1538461538462,11.1497157296273
13232,5.05269224436028,5.56575376264495,14.3143185927996,1425.51964491205,1460.09161937659,16.3709785522788,19.1926943699732,2.08947721179625,9.17861930294906,13.1463795512452
13241,50.3085714285714,11.9142857142857,15.8342857142857,1499.30285714286,1598.01714285714,90.7460317460317,61.2857142857143,1.01587301587302,7.42857142857143,51.1942857142857
13244,3.95484194681385,9.75494863442746,16.5761523046092,1212.9123246493,1402.36056126284,28.2798833819242,17.930029154519,5.15160349854227,20.5860058309038,8.02880040070123
13256,3.18244170096022,8.3041095890411,12.3301369863014,1260.49452054795,1364.6095890411,33.9553571428571,27.7678571428571,6.83035714285714,7.16964285714286,6.02739726027397
13264,12.0016194331984,9.39109311740891,15.5157894736842,1202.98623481781,1346.10607287449,39.02734375,28.41015625,7.74609375,19.23828125,15.4396761133603
13277,11.0119760479042,12.5515695067265,18.6846038863976,1156.58146487294,1331.98355754858,41.8661971830986,30.9507042253521,2.40845070422535,10.4225352112676,13.5530642750374
13290,8.55430711610487,11.6816479400749,17.8539325842697,1107.45692883895,1227.68539325843,30.98,43.16,6.92,11.96,12.3932584269663
13296,1.02657004830918,7.74894641782059,15.7772426249247,1194.14870559904,1348.06803130644,30.536496350365,18.5255474452555,3.11313868613139,20.5109489051095,7.15593016255268
13303,3.20635227419147,8.24762210796915,19.4662982715415,1505.05307460001,1559.56066838046,17.54296875,23.4875710227273,1.62926136363636,16.1949573863636,8.74759090325067
13342,7.80888575458392,9.05086237240408,18.2174907619215,1257.02586661974,1445.00299190426,24.6997635933806,22.866036249015,9.50512214342002,19.4893617021277,13.2900615655233
13344,6.86138613861386,13.7722772277228,22.1287128712871,1240.57425742574,1190.0297029703,50.5416666666667,10.75,0.0,12.2916666666667,7.28712871287129
13347,8.19354838709677,6.40860215053763,4.26881720430108,1387.78494623656,1430.2688172043,34.9,5.3,0.0,5.7,5.38709677419355
13360,-2.10864197530864,9.73399014778325,13.6995073891626,1226.54433497537,1351.39901477833,44.7837837837838,12.7297297297297,15.2972972972973,10.9189189189189,4.73399014778325
13367,20.4018595041322,10.780412371134,21.5375901132853,1209.9351184346,1349.99690721649,33.2210884353741,25.9829931972789,10.234693877551,19.6326530612245,20.9732510288066
13377,5.21098901098901,10.1491228070175,16.6535087719298,1188.40131578947,1330.14912280702,46.0921052631579,24.0921052631579,0.75,11.4342105263158,8.42888402625821
13388,22.9757575757576,11.2363636363636,16.969696969697,1573.86666666667,1688.27878787879,47.76,7.26,22.44,21.74,25.2424242424242
13422,1.94455066921606,11.3291984732824,15.0104961832061,1221.32347328244,1389.43988549618,31.7560975609756,11.9451219512195,5.21951219512195,14.0243902439024,5.625
13433,5.48186528497409,6.69250645994832,23.2015503875969,1172.90956072351,1263.16279069767,23.9206349206349,46.1587301587302,20.8571428571429,11.3650793650794,14.8041237113402
13459,27.9570552147239,10.8773006134969,25.5705521472393,1137.74846625767,1159.96932515337,16.734693877551,53.9795918367347,22.6734693877551,28.7551020408163,30.2638036809816
13476,6.75038284839204,11.4481707317073,16.1036585365854,1147.45731707317,1288.15396341463,37.5384615384615,21.4444444444444,1.48717948717949,21.5299145299145,7.66463414634146
13485,7.30308613542146,10.9406623735051,18.1692732290708,1270.98988040478,1417.78288868445,34.3879310344828,18.6163793103448,5.91594827586207,21.1314655172414,12.2426470588235
13486,-4.37341772151899,7.9039190897598,19.4538558786346,1278.28445006321,1396.13527180784,26.5,12.9705882352941,3.17647058823529,13.3137254901961,2.43109987357775
13487,-1.85769020251779,7.38862300587741,22.4430220356768,1418.65221406086,1562.80445004198,16.0678096212897,23.4337256908905,11.775076765609,19.796571136131,9.98485485906605
13495,0.737227898711684,8.36420095375402,11.7718150571017,1317.28306907639,1510.48286569813,25.9887387387387,14.240990990991,3.83858858858859,19.0397897897898,7.1583499667332
13502,5.07012195121951,10.530487804878,17.8033536585366,1365.8506097561,1542.29573170732,50.2464788732394,5.95774647887324,0.528169014084507,15.9507042253521,10.0701219512195
13577,4.08842897460019,9.53007518796992,14.2161654135338,1344.53383458647,1309.59022556391,22.5714285714286,15.6772486772487,1.89417989417989,38.6137566137566,9.1343984962406
13795,-1.51931330472103,9.81584582441113,18.5438972162741,1173.73233404711,1267.69593147752,36.0625,15.40625,1.125,6.953125,6.05411255411255
13796,-1.28888888888889,5.49367985823981,12.5484290101583,1331.90302386015,1470.67454223272,20.162417374882,15.932955618508,0.881019830028329,8.1123701605288,4.4950389794472
13829,7.96153846153846,6.69230769230769,8.5,1021.42307692308,1117.23076923077,58.0,2.0,2.25,9.5,12.5
13830,1.51205400192864,7.77480732177264,10.5937876234048,1539.03274741151,1454.58863198459,18.5325342465753,30.1849315068493,1.00684931506849,4.70547945205479,3.27979773657597
13832,17.72,5.96,20.32,1568.72,1753.64,39.9090909090909,0.0,0.636363636363636,25.7272727272727,19.72
13851,4.10337439742903,8.95053475935829,14.5787222667736,1232.571237637,1359.64064171123,30.1114922813036,23.3876500857633,11.3104631217839,16.8319039451115,8.83333333333333
13871,4.66829149402876,9.26984900146128,18.0523623964929,1248.93205065757,1401.31660983926,26.2455242966752,24.2953964194373,4.67902813299233,21.6739130434783,10.2733690360273
13873,-7.29411764705882,4.40336134453782,9.7563025210084,1600.3781512605,1716.96638655462,42.9,1.3,0.5,1.5,-7.80672268907563
13891,0.126672359806433,6.84713919726729,11.7230287503558,1222.69114716766,1403.36578423,22.7571701720841,11.038240917782,0.416826003824092,19.4512428298279,5.90321662396812
13930,14.815991237678,6.57601663993231,23.4847497048614,1434.25448874949,1551.66565017363,28.6164408641523,20.4871231539119,8.42572928109362,15.5862321493958,17.679443367976
13931,10.1503978779841,8.76059322033898,17.0074132909717,1256.0585120466,1354.82786016949,34.0286069651741,28.410447761194,3.23880597014925,24.636815920398,15.5902593965061
13933,13.7070707070707,9.77777777777778,15.1565656565657,1414.55050505051,1578.13131313131,48.04,33.78,0.0,7.1,18.2222222222222
13964,7.34146341463415,6.39024390243902,13.0,1409.53658536585,1533.39024390244,45.1538461538462,0.0,0.0,10.4615384615385,13.1219512195122
13970,-5.15833333333333,4.425,8.34710743801653,1403.49586776859,1495.88333333333,37.0,11.0,5.84615384615385,5.92307692307692,-6.2396694214876
13983,18.6470588235294,5.41176470588235,5.88235294117647,1465.0,1586.52941176471,28.8,15.6,32.2,3.6,20.4117647058824
14006,12.043795620438,12.8467153284672,14.6014492753623,1206.63768115942,1280.46715328467,42.1794871794872,10.4102564102564,2.61538461538462,16.974358974359,14.6231884057971
14025,13.3571428571429,8.96428571428571,17.827380952381,930.095238095238,1168.95833333333,13.2222222222222,66.0555555555556,1.77777777777778,15.8055555555556,14.8869047619048
14027,6.97580144777663,8.23105513111708,14.7213283828383,1335.58436468647,1505.33512285773,36.0764087870105,15.4269340974212,0.365807067812798,24.5195797516714,15.2974422442244
14057,-2.36799880032991,7.26562850939582,12.9255462436396,1282.7300815441,1446.36182634731,16.1539448364336,18.1866581141758,2.65169980756895,18.1616420782553,2.20576131687243
14082,3.40024183796856,6.8,10.2671480144404,1154.45487364621,1343.33614457831,30.5657894736842,14.4144736842105,4.44078947368421,9.28947368421053,7.5511432009627
14092,4.09004739336493,11.0284360189573,19.7109004739336,1322.81516587678,1414.52606635071,19.6818181818182,21.5227272727273,4.13636363636364,9.63636363636364,5.59241706161137
14098,-0.431095406360424,9.26984126984127,16.5097001763668,1198.87477954145,1305.83245149912,32.219512195122,27.8048780487805,0.304878048780488,9.62195121951219,5.44268077601411
14100,1.33012005959162,7.33989501312336,21.5159146554739,1414.55268450507,1538.48503937008,22.6668272705372,18.7511443025777,3.43820766080463,16.4885569742231,7.37146979102912
14107,1.51462466762119,6.35381420839432,15.5093068363562,1399.04467962024,1533.02764067127,21.1922510002106,18.7953253316488,0.687302590018951,10.3838702884818,7.41578768288533
14108,15.1386696730552,11.4056179775281,19.6910112359551,1181.20337078652,1339.10561797753,47.2935779816514,26.6192660550459,8.17889908256881,14.4724770642202,18.7871621621622
14109,27.304347826087,4.82608695652174,15.6260869565217,1197.48695652174,1232.27826086957,70.7692307692308,68.1153846153846,9.61538461538461,5.92307692307692,28.7565217391304
14112,-6.2580054894785,6.62659380692168,12.4435336976321,1141.00910746812,1314.32786885246,20.625,18.3653846153846,6.56730769230769,5.32692307692308,-1.58743169398907
14113,-6.32222222222222,5.77222222222222,16.5888888888889,1242.81111111111,1301.26666666667,16.8636363636364,0.0,1.09090909090909,12.5,-3.93333333333333
14122,4.37969728601253,8.64174048983846,20.0217504558479,1266.79812451159,1379.22146951537,25.0720779220779,14.7727272727273,2.54415584415584,25.2707792207792,8.73671182907765
14150,27.9621212121212,8.53030303030303,20.6865671641791,1349.24626865672,1397.27272727273,130.21875,32.125,1.8125,5.3125,34.5373134328358
14193,-1.26206475259621,9.60670731707317,13.619512195122,1216.93719512195,1398.04512195122,36.3350515463918,10.3247422680412,4.26288659793814,17.7835051546392,3.24207317073171
14222,0.857142857142857,6.95238095238095,13.7142857142857,2002.47619047619,556.285714285714,7.75,22.5,1.75,0.0,1.14285714285714
14231,60.6666666666667,11.6976744186047,33.2558139534884,970.488372093023,1136.16279069767,79.0625,11.875,20.0625,60.25,59.7906976744186
14237,-4.51612903225806,8.66129032258065,18.2741935483871,1273.17741935484,1336.82258064516,10.2,6.0,0.0,15.6,-3.58064516129032
14252,3.78869047619048,8.46481665014866,15.398414271556,1209.17524752475,1357.39306930693,42.472972972973,44.9121621621622,2.86486486486486,10.9662162162162,9.94449950445986
14254,4.06923076923077,10.0230769230769,12.3846153846154,424.561538461538,626.738461538462,49.8461538461538,4.34615384615385,0.0,15.9230769230769,9.10769230769231
14256,-3.43119266055046,3.84403669724771,11.0446428571429,1365.32142857143,1398.60550458716,28.2222222222222,3.27777777777778,5.05555555555556,11.3333333333333,-2.35714285714286
14259,5.93617021276596,7.87234042553191,15.063829787234,1458.85106382979,1657.89361702128,15.25,2.8125,2.5,16.8125,12.3125
14262,5.59740820734341,9.70923209663503,15.4728213977567,1232.3606557377,1427.53753235548,27.2258883248731,24.1091370558376,6.67005076142132,27.5532994923858,9.64969801553063
14288,-0.819548872180451,7.07518796992481,15.6766917293233,1187.8045112782,1206.03007518797,24.9411764705882,15.6470588235294,0.0,13.0,-2.6015037593985
14303,1.44497607655502,7.55714285714286,7.91428571428571,1246.38095238095,1341.06666666667,25.2666666666667,0.466666666666667,4.26666666666667,9.76666666666667,2.28095238095238
14307,3.51672990686444,8.17132023440193,14.4200551343901,1239.27601654032,1401.90796277146,33.3626373626374,14.6758241758242,2.496336996337,18.8516483516484,10.2018601446779
14314,13.7317073170732,5.98795180722892,12.6867469879518,1373.86746987952,1479.46987951807,78.8823529411765,4.52941176470588,2.58823529411765,10.8235294117647,19.421686746988
14321,5.12781130005485,8.68691844553913,17.6392993979201,1220.71154898741,1355.87575259989,35.3582089552239,18.0099502487562,3.34577114427861,21.0149253731343,12.3700054734537
14457,14.6859375,9.81464174454829,18.9065420560748,1223.4937694704,1399.41588785047,71.3676470588235,18.8970588235294,16.6544117647059,9.91911764705882,21.6920684292379
14487,8.08720930232558,10.4941860465116,16.5058139534884,1138.66279069767,1206.70930232558,30.8108108108108,4.75675675675676,0.0,56.1621621621622,10.2441860465116
14489,12.529552715655,9.09083665338645,15.6589641434263,1168.85498007968,1291.86932270916,38.963133640553,21.5898617511521,20.4930875576037,30.8248847926267,14.1003984063745
14492,6.71685529506872,8.11699445284922,18.2226704316257,1290.35135135135,1398.96570852244,29.1900359527478,20.3913713405239,4.48228043143297,24.085259373395,12.0947623372691
14512,22.7731958762887,5.90721649484536,13.8865979381443,1532.53608247423,1698.29896907216,15.7333333333333,66.4666666666667,2.33333333333333,14.7,26.8659793814433
14520,7.94957983193277,6.23529411764706,23.4201680672269,1181.76470588235,1246.44537815126,21.3157894736842,36.2105263157895,15.8421052631579,25.6842105263158,8.8655462184874
14524,8.17894984695079,9.20389945971341,19.3294974166275,1254.81611085016,1363.84895466291,29.3513800424628,18.9288747346072,3.93949044585987,26.0127388535032,12.4801503406155
14543,1.66666666666667,10.7094017094017,18.7264957264957,1134.7094017094,1204.90598290598,51.5333333333333,14.8,29.4,11.4666666666667,8.11965811965812
14570,1.54949095022624,7.83300367335405,14.9734388245267,1237.99350282486,1378.31440677966,28.6132075471698,17.8169811320755,2.76037735849057,19.177358490566,6.73079096045198
14574,8.19324577861163,9.72871842843779,19.5799812909261,1196.45088868101,1282.03554724041,33.9581589958159,16.4016736401674,6.70292887029289,21.0418410041841,12.2046728971963
14576,9.32776395307501,9.6486870120653,19.1749467707594,1255.00319375444,1353.41305890703,36.5948406676783,18.3201820940819,4.99696509863429,21.3839150227618,14.8181818181818
14582,-7.41935483870968,5.25806451612903,7.64516129032258,1378.93548387097,1410.87096774194,18.0,5.33333333333333,0.0,6.66666666666667,-9.51612903225806
14588,11.8779342723005,11.9906103286385,14.7746478873239,1194.54460093897,1378.46478873239,33.6578947368421,79.6578947368421,0.0,6.28947368421053,15.0281690140845
14633,18.2297734627832,11.8661290322581,23.8177419354839,1294.95967741935,1375.3064516129,32.015306122449,20.1734693877551,5.77551020408163,16.3520408163265,17.1645161290323
14635,2.80679029179166,8.25112290730911,12.8210397387044,1377.78456722918,1527.43323805635,36.4646716541978,20.2294264339152,1.09725685785536,21.378221113882,10.6530556689805
14674,9.4929178470255,11.1359773371105,18.8441926345609,1200.76487252125,1361.4447592068,47.078431372549,76.6470588235294,0.215686274509804,14.5686274509804,11.0963172804533
14679,1.83794518734278,7.2433540536966,16.9814863792647,1339.35923036234,1523.49279195874,27.6207609594706,13.4073614557486,1.25434243176179,17.8573200992556,7.03160539539804
14683,-0.993516517443655,8.38134155744025,12.1794634597595,1255.76071538699,1405.75882806476,26.8634146341463,20.1390243902439,0.548780487804878,15.7280487804878,5.40949737897009
14685,6.64754098360656,9.27856167501138,15.9089667728721,1282.99226217569,1387.81201638598,38.3664921465969,24.0,6.1282722513089,24.7460732984293,12.7444191343964
14689,3.37211367673179,10.2544326241135,17.0797872340426,1258.20390070922,1425.26329787234,33.25,10.3605769230769,1.33173076923077,31.4423076923077,6.88829787234043
14696,15.9108808290155,10.444099378882,26.787784679089,1174.24016563147,1242.03933747412,29.2730627306273,41.2472324723247,5.94464944649446,16.8782287822878,22.5046535677353
14698,11.5643312101911,10.8715012722646,18.2773536895674,1215.69338422392,1360.79134860051,27.7703349282297,17.2057416267943,1.2488038277512,24.5741626794258,12.8727735368957
14704,4.71864406779661,9.16271186440678,14.4406779661017,1043.07457627119,1131.02711864407,10.6,43.0545454545455,10.7090909090909,11.3272727272727,6.74237288135593
14709,-10.5534591194969,3.90566037735849,7.6583850931677,1398.34161490683,1482.39622641509,40.0909090909091,3.36363636363636,3.54545454545455,2.90909090909091,-9.18012422360249
14711,6.00610687022901,9.18292682926829,19.4100609756098,1184.76524390244,1247.71036585366,47.3134328358209,22.8134328358209,7.3134328358209,19.2985074626866,12.4344512195122
14716,27.4270833333333,5.76041666666667,6.98958333333333,1667.75,1758.20833333333,54.225,13.65,1.45,2.45,31.2291666666667
14730,8.5343452534088,9.72272143774069,17.8664955070603,1235.67881899872,1326.99512195122,25.6805074971165,19.6931949250288,5.91003460207612,24.0841983852364,12.724146779574
14747,-1.787414434136,6.70508286526593,18.3728021597674,1354.69608555706,1481.3973234407,14.2026329375323,17.8913267940114,2.32498709344347,17.4145585957666,3.54140854819173
14761,5.11664295874822,6.80539772727273,14.3920454545455,1170.046875,1337.14772727273,16.0888157894737,19.9605263157895,4.40789473684211,9.35526315789474,7.62428977272727
14771,7.59794035614675,7.48991539642309,22.461236576403,1348.74765421528,1499.06825402492,31.3616817964644,18.3836598184424,1.59276954929129,17.598502946329,11.8113072944534
14783,12.5727452271231,12.6857330703485,20.4280078895464,1198.77909270217,1341.47403024326,22.7270341207349,28.3254593175853,4.18372703412073,19.7007874015748,13.1340341655716
14794,1.86387434554974,7.68815331010453,18.3066202090592,1131.15331010453,1211.24216027875,18.4342105263158,29.7236842105263,0.197368421052632,15.6447368421053,2.89895470383275
14802,13.84,10.56,19.14,1015.0,1051.72,39.2727272727273,67.6363636363636,0.0,8.18181818181818,18.66
14814,4.74236641221374,12.1754051477598,15.3689227836034,1256.61010486177,1395.07340324118,33.4230769230769,18.0659340659341,5.6043956043956,10.8956043956044,6.97230181470869
14828,-2.10909090909091,4.29090909090909,13.3117647058824,1296.03529411765,1331.33333333333,23.6875,26.0,32.25,5.0625,-1.55294117647059
14831,0.782876382876383,6.97981739548294,13.6284835671728,1329.54862579281,1491.33012974531,25.5083102493075,16.3912742382271,1.79016620498615,12.6274238227147,4.80820207452939
14842,-2.37890625,9.84765625,13.47265625,1308.13671875,1378.40234375,31.0344827586207,10.2413793103448,2.82758620689655,9.20689655172414,-0.70703125
14843,4.81570780615899,9.22129585516913,14.0881372081944,1316.88899475941,1486.0171510243,36.7332521315469,25.5054811205847,0.20462850182704,7.46772228989038,11.9101953311101
14869,-2.44990430869498,6.83888946227681,20.4128374201525,1426.67612816814,1522.5754463825,22.0661824051655,23.86400322841,7.56214689265537,17.6198547215496,6.7468836921809
14877,35.3768115942029,9.14285714285714,20.7323943661972,1257.22535211268,1313.45714285714,45.9545454545455,38.6818181818182,7.81818181818182,37.6818181818182,35.9154929577465
14893,0.0859513930053349,6.71631541558134,12.7526639829505,1281.50153919015,1424.99680322046,31.2139534883721,11.7004651162791,1.06511627906977,13.6679069767442,4.81484550728069
14905,8.48387096774194,6.12903225806452,6.12903225806452,1455.41935483871,1546.09677419355,25.4,27.8,5.8,13.4,7.0
14908,-0.540735600277585,7.28868552412646,13.7216223698782,1313.48837209302,1539.72185246811,23.8054110301769,12.8491155046826,2.09885535900104,20.1821019771072,5.27865448504983
14952,17.1019607843137,12.87890625,20.1328125,1129.2421875,1254.8515625,35.0897435897436,21.4102564102564,1.47435897435897,17.6794871794872,16.2879377431907
14955,-2.02551020408163,4.44897959183673,8.0969387755102,1287.75510204082,1341.91836734694,32.0,9.39130434782609,0.565217391304348,5.30434782608696,-2.73979591836735
14960,-2.27218934911243,10.3786982248521,15.2485207100592,1117.89940828402,1170.73372781065,26.5263157894737,23.1052631578947,7.68421052631579,9.1578947368421,2.52662721893491
14986,6.65963060686016,9.88343558282209,13.853765323993,1300.43082311734,1454.05872042068,33.1165048543689,16.3009708737864,0.203883495145631,30.9902912621359,11.8826619964974
15008,14.5833333333333,5.94444444444444,11.6666666666667,1627.75,1849.22222222222,20.125,91.75,0.0,3.5,28.0
15016,4.82113892038022,7.8158077994429,14.0676122520014,1320.82257222416,1486.30205431755,22.8159784560144,21.0394973070018,2.44165170556553,17.2473070017953,10.5022628372498
15023,6.55765920826162,9.31669535283993,13.7659208261618,1281.42685025818,1406.11531841652,42.4716981132075,25.8301886792453,0.528301886792453,14.6037735849057,9.06024096385542
15024,-2.19578947368421,9.08768267223382,13.4655532359081,1546.43215031315,1727.8121085595,47.2727272727273,12.0779220779221,2.50649350649351,8.12987012987013,6.33820459290188
15027,-1.05882352941176,11.2352941176471,14.5098039215686,1441.31862745098,1606.20098039216,17.2105263157895,32.1052631578947,0.0,7.63157894736842,5.59313725490196
15041,1.76285714285714,8.34277620396601,14.3541076487252,1387.50141643059,1465.53257790368,32.7894736842105,30.0877192982456,8.01754385964912,11.859649122807,8.42372881355932
15048,5.87634408602151,14.1016042780749,15.0427807486631,1206.81818181818,1340.54010695187,25.1707317073171,9.4390243902439,12.5853658536585,16.6829268292683,8.22459893048128
15070,15.9568527918782,8.73096446700508,17.3705583756345,1514.89340101523,1606.94923857868,51.5727272727273,18.5545454545455,0.654545454545455,12.1,16.7868020304569
15074,-1.66666666666667,9.29059829059829,15.2820512820513,991.162393162393,1062.2735042735,22.4166666666667,54.4166666666667,0.0,9.83333333333333,3.81196581196581
15096,11.7246489859594,9.8977051730844,24.5295489891135,1253.94206842924,1349.01711396344,35.4033742331288,23.941717791411,9.88957055214724,21.4263803680982,17.8143246399377
15249,3.25596529284165,9.91765980498375,13.4859307359307,1251.09415584416,1341.98591549296,34.6690647482014,13.9064748201439,3.23741007194245,9.32374100719425,5.83549783549784
15295,11.615625,12.2741433021807,13.1183800623053,1185.85358255452,1259.11214953271,28.8,33.6142857142857,13.9857142857143,12.1714285714286,15.7071651090343
15304,2.49980755907936,7.88291820418204,13.8855583736838,1353.32049804012,1491.89675584256,30.5757869249395,17.4939467312349,0.436319612590799,16.0334140435835,8.89364481672174
15323,6.1312,11.573482428115,17.8594249201278,1211.17891373802,1281.61182108626,32.6607142857143,36.9642857142857,4.09821428571429,11.1785714285714,10.0848
15356,10.5482093663912,10.2617079889807,15.6060606060606,1289.19008264463,1445.09641873278,35.3367346938776,21.7448979591837,1.08163265306122,15.7040816326531,16.771978021978
15370,-1.46666666666667,9.25534900035075,14.2448263767099,1229.09294984216,1350.26166257454,32.3333333333333,19.6105919003115,4.28971962616822,16.9034267912773,4.18625043844265
15376,-0.8140288829944,9.74874963224478,14.771991762283,1167.06295969403,1322.64666078258,23.2293986636971,19.6614699331849,1.65478841870824,16.4276169265033,4.0456016475434
15380,13.9795221843003,11.5972696245734,23.6450511945392,1235.46245733788,1247.16552901024,48.9617834394904,24.7707006369427,2.94267515923567,13.171974522293,18.8824531516184
15389,0.770212765957447,6.47033898305085,14.75,1240.55084745763,1308.73305084746,15.9666666666667,8.8,11.3333333333333,58.3666666666667,6.3771186440678
15401,-0.905660377358491,14.1383647798742,13.9685534591195,1083.50943396226,1151.98742138365,14.15,20.2,23.9,9.0,3.79874213836478
15411,7.96774193548387,14.1059907834101,15.1244239631336,1232.17050691244,1276.41013824885,30.3783783783784,34.1081081081081,14.3513513513514,10.0810810810811,10.7671232876712
15412,2.04265908282972,10.5306846399432,17.1734042553191,1212.52021276596,1301.66761262859,28.4669509594883,21.1151385927505,4.56076759061834,19.2196162046908,6.75399361022364
15454,15.7652173913043,14.9739130434783,18.5565217391304,1555.73043478261,1605.69565217391,38.6,9.48571428571429,4.88571428571429,22.1428571428571,11.895652173913
15582,28.4130434782609,19.1304347826087,16.2173913043478,1458.17391304348,1527.84782608696,59.95,1.0,0.0,9.85,22.6086956521739
15607,10.874251497006,8.56213017751479,16.1242603550296,1160.39644970414,1226.09467455621,26.0,46.88,46.88,8.48,14.8809523809524
15624,0.726973684210526,11.6006564551422,16.1092896174863,1202.36174863388,1385.57549234136,36.0769230769231,13.9,5.69230769230769,12.0076923076923,4.92786885245902
15841,3.82142857142857,4.40178571428571,9.16666666666667,1373.08771929825,1402.36607142857,31.4117647058824,37.0588235294118,4.82352941176471,9.88235294117647,1.32456140350877
15919,8.21431892143189,11.6878773803994,16.967022758941,1274.64468183929,1440.00092893637,30.5095693779904,29.511961722488,2.11483253588517,21.9569377990431,11.0120761727822
15991,-15.5462962962963,4.0462962962963,10.4690265486726,1517.09734513274,1558.87962962963,28.1818181818182,1.18181818181818,3.18181818181818,10.0,-12.8407079646018
16101,5.89956331877729,6.92576419213974,6.78602620087336,1257.44541484716,1305.78165938865,13.8604651162791,9.90697674418605,8.81395348837209,13.6744186046512,4.84279475982533
16133,75.0,7.0,38.5,1931.0,2131.5,104.0,0.0,0.0,37.0,63.0
16218,-4.49576271186441,9.15254237288136,17.3983050847458,1395.77966101695,1453.28813559322,14.1153846153846,10.8076923076923,0.0,17.1153846153846,1.17796610169492
