op_carrier_fl_num,count
1,308
2,251
3,314
4,363
5,261
6,283
7,301
8,456
9,280
10,209
11,172
12,304
13,8
14,221
15,381
16,416
17,284
18,213
19,304
20,368
21,245
22,255
23,269
24,358
25,181
26,205
27,253
28,395
29,275
30,223
31,298
32,361
33,334
34,454
35,335
36,319
37,265
38,277
39,281
40,322
41,354
42,328
43,293
44,235
45,283
46,200
47,203
48,267
49,192
50,384
51,260
52,212
53,198
54,233
55,481
56,115
57,105
58,155
59,163
60,144
61,479
62,355
63,174
64,524
65,413
66,298
67,283
68,79
69,247
70,136
71,113
72,125
73,118
74,82
75,118
76,157
77,26
78,6
79,38
80,120
81,131
82,59
83,62
84,99
85,132
86,74
87,146
88,204
89,161
90,158
91,109
92,49
93,27
94,114
95,151
96,98
97,165
98,188
99,64
100,220
101,259
102,315
103,511
104,275
105,268
106,347
107,254
108,220
109,76
110,119
111,226
112,171
113,81
114,199
115,166
116,323
117,404
118,188
119,206
120,207
121,373
122,375
123,399
124,259
125,57
126,304
127,223
128,447
129,201
130,199
131,279
132,363
133,356
134,243
135,151
136,160
137,231
138,309
139,197
140,225
141,245
142,251
143,245
144,229
145,183
146,304
147,311
148,271
149,227
150,258
151,252
152,315
153,401
154,378
155,259
156,292
157,262
158,156
159,277
160,300
161,247
162,489
163,361
164,243
165,296
166,219
167,224
168,277
169,159
170,338
171,237
172,220
173,159
174,220
175,161
176,257
177,315
178,349
179,353
180,297
181,334
182,231
183,279
184,386
185,337
186,250
187,230
188,250
189,172
190,318
191,25
192,242
193,331
194,307
195,583
196,314
197,368
198,433
199,337
200,397
201,381
202,328
203,228
204,273
205,317
206,249
207,236
208,308
209,168
210,261
211,198
212,276
213,221
214,255
215,342
216,213
217,203
218,245
219,257
220,257
221,226
222,259
223,390
224,379
225,239
226,162
227,147
228,122
229,154
230,270
231,307
232,286
233,220
234,268
235,293
236,245
237,240
238,334
239,231
240,309
241,226
242,191
243,329
244,273
245,301
246,240
247,318
248,334
249,217
250,298
251,329
252,309
253,165
254,231
255,250
256,341
257,415
258,234
259,376
260,479
261,307
262,270
263,202
264,289
265,409
266,294
267,415
268,337
269,351
270,292
271,189
272,275
273,174
274,157
275,313
276,280
277,351
278,324
279,279
280,283
281,222
282,299
283,433
284,230
285,237
286,412
287,225
288,181
289,214
290,291
291,375
292,358
293,246
294,233
295,460
296,238
297,272
298,166
299,362
300,296
301,542
302,403
303,259
304,199
305,343
306,341
307,266
308,161
309,346
310,483
311,397
312,298
313,387
314,425
315,433
316,330
317,134
318,211
319,364
320,215
321,400
322,216
323,427
324,409
325,318
326,423
327,449
328,190
329,333
330,305
331,338
332,272
333,349
334,370
335,267
336,347
337,298
338,331
339,335
340,329
341,336
342,442
343,300
344,193
345,484
346,395
347,459
348,433
349,313
350,382
351,223
352,366
353,205
354,385
355,284
356,419
357,447
358,405
359,265
360,365
361,207
362,386
363,360
364,329
365,343
366,325
367,255
368,321
369,290
370,228
371,320
372,296
373,266
374,455
375,386
376,352
377,220
378,197
379,302
380,355
381,278
382,230
383,191
384,180
385,284
386,310
387,204
388,300
389,236
390,344
391,357
392,367
393,301
394,312
395,375
396,379
397,371
398,365
399,240
400,459
401,396
402,364
403,590
404,447
405,312
406,403
407,458
408,425
409,280
410,403
411,317
412,112
413,292
414,364
415,273
416,415
417,292
418,255
419,436
420,361
421,278
422,353
423,377
424,400
425,569
426,456
427,348
428,345
429,329
430,318
431,322
432,318
433,435
434,283
435,297
436,392
437,254
438,331
439,279
440,445
441,302
442,421
443,324
444,402
445,443
446,365
447,205
448,396
449,315
450,360
451,417
452,443
453,349
454,281
455,322
456,351
457,286
458,170
459,461
460,334
461,351
462,393
463,417
464,508
465,544
466,411
467,462
468,293
469,458
470,444
471,254
472,352
473,259
474,140
475,419
476,205
477,312
478,610
479,346
480,353
481,504
482,330
483,487
484,287
485,333
486,357
487,272
488,274
489,431
490,422
491,396
492,332
493,293
494,355
495,446
496,253
497,409
498,375
499,288
500,375
501,329
502,391
503,367
504,451
505,378
506,352
507,323
508,315
509,247
510,305
511,435
512,225
513,296
514,321
515,270
516,435
517,256
518,291
519,253
520,189
521,286
522,328
523,373
524,246
525,410
526,255
527,281
528,426
529,301
530,265
531,409
532,382
533,353
534,364
535,312
536,407
537,310
538,307
539,379
540,220
541,335
542,361
543,236
544,349
545,281
546,449
547,227
548,396
549,538
550,279
551,219
552,302
553,254
554,141
555,306
556,338
557,408
558,357
559,405
560,415
561,482
562,332
563,444
564,312
565,539
566,397
567,311
568,362
569,322
570,354
571,363
572,428
573,354
574,345
575,445
576,450
577,321
578,488
579,267
580,371
581,379
582,273
583,298
584,243
585,262
586,402
587,241
588,367
589,430
590,362
591,349
592,194
593,280
594,220
595,266
596,348
597,377
598,240
599,438
600,514
601,256
602,313
603,319
604,291
605,326
606,262
607,261
608,248
609,309
610,273
611,374
612,287
613,243
614,344
615,296
616,450
617,305
618,256
619,382
620,324
621,204
622,372
623,258
624,451
625,243
626,332
627,298
628,192
629,170
630,294
631,268
632,419
633,338
634,307
635,293
636,363
637,302
638,348
639,391
640,368
641,340
642,338
643,322
644,466
645,378
646,385
647,441
648,377
649,301
650,232
651,315
652,422
653,360
654,336
655,360
656,497
657,420
658,430
659,262
660,296
661,295
662,319
663,377
664,445
665,564
666,8
667,428
668,356
669,413
670,399
671,305
672,404
673,304
674,253
675,518
676,424
677,376
678,482
679,403
680,461
681,326
682,406
683,285
684,367
685,309
686,350
687,376
688,305
689,258
690,370
691,232
692,262
693,294
694,356
695,364
696,453
697,416
698,338
699,293
700,384
701,341
702,305
703,357
704,284
705,332
706,477
707,408
708,157
709,354
710,440
711,448
712,366
713,294
714,402
715,274
716,283
717,266
718,183
719,322
720,352
721,257
722,224
723,230
724,486
725,299
726,373
727,329
728,246
729,351
730,180
731,240
732,200
733,328
734,240
735,354
736,353
737,308
738,295
739,318
740,329
741,243
742,315
743,359
744,445
745,542
746,398
747,181
748,460
749,257
750,221
751,336
752,252
753,504
754,413
755,289
756,448
757,245
758,199
759,266
760,510
761,552
762,420
763,412
764,319
765,372
766,214
767,315
768,381
769,391
770,428
771,327
772,338
773,282
774,237
775,447
776,367
777,400
778,305
779,490
780,250
781,473
782,418
783,364
784,317
785,338
786,259
787,256
788,503
789,308
790,312
791,253
792,438
793,343
794,449
795,244
796,397
797,299
798,335
799,252
800,274
801,422
802,311
803,368
804,237
805,391
806,345
807,246
808,194
809,351
810,344
811,232
812,329
813,391
814,387
815,300
816,329
817,269
818,283
819,289
820,287
821,76
822,251
823,401
824,413
825,285
826,439
827,263
828,166
829,227
830,304
831,352
832,402
833,473
834,439
835,316
836,165
837,168
838,289
839,264
840,203
841,284
842,178
843,250
844,299
845,374
846,222
847,371
848,314
849,299
850,313
851,260
852,297
853,238
854,277
855,416
856,321
857,216
858,430
859,327
860,351
861,404
862,290
863,349
864,247
865,398
866,356
867,317
868,345
869,227
870,162
871,267
872,229
873,280
874,353
875,223
876,233
877,410
878,413
879,249
880,251
881,112
882,185
883,311
884,173
885,157
886,172
887,306
888,197
889,241
890,258
891,290
892,360
893,137
894,300
895,154
896,178
897,265
898,149
899,327
900,105
901,133
902,123
903,171
904,290
905,240
906,248
907,119
908,66
909,77
910,164
912,136
913,262
914,287
915,344
916,110
917,258
918,140
919,102
920,184
921,227
922,331
923,72
924,190
925,305
926,135
927,346
928,117
929,215
930,200
931,170
932,175
933,62
934,133
935,225
936,169
937,185
938,166
939,393
940,327
941,221
942,227
943,349
944,101
945,144
946,108
947,153
948,244
949,259
950,178
951,163
952,199
953,169
954,199
955,399
956,307
957,231
958,258
959,256
960,219
961,35
962,59
963,123
964,172
965,168
966,133
967,118
968,242
969,320
970,261
971,367
972,385
973,127
974,149
975,210
976,370
977,230
978,77
979,105
980,263
981,145
982,147
983,183
984,142
985,292
986,100
987,156
988,206
989,189
990,243
991,232
992,300
993,287
994,245
995,133
996,275
997,245
998,174
999,235
1000,22
1001,244
1002,343
1003,210
1004,221
1005,190
1006,385
1007,131
1008,130
1009,201
1010,150
1011,332
1012,222
1013,124
1014,122
1015,80
1016,113
1017,319
1018,168
1019,166
1020,149
1021,110
1022,195
1023,219
1024,119
1025,181
1026,170
1027,440
1028,69
1029,162
1030,219
1031,181
1032,7
1033,211
1034,220
1035,177
1036,65
1037,260
1038,233
1039,185
1040,170
1041,391
1042,240
1043,130
1044,222
1045,186
1046,152
1047,146
1048,255
1049,138
1050,258
1051,258
1052,266
1053,243
1054,222
1055,189
1056,251
1057,219
1058,150
1059,197
1060,308
1061,281
1062,323
1063,205
1064,280
1065,270
1066,205
1067,200
1068,426
1069,266
1070,280
1071,367
1072,224
1073,268
1074,290
1075,379
1076,286
1077,341
1078,397
1079,174
1080,175
1081,236
1082,210
1083,310
1084,170
1085,160
1086,255
1087,197
1088,229
1089,147
1090,269
1091,239
1092,253
1093,277
1094,246
1095,259
1096,228
1097,311
1098,291
1099,280
1100,319
1101,345
1102,245
1103,242
1104,305
1105,312
1106,528
1107,272
1108,321
1109,238
1110,281
1111,196
1112,254
1113,282
1114,314
1115,389
1116,278
1117,177
1118,329
1119,333
1120,197
1121,362
1122,224
1123,165
1124,321
1125,339
1126,366
1127,330
1128,296
1129,273
1130,270
1131,355
1132,106
1133,241
1134,248
1135,103
1136,307
1137,242
1138,379
1139,209
1140,228
1141,313
1142,293
1143,181
1144,185
1145,292
1146,283
1147,238
1148,362
1149,288
1150,371
1151,376
1152,351
1153,335
1154,256
1155,352
1156,311
1157,120
1158,365
1159,309
1160,407
1161,448
1162,259
1163,317
1164,399
1165,385
1166,378
1167,342
1168,434
1169,330
1170,296
1171,376
1172,279
1173,245
1174,223
1175,167
1176,236
1177,246
1178,291
1179,282
1180,238
1181,148
1182,178
1183,294
1184,272
1185,274
1186,289
1187,230
1188,163
1189,243
1190,199
1191,271
1192,202
1193,359
1194,325
1195,185
1196,343
1197,252
1198,309
1199,262
1200,278
1201,302
1202,430
1203,270
1204,267
1205,336
1206,324
1207,206
1208,213
1209,323
1210,338
1211,431
1212,341
1213,232
1214,201
1215,162
1216,224
1217,296
1218,287
1219,328
1220,206
1221,331
1222,267
1223,269
1224,290
1225,123
1226,327
1227,237
1228,242
1229,217
1230,172
1231,400
1232,417
1233,330
1234,354
1235,334
1236,283
1237,274
1238,131
1239,269
1240,222
1241,338
1242,177
1243,230
1244,206
1245,217
1246,293
1247,409
1248,183
1249,222
1250,291
1251,402
1252,230
1253,200
1254,267
1255,164
1256,191
1257,212
1258,180
1259,210
1260,306
1261,184
1262,421
1263,289
1264,208
1265,171
1266,278
1267,180
1268,201
1269,166
1270,271
1271,311
1272,323
1273,261
1274,296
1275,212
1276,231
1277,297
1278,231
1279,181
1280,310
1281,363
1282,311
1283,198
1284,272
1285,211
1286,295
1287,170
1288,116
1289,253
1290,366
1291,234
1292,253
1293,220
1294,380
1295,321
1296,197
1297,283
1298,225
1299,123
1300,333
1301,280
1302,315
1303,151
1304,291
1305,275
1306,85
1307,171
1308,206
1309,213
1310,220
1311,292
1312,259
1313,97
1314,191
1315,197
1316,211
1317,218
1318,241
1319,174
1320,327
1321,133
1322,153
1323,251
1324,216
1325,203
1326,262
1327,151
1328,248
1329,185
1330,262
1331,235
1332,167
1333,261
1334,223
1335,140
1336,188
1337,219
1338,125
1339,261
1340,249
1341,211
1342,239
1343,142
1344,118
1345,149
1346,148
1347,255
1348,248
1349,286
1350,180
1351,254
1352,258
1353,141
1354,239
1355,158
1356,294
1357,237
1358,215
1359,118
1360,271
1361,209
1362,203
1363,99
1364,207
1365,79
1366,192
1367,226
1368,281
1369,144
1370,193
1371,292
1372,122
1373,302
1374,168
1375,236
1376,191
1377,277
1378,152
1379,243
1380,232
1381,206
1382,213
1383,198
1384,165
1385,176
1386,185
1387,283
1388,127
1389,318
1390,284
1391,344
1392,58
1393,96
1394,117
1395,224
1396,90
1397,199
1398,236
1399,270
1400,136
1401,266
1402,369
1403,340
1404,239
1405,196
1406,302
1407,358
1408,195
1409,290
1410,378
1411,253
1412,405
1413,287
1414,190
1415,235
1416,323
1417,290
1418,283
1419,171
1420,212
1421,201
1422,250
1423,312
1424,402
1425,260
1426,294
1427,283
1428,175
1429,243
1430,278
1431,300
1432,252
1433,229
1434,219
1435,174
1436,252
1437,229
1438,169
1439,222
1440,265
1441,190
1442,377
1443,180
1444,192
1445,271
1446,238
1447,196
1448,278
1449,166
1450,163
1451,202
1452,111
1453,229
1454,294
1455,173
1456,263
1457,137
1458,248
1459,201
1460,330
1461,151
1462,337
1463,224
1464,255
1465,146
1466,128
1467,143
1468,182
1469,345
1470,248
1471,219
1472,315
1473,280
1474,372
1475,301
1476,342
1477,193
1478,269
1479,206
1480,400
1481,192
1482,286
1483,221
1484,228
1485,300
1486,361
1487,196
1488,191
1489,283
1490,235
1491,238
1492,242
1493,151
1494,200
1495,130
1496,266
1497,168
1498,220
1499,220
1500,297
1501,174
1502,201
1503,246
1504,285
1505,325
1506,227
1507,211
1508,210
1509,314
1510,281
1511,310
1512,271
1513,248
1514,195
1515,198
1516,225
1517,183
1518,228
1519,183
1520,196
1521,281
1522,332
1523,329
1524,291
1525,271
1526,193
1527,250
1528,227
1529,274
1530,301
1531,191
1532,169
1533,257
1534,399
1535,273
1536,192
1537,241
1538,234
1539,164
1540,130
1541,243
1542,210
1543,259
1544,191
1545,229
1546,235
1547,146
1548,134
1549,179
1550,144
1551,268
1552,216
1553,315
1554,257
1555,239
1556,195
1557,322
1558,112
1559,164
1560,282
1561,287
1562,212
1563,228
1564,217
1565,185
1566,259
1567,318
1568,341
1569,247
1570,233
1571,183
1572,310
1573,217
1574,261
1575,301
1576,230
1577,194
1578,251
1579,293
1580,289
1581,333
1582,299
1583,311
1584,284
1585,291
1586,278
1587,211
1588,166
1589,109
1590,267
1591,308
1592,251
1593,441
1594,199
1595,380
1596,206
1597,381
1598,281
1599,361
1600,312
1601,277
1602,298
1603,186
1604,388
1605,121
1606,211
1607,177
1608,183
1609,125
1610,174
1611,328
1612,257
1613,295
1614,340
1615,389
1616,294
1617,151
1618,154
1619,144
1620,187
1621,240
1622,214
1623,279
1624,135
1625,306
1626,392
1627,145
1628,154
1629,187
1630,235
1631,235
1632,256
1633,370
1634,323
1635,360
1636,223
1637,287
1638,253
1639,204
1640,303
1641,253
1642,262
1643,199
1644,279
1645,177
1646,288
1647,292
1648,244
1649,241
1650,232
1651,232
1652,270
1653,225
1654,253
1655,175
1656,279
1657,291
1658,284
1659,161
1660,225
1661,302
1662,232
1663,237
1664,237
1665,233
1666,215
1667,306
1668,266
1669,294
1670,313
1671,296
1672,352
1673,279
1674,200
1675,297
1676,325
1677,220
1678,300
1679,241
1680,356
1681,208
1682,167
1683,319
1684,149
1685,437
1686,385
1687,314
1688,346
1689,312
1690,294
1691,176
1692,281
1693,319
1694,299
1695,256
1696,273
1697,405
1698,217
1699,132
1700,277
1701,332
1702,360
1703,262
1704,324
1705,229
1706,213
1707,173
1708,416
1709,324
1710,332
1711,214
1712,401
1713,256
1714,207
1715,295
1716,275
1717,241
1718,259
1719,224
1720,254
1721,249
1722,311
1723,366
1724,277
1725,357
1726,255
1727,233
1728,294
1729,259
1730,308
1731,331
1732,245
1733,211
1734,421
1735,318
1736,347
1737,202
1738,230
1739,356
1740,319
1741,259
1742,272
1743,344
1744,196
1745,160
1746,276
1747,204
1748,290
1749,361
1750,227
1751,232
1752,245
1753,355
1754,400
1755,344
1756,148
1757,220
1758,265
1759,145
1760,379
1761,227
1762,264
1763,250
1764,272
1765,331
1766,330
1767,293
1768,335
1769,260
1770,238
1771,247
1772,282
1773,149
1774,397
1775,282
1776,369
1777,306
1778,353
1779,242
1780,271
1781,242
1782,395
1783,338
1784,345
1785,356
1786,329
1787,236
1788,295
1789,321
1790,391
1791,280
1792,272
1793,353
1794,227
1795,356
1796,247
1797,359
1798,349
1799,282
1800,228
1801,284
1802,189
1803,284
1804,151
1805,207
1806,367
1807,263
1808,326
1809,217
1810,335
1811,253
1812,259
1813,336
1814,329
1815,387
1816,407
1817,253
1818,233
1819,268
1820,290
1821,242
1822,328
1823,247
1824,194
1825,125
1826,229
1827,291
1828,272
1829,221
1830,206
1831,325
1832,162
1833,248
1834,206
1835,283
1836,205
1837,302
1838,265
1839,172
1840,368
1841,278
1842,251
1843,206
1844,250
1845,206
1846,267
1847,162
1848,234
1849,359
1850,322
1851,225
1852,283
1853,271
1854,271
1855,231
1856,179
1857,128
1858,202
1859,156
1860,285
1861,246
1862,297
1863,161
1864,248
1865,366
1866,325
1867,285
1868,274
1869,257
1870,334
1871,213
1872,214
1873,302
1874,342
1875,262
1876,213
1877,273
1878,363
1879,234
1880,196
1881,296
1882,284
1883,265
1884,212
1885,318
1886,357
1887,302
1888,254
1889,247
1890,358
1891,309
1892,178
1893,260
1894,296
1895,384
1896,264
1897,291
1898,285
1899,319
1900,261
1901,240
1902,220
1903,234
1904,255
1905,325
1906,249
1907,317
1908,212
1909,199
1910,197
1911,169
1912,267
1913,295
1914,234
1915,175
1916,374
1917,273
1918,187
1919,425
1920,311
1921,254
1922,286
1923,369
1924,245
1925,307
1926,413
1927,275
1928,296
1929,246
1930,270
1931,334
1932,340
1933,379
1934,233
1935,288
1936,380
1937,166
1938,333
1939,263
1940,173
1941,252
1942,326
1943,201
1944,246
1945,266
1946,271
1947,249
1948,255
1949,260
1950,380
1951,348
1952,226
1953,352
1954,380
1955,237
1956,249
1957,311
1958,293
1959,355
1960,278
1961,305
1962,245
1963,292
1964,208
1965,129
1966,179
1967,296
1968,204
1969,335
1970,222
1971,199
1972,257
1973,392
1974,191
1975,244
1976,105
1977,239
1978,359
1979,333
1980,399
1981,304
1982,239
1983,346
1984,209
1985,130
1986,241
1987,214
1988,233
1989,318
1990,324
1991,283
1992,281
1993,299
1994,287
1995,218
1996,197
1997,240
1998,235
1999,253
2000,106
2001,439
2002,319
2003,311
2004,329
2005,320
2006,380
2007,344
2008,355
2009,333
2010,373
2011,410
2012,222
2013,246
2014,240
2015,406
2016,303
2017,185
2018,204
2019,312
2020,371
2021,331
2022,318
2023,213
2024,416
2025,260
2026,271
2027,224
2028,337
2029,337
2030,279
2031,295
2032,367
2033,281
2034,344
2035,317
2036,287
2037,265
2038,229
2039,246
2040,272
2041,303
2042,320
2043,352
2044,266
2045,263
2046,338
2047,345
2048,288
2049,326
2050,286
2051,360
2052,320
2053,280
2054,285
2055,282
2056,319
2057,286
2058,220
2059,210
2060,289
2061,344
2062,277
2063,301
2064,259
2065,208
2066,386
2067,338
2068,275
2069,280
2070,296
2071,268
2072,301
2073,326
2074,397
2075,333
2076,289
2077,197
2078,307
2079,292
2080,295
2081,334
2082,311
2083,273
2084,253
2085,284
2086,329
2087,211
2088,363
2089,326
2090,214
2091,325
2092,326
2093,174
2094,428
2095,365
2096,284
2097,207
2098,366
2099,258
2100,275
2101,310
2102,263
2103,267
2104,322
2105,305
2106,285
2107,390
2108,324
2109,271
2110,356
2111,366
2112,324
2113,293
2114,305
2115,268
2116,513
2117,213
2118,361
2119,328
2120,335
2121,221
2122,288
2123,274
2124,352
2125,265
2126,213
2127,389
2128,310
2129,325
2130,364
2131,386
2132,410
2133,377
2134,422
2135,302
2136,326
2137,230
2138,276
2139,308
2140,291
2141,332
2142,344
2143,176
2144,261
2145,240
2146,344
2147,171
2148,266
2149,258
2150,269
2151,222
2152,264
2153,286
2154,344
2155,141
2156,198
2157,237
2158,210
2159,291
2160,241
2161,236
2162,319
2163,260
2164,200
2165,220
2166,201
2167,266
2168,304
2169,275
2170,324
2171,147
2172,262
2173,257
2174,234
2175,284
2176,380
2177,254
2178,237
2179,259
2180,213
2181,239
2182,241
2183,310
2184,296
2185,223
2186,282
2187,197
2188,159
2189,221
2190,204
2191,338
2192,229
2193,206
2194,195
2195,254
2196,288
2197,228
2198,261
2199,278
2200,174
2201,277
2202,342
2203,247
2204,263
2205,234
2206,264
2207,222
2208,296
2209,178
2210,157
2211,280
2212,245
2213,287
2214,210
2215,310
2216,314
2217,272
2218,304
2219,106
2220,185
2221,180
2222,337
2223,324
2224,315
2225,272
2226,195
2227,272
2228,202
2229,205
2230,288
2231,173
2232,291
2233,138
2234,265
2235,261
2236,334
2237,197
2238,269
2239,204
2240,212
2241,190
2242,209
2243,219
2244,205
2245,302
2246,148
2247,154
2248,378
2249,232
2250,270
2251,228
2252,240
2253,316
2254,198
2255,347
2256,218
2257,195
2258,287
2259,151
2260,238
2261,239
2262,268
2263,197
2264,152
2265,231
2266,205
2267,243
2268,133
2269,303
2270,318
2271,187
2272,312
2273,214
2274,247
2275,335
2276,247
2277,185
2278,252
2279,278
2280,299
2281,223
2282,219
2283,207
2284,229
2285,210
2286,190
2287,205
2288,262
2289,335
2290,206
2291,266
2292,224
2293,234
2294,311
2295,209
2296,197
2297,242
2298,200
2299,289
2300,203
2301,270
2302,217
2303,252
2304,196
2305,259
2306,186
2307,277
2308,187
2309,212
2310,256
2311,272
2312,238
2313,190
2314,212
2315,251
2316,237
2317,279
2318,183
2319,259
2320,187
2321,299
2322,193
2323,325
2324,288
2325,210
2326,171
2327,220
2328,194
2329,234
2330,238
2331,188
2332,199
2333,229
2334,253
2335,279
2336,180
2337,194
2338,175
2339,243
2340,251
2341,188
2342,221
2343,252
2344,181
2345,203
2346,222
2347,148
2348,171
2349,203
2350,165
2351,265
2352,221
2353,239
2354,219
2355,218
2356,270
2357,210
2358,246
2359,161
2360,256
2361,153
2362,147
2363,208
2364,169
2365,131
2366,189
2367,131
2368,227
2369,150
2370,172
2371,195
2372,243
2373,204
2374,98
2375,210
2376,194
2377,208
2378,233
2379,163
2380,242
2381,253
2382,185
2383,147
2384,187
2385,213
2386,293
2387,236
2388,246
2389,262
2390,279
2391,234
2392,243
2393,212
2394,299
2395,194
2396,231
2397,240
2398,207
2399,256
2400,254
2401,284
2402,215
2403,197
2404,308
2405,156
2406,219
2407,181
2408,177
2409,178
2410,201
2411,198
2412,174
2413,217
2414,224
2415,195
2416,180
2417,212
2418,216
2419,259
2420,208
2421,339
2422,203
2423,258
2424,176
2425,216
2426,219
2427,268
2428,168
2429,168
2430,210
2431,207
2432,81
2433,253
2434,167
2435,125
2436,94
2437,213
2438,139
2439,225
2440,63
2441,221
2442,197
2443,143
2444,257
2445,219
2446,99
2447,211
2448,226
2449,164
2450,166
2451,110
2452,250
2453,136
2454,99
2455,258
2456,166
2457,143
2458,201
2459,178
2460,161
2461,197
2462,229
2463,226
2464,146
2465,247
2466,208
2467,149
2468,58
2469,222
2470,224
2471,204
2472,222
2473,115
2474,198
2475,269
2476,121
2477,171
2478,120
2479,175
2480,216
2481,230
2482,114
2483,217
2484,113
2485,125
2486,126
2487,113
2488,198
2489,182
2490,198
2491,162
2492,165
2493,159
2494,154
2495,184
2496,121
2497,199
2498,141
2499,133
2500,93
2501,203
2502,206
2503,127
2504,145
2505,204
2506,219
2507,196
2508,131
2509,125
2510,194
2511,191
2512,151
2513,126
2514,236
2515,183
2516,277
2517,159
2518,115
2519,150
2520,144
2521,107
2522,142
2523,126
2524,159
2525,180
2526,133
2527,205
2528,158
2529,173
2530,189
2531,168
2532,108
2533,221
2534,203
2535,154
2536,155
2537,120
2538,180
2539,148
2540,132
2541,247
2542,152
2543,94
2544,106
2545,149
2546,174
2547,138
2548,190
2549,125
2550,111
2551,85
2552,112
2553,157
2554,145
2555,121
2556,176
2557,161
2558,183
2559,176
2560,140
2561,103
2562,228
2563,122
2564,217
2565,212
2566,121
2567,155
2568,146
2569,81
2570,144
2571,120
2572,122
2573,84
2574,190
2575,194
2576,154
2577,147
2578,159
2579,153
2580,248
2581,193
2582,217
2583,117
2584,133
2585,169
2586,84
2587,161
2588,160
2589,69
2590,162
2591,186
2592,81
2593,184
2594,161
2595,156
2596,138
2597,125
2598,92
2599,144
2600,155
2601,230
2602,148
2603,183
2604,141
2605,123
2606,125
2607,207
2608,200
2609,164
2610,184
2611,134
2612,198
2613,171
2614,158
2615,157
2616,129
2617,292
2618,179
2619,162
2620,125
2621,93
2622,153
2623,151
2624,188
2625,188
2626,189
2627,180
2628,125
2629,132
2630,129
2631,110
2632,195
2633,130
2634,160
2635,163
2636,157
2637,108
2638,122
2639,144
2640,192
2641,167
2642,201
2643,129
2644,83
2645,153
2646,144
2647,123
2648,138
2649,175
2650,15
2651,157
2652,114
2653,155
2654,114
2655,132
2656,136
2657,181
2658,127
2659,143
2660,150
2661,104
2662,107
2663,121
2664,136
2665,175
2666,84
2667,86
2668,102
2669,182
2670,113
2671,100
2672,95
2673,187
2674,139
2675,128
2676,69
2677,93
2678,55
2679,127
2680,189
2681,131
2682,95
2683,86
2684,70
2685,135
2686,134
2687,96
2688,175
2689,73
2690,139
2691,129
2692,107
2693,97
2694,116
2695,148
2696,57
2697,87
2698,90
2699,67
2700,193
2701,105
2702,98
2703,85
2704,148
2705,157
2706,65
2707,84
2708,123
2709,176
2710,127
2711,125
2712,196
2713,45
2714,65
2715,106
2716,90
2717,81
2718,146
2719,114
2720,119
2721,75
2722,141
2723,86
2724,68
2725,107
2726,22
2727,109
2728,118
2729,141
2730,158
2731,137
2732,69
2733,75
2734,129
2735,112
2736,70
2737,137
2738,106
2739,85
2740,96
2741,73
2742,62
2743,156
2744,110
2745,137
2746,76
2747,113
2748,92
2749,114
2750,48
2751,73
2752,124
2753,106
2754,116
2755,125
2756,81
2757,83
2758,122
2759,184
2760,100
2761,73
2762,100
2763,106
2764,97
2765,97
2766,71
2767,198
2768,197
2769,35
2770,86
2771,104
2772,170
2773,81
2774,84
2775,75
2776,79
2777,116
2778,136
2779,112
2780,115
2781,97
2782,105
2783,181
2784,199
2785,104
2786,60
2787,105
2788,102
2789,118
2790,119
2791,170
2792,131
2793,136
2794,137
2795,226
2796,133
2797,69
2798,170
2799,143
2800,91
2801,105
2802,238
2803,87
2804,93
2805,124
2806,117
2807,178
2808,103
2809,225
2810,154
2811,147
2812,126
2813,106
2814,43
2815,94
2816,115
2817,193
2818,81
2819,139
2820,196
2821,125
2822,182
2823,232
2824,100
2825,177
2826,206
2827,122
2828,76
2829,101
2830,222
2831,91
2832,102
2833,88
2834,133
2835,63
2836,155
2837,46
2838,78
2839,131
2840,92
2841,71
2842,32
2843,73
2844,134
2845,76
2846,118
2847,123
2848,100
2849,129
2850,119
2851,68
2852,129
2853,50
2854,120
2855,121
2856,135
2857,143
2858,119
2859,80
2860,104
2861,123
2862,118
2863,115
2864,109
2865,129
2866,113
2867,132
2868,119
2869,111
2870,139
2871,68
2872,108
2873,130
2874,76
2875,100
2876,77
2877,77
2878,43
2879,81
2880,95
2881,103
2882,90
2883,63
2884,43
2885,71
2886,84
2887,72
2888,46
2889,14
2890,82
2891,105
2892,47
2893,91
2894,106
2895,60
2896,86
2897,76
2898,62
2899,49
2900,52
2901,101
2902,85
2903,71
2904,48
2905,91
2906,84
2907,42
2908,38
2909,71
2910,75
2911,41
2912,69
2913,74
2914,43
2915,69
2916,50
2917,45
2918,49
2919,52
2920,51
2921,48
2922,74
2923,95
2924,70
2925,41
2926,39
2927,61
2928,64
2929,53
2930,99
2931,88
2932,101
2933,72
2934,90
2935,81
2936,126
2937,66
2938,110
2939,62
2940,108
2941,104
2942,48
2943,54
2944,98
2945,81
2946,100
2947,10
2948,80
2949,103
2950,127
2951,86
2952,142
2953,91
2954,128
2955,104
2956,113
2957,136
2958,121
2959,76
2960,155
2961,66
2962,129
2963,127
2964,93
2965,107
2966,131
2967,101
2968,118
2969,125
2970,158
2971,147
2972,159
2973,171
2974,180
2975,208
2976,128
2977,84
2978,146
2979,148
2980,105
2981,121
2982,137
2983,217
2984,123
2985,75
2986,156
2987,73
2988,156
2989,140
2990,107
2991,82
2992,139
2993,111
2994,152
2995,112
2996,104
2997,109
2998,94
2999,142
3001,124
3002,50
3003,96
3004,137
3005,62
3006,43
3007,52
3008,40
3009,25
3010,99
3011,53
3012,82
3013,38
3014,86
3015,47
3016,37
3017,125
3018,75
3019,106
3020,75
3021,110
3022,100
3023,48
3024,70
3025,70
3026,89
3027,28
3028,16
3029,46
3030,88
3031,42
3032,49
3033,17
3034,33
3035,71
3036,100
3037,59
3038,114
3039,49
3040,84
3041,94
3042,14
3043,60
3044,82
3045,55
3046,81
3047,35
3048,122
3049,22
3050,110
3051,74
3052,125
3053,76
3054,67
3055,108
3056,77
3057,69
3058,91
3059,78
3060,97
3061,125
3062,73
3063,78
3064,85
3065,59
3066,66
3067,16
3068,136
3069,98
3070,49
3071,75
3072,48
3073,66
3074,73
3075,84
3076,136
3077,46
3078,94
3079,122
3080,49
3081,129
3082,82
3083,73
3084,79
3085,40
3086,80
3087,130
3088,33
3089,16
3090,54
3091,49
3092,69
3093,68
3094,39
3095,52
3096,75
3097,46
3098,76
3099,99
3100,65
3101,81
3102,76
3103,76
3104,33
3105,36
3106,69
3107,52
3108,65
3109,72
3110,99
3111,147
3112,23
3113,132
3114,126
3115,132
3116,40
3117,63
3118,72
3119,134
3120,43
3121,84
3122,92
3123,47
3124,73
3125,134
3126,18
3127,81
3128,195
3129,135
3130,24
3131,74
3132,76
3133,142
3134,72
3135,75
3136,35
3137,68
3138,90
3139,128
3140,112
3141,105
3142,59
3143,40
3144,74
3145,79
3146,76
3147,91
3148,22
3149,75
3150,71
3151,100
3152,82
3153,78
3154,68
3155,55
3156,64
3157,54
3158,75
3159,54
3160,70
3161,47
3162,35
3163,105
3164,56
3165,52
3166,125
3167,101
3168,64
3169,73
3170,100
3171,45
3172,67
3173,34
3174,59
3175,87
3176,51
3177,44
3178,78
3179,63
3180,68
3181,98
3182,94
3183,71
3184,70
3185,71
3186,12
3187,50
3188,105
3189,73
3190,194
3191,118
3192,48
3193,112
3194,71
3195,54
3196,54
3197,81
3198,92
3199,23
3200,64
3201,52
3202,41
3203,40
3204,44
3205,49
3206,61
3207,40
3208,21
3209,37
3210,48
3211,52
3212,78
3213,42
3214,52
3215,52
3216,50
3217,52
3218,58
3219,42
3220,51
3221,35
3222,48
3223,42
3224,33
3225,66
3226,46
3227,46
3228,58
3229,39
3230,51
3231,33
3232,35
3233,41
3234,46
3235,37
3236,14
3237,69
3238,45
3239,45
3240,71
3241,66
3242,52
3243,36
3244,39
3245,44
3246,44
3247,11
3248,35
3249,48
3250,50
3251,48
3252,21
3253,26
3254,47
3255,69
3256,50
3257,56
3258,46
3259,16
3260,69
3261,48
3262,52
3263,50
3264,61
3265,66
3266,67
3267,71
3268,110
3269,65
3270,98
3271,65
3272,45
3273,73
3274,67
3275,63
3276,105
3277,68
3278,65
3279,42
3280,204
3281,242
3282,189
3283,205
3284,223
3285,135
3286,131
3287,186
3288,126
3289,162
3290,203
3291,102
3292,111
3293,116
3294,104
3295,117
3296,172
3297,258
3298,205
3299,161
3300,187
3301,191
3302,177
3303,194
3304,195
3305,164
3306,206
3307,175
3308,156
3309,161
3310,140
3311,159
3312,185
3313,182
3314,102
3315,244
3316,216
3317,212
3318,172
3319,218
3320,207
3321,174
3322,229
3323,255
3324,192
3325,206
3326,194
3327,171
3328,219
3329,248
3330,174
3331,123
3332,225
3333,187
3334,224
3335,172
3336,223
3337,185
3338,279
3339,231
3340,195
3341,238
3342,213
3343,232
3344,193
3345,140
3346,100
3347,199
3348,219
3349,157
3350,172
3351,178
3352,191
3353,182
3354,264
3355,230
3356,156
3357,164
3358,203
3359,181
3360,247
3361,249
3362,219
3363,187
3364,167
3365,218
3366,214
3367,140
3368,179
3369,240
3370,181
3371,134
3372,193
3373,233
3374,199
3375,185
3376,129
3377,253
3378,199
3379,124
3380,207
3381,112
3382,179
3383,223
3384,139
3385,109
3386,160
3387,169
3388,180
3389,237
3390,241
3391,171
3392,217
3393,187
3394,238
3395,177
3396,183
3397,218
3398,122
3399,171
3400,217
3401,235
3402,280
3403,239
3404,266
3405,263
3406,283
3407,261
3408,200
3409,260
3410,310
3411,192
3412,247
3413,306
3414,246
3415,278
3416,249
3417,284
3418,250
3419,265
3420,257
3421,264
3422,254
3423,258
3424,238
3425,237
3426,215
3427,297
3428,164
3429,180
3430,240
3431,254
3432,212
3433,192
3434,216
3435,245
3436,252
3437,279
3438,212
3439,280
3440,202
3441,245
3442,263
3443,246
3444,144
3445,186
3446,226
3447,222
3448,205
3449,282
3450,197
3451,148
3452,279
3453,214
3454,298
3455,307
3456,265
3457,222
3458,238
3459,244
3460,219
3461,177
3462,240
3463,217
3464,224
3465,267
3466,217
3467,284
3468,271
3469,258
3470,173
3471,264
3472,297
3473,181
3474,238
3475,228
3476,256
3477,282
3478,244
3479,290
3480,291
3481,241
3482,268
3483,248
3484,304
3485,206
3486,185
3487,271
3488,220
3489,209
3490,243
3491,219
3492,289
3493,291
3494,281
3495,272
3496,265
3497,273
3498,186
3499,217
3500,257
3501,200
3502,206
3503,197
3504,283
3505,223
3506,235
3507,238
3508,205
3509,232
3510,262
3511,192
3512,276
3513,222
3514,177
3515,133
3516,209
3517,103
3518,239
3519,207
3520,250
3521,220
3522,189
3523,231
3524,236
3525,204
3526,176
3527,181
3528,144
3529,201
3530,225
3531,182
3532,214
3533,151
3534,269
3535,226
3536,295
3537,248
3538,239
3539,227
3540,210
3541,271
3542,213
3543,190
3544,218
3545,253
3546,250
3547,245
3548,179
3549,207
3550,226
3551,181
3552,223
3553,237
3554,141
3555,212
3556,240
3557,209
3558,212
3559,174
3560,291
3561,212
3562,249
3563,226
3564,208
3565,192
3566,245
3567,187
3568,209
3569,191
3570,187
3571,199
3572,202
3573,187
3574,215
3575,127
3576,198
3577,236
3578,251
3579,212
3580,257
3581,235
3582,228
3583,121
3584,244
3585,160
3586,165
3587,211
3588,176
3589,234
3590,187
3591,170
3592,239
3593,192
3594,173
3595,192
3596,235
3597,240
3598,232
3599,212
3600,233
3601,184
3602,204
3603,243
3604,210
3605,159
3606,270
3607,206
3608,216
3609,187
3610,185
3611,189
3612,223
3613,187
3614,142
3615,287
3616,173
3617,159
3618,242
3619,213
3620,249
3621,186
3622,175
3623,180
3624,213
3625,148
3626,198
3627,219
3628,230
3629,178
3630,243
3631,218
3632,199
3633,214
3634,217
3635,218
3636,225
3637,199
3638,227
3639,208
3640,188
3641,239
3642,229
3643,229
3644,217
3645,243
3646,156
3647,218
3648,218
3649,205
3650,229
3651,202
3652,185
3653,200
3654,205
3655,180
3656,156
3657,231
3658,216
3659,198
3660,175
3661,232
3662,216
3663,228
3664,188
3665,206
3666,164
3667,142
3668,170
3669,173
3670,123
3671,168
3672,190
3673,168
3674,212
3675,157
3676,194
3677,258
3678,231
3679,240
3680,241
3681,212
3682,129
3683,138
3684,126
3685,170
3686,124
3687,107
3688,134
3689,166
3690,157
3691,106
3692,144
3693,225
3694,191
3695,165
3696,171
3697,172
3698,172
3699,190
3700,149
3701,98
3702,181
3703,135
3704,131
3705,157
3706,170
3707,144
3708,127
3709,172
3710,140
3711,160
3712,183
3713,105
3714,88
3715,195
3716,124
3717,201
3718,138
3719,144
3720,124
3721,194
3722,103
3723,152
3724,179
3725,96
3726,128
3727,129
3728,151
3729,155
3730,47
3731,189
3732,91
3733,166
3734,167
3735,187
3736,155
3737,171
3738,190
3739,147
3740,183
3741,187
3742,166
3743,71
3744,198
3745,194
3746,134
3747,120
3748,137
3749,154
3750,186
3751,119
3752,166
3753,179
3754,106
3755,139
3756,153
3757,177
3758,104
3759,114
3760,200
3761,155
3762,263
3763,165
3764,244
3765,139
3766,235
3767,245
3768,240
3769,242
3770,213
3771,178
3772,235
3773,184
3774,173
3775,204
3776,198
3777,205
3778,152
3779,179
3780,181
3781,209
3782,136
3783,228
3784,228
3785,203
3786,257
3787,218
3788,235
3789,224
3790,111
3791,165
3792,185
3793,197
3794,230
3795,216
3796,233
3797,190
3798,154
3799,195
3800,149
3801,223
3802,241
3803,201
3804,165
3805,162
3806,227
3807,233
3808,198
3809,202
3810,202
3811,126
3812,149
3813,173
3814,214
3815,211
3816,216
3817,102
3818,168
3819,237
3820,182
3821,166
3822,145
3823,188
3824,256
3825,157
3826,154
3827,165
3828,90
3829,144
3830,195
3831,187
3832,99
3833,225
3834,105
3835,174
3836,191
3837,216
3838,261
3839,147
3840,215
3841,190
3842,178
3843,220
3844,202
3845,192
3846,137
3847,172
3848,194
3849,176
3850,191
3851,180
3852,164
3853,191
3854,236
3855,118
3856,181
3857,209
3858,137
3859,230
3860,181
3861,168
3862,153
3863,173
3864,176
3865,135
3866,163
3867,207
3868,153
3869,204
3870,176
3871,153
3872,175
3873,166
3874,193
3875,196
3876,162
3877,190
3878,80
3879,158
3880,159
3881,111
3882,188
3883,172
3884,141
3885,191
3886,162
3887,139
3888,207
3889,138
3890,166
3891,174
3892,139
3893,158
3894,176
3895,154
3896,206
3897,179
3898,150
3899,191
3900,169
3901,124
3902,133
3903,134
3904,158
3905,132
3906,159
3907,160
3908,155
3909,165
3910,206
3911,182
3912,136
3913,121
3914,121
3915,184
3916,147
3917,109
3918,118
3919,229
3920,148
3921,201
3922,178
3923,212
3924,149
3925,163
3926,141
3927,147
3928,133
3929,290
3930,166
3931,174
3932,203
3933,175
3934,122
3935,224
3936,202
3937,202
3938,186
3939,153
3940,178
3941,211
3942,198
3943,208
3944,169
3945,242
3946,259
3947,204
3948,144
3949,127
3950,98
3951,170
3952,142
3953,147
3954,120
3955,145
3956,139
3957,168
3958,148
3959,186
3960,183
3961,196
3962,265
3963,144
3964,143
3965,240
3966,143
3967,170
3968,248
3969,219
3970,205
3971,161
3972,206
3973,260
3974,113
3975,153
3976,111
3977,158
3978,95
3979,199
3980,183
3981,112
3982,95
3983,145
3984,172
3985,145
3986,88
3987,214
3988,279
3989,105
3990,195
3991,239
3992,139
3993,197
3994,161
3995,194
3996,190
3997,195
3998,260
3999,218
4000,54
4001,134
4002,180
4003,216
4004,180
4005,174
4006,208
4007,155
4008,141
4009,121
4010,212
4011,134
4012,169
4013,244
4014,151
4015,168
4016,171
4017,138
4018,125
4019,177
4020,207
4021,182
4022,195
4023,208
4024,149
4025,187
4026,167
4027,194
4028,271
4029,94
4030,166
4031,120
4032,178
4033,172
4034,181
4035,195
4036,168
4037,158
4038,196
4039,140
4040,167
4041,202
4042,145
4043,122
4044,119
4045,180
4046,124
4047,150
4048,124
4049,125
4050,126
4051,141
4052,161
4053,107
4054,177
4055,239
4056,105
4057,118
4058,96
4059,152
4060,156
4061,54
4062,135
4063,100
4064,195
4065,139
4066,156
4067,31
4068,147
4069,133
4070,92
4071,162
4072,161
4073,128
4074,128
4075,112
4076,132
4077,98
4078,73
4079,128
4080,48
4081,99
4082,107
4083,124
4084,118
4085,78
4086,72
4087,61
4088,121
4089,50
4090,123
4091,120
4092,156
4093,117
4094,106
4095,179
4096,54
4097,130
4098,120
4099,73
4100,175
4101,157
4102,193
4103,116
4104,126
4105,70
4106,97
4107,145
4108,80
4109,159
4110,132
4111,108
4112,177
4113,126
4114,100
4115,98
4116,126
4117,119
4118,151
4119,107
4120,182
4121,186
4122,89
4123,139
4124,138
4125,132
4126,98
4127,84
4128,118
4129,129
4130,77
4131,119
4132,120
4133,119
4134,163
4135,127
4136,94
4137,75
4138,128
4139,120
4140,64
4141,141
4142,86
4143,109
4144,178
4145,93
4146,121
4147,77
4148,90
4149,64
4150,84
4151,50
4152,113
4153,83
4154,85
4155,94
4156,91
4157,132
4158,108
4159,79
4160,86
4161,117
4162,82
4163,74
4164,54
4165,128
4166,89
4167,87
4168,98
4169,105
4170,79
4171,103
4172,162
4173,111
4174,103
4175,248
4176,110
4177,119
4178,102
4179,115
4180,117
4181,181
4182,98
4183,144
4184,110
4185,142
4186,253
4187,175
4188,113
4189,81
4190,127
4191,179
4192,142
4193,122
4194,125
4195,186
4196,146
4197,225
4198,88
4199,30
4200,108
4201,96
4202,132
4203,80
4204,108
4205,95
4206,110
4207,77
4208,39
4209,49
4210,87
4211,76
4212,97
4213,49
4214,114
4215,99
4216,24
4217,135
4218,60
4219,137
4220,154
4221,192
4222,61
4223,127
4224,136
4225,117
4226,124
4227,82
4228,33
4229,37
4230,65
4231,29
4232,104
4233,96
4234,70
4235,116
4236,84
4237,67
4238,121
4239,62
4240,81
4241,92
4242,122
4243,19
4244,130
4245,63
4246,89
4247,41
4248,60
4249,72
4250,79
4251,66
4252,64
4253,67
4254,75
4255,84
4256,43
4257,79
4258,158
4259,97
4260,66
4261,109
4262,134
4263,84
4264,78
4265,135
4266,105
4267,109
4268,125
4269,89
4270,142
4271,146
4272,96
4273,50
4274,92
4275,74
4276,144
4277,163
4278,117
4279,57
4280,133
4281,128
4282,129
4283,77
4284,127
4285,81
4286,150
4287,103
4288,99
4289,75
4290,138
4291,101
4292,139
4293,106
4294,148
4295,208
4296,133
4297,47
4298,102
4299,96
4300,159
4301,152
4302,155
4303,110
4304,85
4305,146
4306,65
4307,89
4308,89
4309,96
4310,93
4311,72
4312,66
4313,108
4314,126
4315,200
4316,134
4317,158
4318,154
4319,167
4320,173
4321,171
4322,177
4323,137
4324,194
4325,191
4326,179
4327,183
4328,127
4329,71
4330,166
4331,156
4332,103
4333,121
4334,82
4335,161
4336,137
4337,84
4338,115
4339,86
4340,107
4341,99
4342,142
4343,150
4344,210
4345,129
4346,125
4347,102
4348,113
4349,51
4350,212
4351,147
4352,124
4353,100
4354,133
4355,178
4356,101
4357,120
4358,124
4359,136
4360,146
4361,92
4362,98
4363,130
4364,121
4365,155
4366,130
4367,135
4368,129
4369,133
4370,167
4371,146
4372,137
4373,117
4374,96
4375,219
4376,113
4377,120
4378,110
4379,55
4380,126
4381,157
4382,104
4383,124
4384,61
4385,133
4386,162
4387,76
4388,178
4389,104
4390,172
4391,88
4392,192
4393,72
4394,140
4395,143
4396,170
4397,101
4398,105
4399,136
4400,84
4401,64
4402,127
4403,110
4404,104
4405,94
4406,131
4407,116
4408,172
4409,73
4410,195
4411,168
4412,144
4413,132
4414,107
4415,79
4416,127
4417,121
4418,127
4419,113
4420,109
4421,79
4422,144
4423,124
4424,149
4425,165
4426,171
4427,40
4428,92
4429,86
4430,180
4431,149
4432,156
4433,103
4434,119
4435,124
4436,69
4437,119
4438,42
4439,183
4440,100
4441,181
4442,150
4443,114
4444,145
4445,241
4446,219
4447,209
4448,176
4449,195
4450,207
4451,227
4452,147
4453,107
4454,185
4455,181
4456,189
4457,180
4458,89
4459,132
4460,174
4461,227
4462,174
4463,218
4464,153
4465,166
4466,150
4467,126
4468,153
4469,177
4470,169
4471,181
4472,146
4473,151
4474,188
4475,220
4476,195
4477,203
4478,119
4479,155
4480,156
4481,251
4482,173
4483,130
4484,196
4485,133
4486,144
4487,160
4488,140
4489,148
4490,158
4491,169
4492,196
4493,160
4494,143
4495,156
4496,177
4497,115
4498,200
4499,184
4500,210
4501,194
4502,171
4503,126
4504,184
4505,160
4506,160
4507,117
4508,213
4509,105
4510,130
4511,208
4512,121
4513,151
4514,168
4515,173
4516,129
4517,185
4518,172
4519,151
4520,163
4521,199
4522,174
4523,170
4524,108
4525,186
4526,194
4527,211
4528,157
4529,216
4530,150
4531,205
4532,132
4533,169
4534,133
4535,153
4536,148
4537,167
4538,196
4539,108
4540,104
4541,198
4542,233
4543,176
4544,151
4545,177
4546,246
4547,200
4548,164
4549,136
4550,150
4551,147
4552,112
4553,191
4554,181
4555,125
4556,158
4557,184
4558,132
4559,94
4560,171
4561,243
4562,168
4563,179
4564,130
4565,137
4566,76
4567,159
4568,157
4569,149
4570,150
4571,205
4572,147
4573,106
4574,130
4575,84
4576,169
4577,102
4578,193
4579,178
4580,183
4581,211
4582,157
4583,74
4584,158
4585,127
4586,133
4587,139
4588,181
4589,208
4590,73
4591,173
4592,111
4593,131
4594,153
4595,128
4596,118
4597,114
4598,122
4599,115
4600,159
4601,166
4602,149
4603,166
4604,183
4605,138
4606,171
4607,131
4608,147
4609,201
4610,201
4611,201
4612,231
4613,158
4614,162
4615,173
4616,150
4617,105
4618,130
4619,167
4620,172
4621,176
4622,146
4623,242
4624,163
4625,151
4626,118
4627,201
4628,195
4629,219
4630,157
4631,164
4632,171
4633,168
4634,148
4635,130
4636,224
4637,181
4638,144
4639,173
4640,207
4641,220
4642,155
4643,157
4644,191
4645,151
4646,190
4647,197
4648,244
4649,102
4650,126
4651,202
4652,182
4653,176
4654,201
4655,120
4656,203
4657,145
4658,145
4659,231
4660,197
4661,160
4662,226
4663,185
4664,150
4665,178
4666,99
4667,151
4668,140
4669,173
4670,134
4671,102
4672,128
4673,115
4674,103
4675,116
4676,134
4677,156
4678,114
4679,153
4680,133
4681,156
4682,118
4683,215
4684,110
4685,169
4686,129
4687,162
4688,144
4689,146
4690,183
4691,187
4692,117
4693,213
4694,265
4695,138
4696,154
4697,181
4698,154
4699,194
4700,108
4701,80
4702,147
4703,134
4704,130
4705,141
4706,142
4707,155
4708,201
4709,184
4710,188
4711,179
4712,163
4713,236
4714,212
4715,176
4716,168
4717,197
4718,84
4719,127
4720,97
4721,99
4722,173
4723,168
4724,171
4725,135
4726,104
4727,102
4728,61
4729,108
4730,137
4731,122
4732,127
4733,126
4734,212
4735,175
4736,154
4737,156
4738,159
4739,133
4740,125
4741,58
4742,99
4743,133
4744,136
4745,152
4746,194
4747,122
4748,121
4749,149
4750,133
4751,152
4752,141
4753,167
4754,143
4755,168
4756,144
4757,140
4758,163
4759,155
4760,128
4761,171
4762,148
4763,91
4764,139
4765,128
4766,105
4767,147
4768,116
4769,106
4770,117
4771,70
4772,50
4773,93
4774,117
4775,166
4776,179
4777,141
4778,123
4779,196
4780,179
4781,205
4782,171
4783,138
4784,222
4785,147
4786,142
4787,126
4788,92
4789,192
4790,132
4791,151
4792,188
4793,151
4794,170
4795,185
4796,180
4797,154
4798,122
4799,150
4800,151
4801,195
4802,151
4803,144
4804,133
4805,177
4806,185
4807,185
4808,224
4809,162
4810,111
4811,126
4812,218
4813,158
4814,182
4815,189
4816,157
4817,100
4818,149
4819,114
4820,65
4821,113
4822,174
4823,190
4824,169
4825,181
4826,134
4827,165
4828,227
4829,153
4830,185
4831,224
4832,186
4833,166
4834,129
4835,204
4836,141
4837,145
4838,193
4839,104
4840,171
4841,189
4842,155
4843,157
4844,149
4845,133
4846,188
4847,220
4848,152
4849,129
4850,145
4851,144
4852,129
4853,128
4854,83
4855,169
4856,202
4857,236
4858,182
4859,132
4860,79
4861,167
4862,187
4863,162
4864,88
4865,102
4866,120
4867,156
4868,115
4869,75
4870,243
4871,92
4872,207
4873,92
4874,136
4875,131
4876,198
4877,113
4878,89
4879,120
4880,143
4881,131
4882,106
4883,112
4884,164
4885,154
4886,245
4887,166
4888,178
4889,163
4890,157
4891,196
4892,157
4893,111
4894,149
4895,86
4896,154
4897,121
4898,81
4899,113
4900,160
4901,88
4902,121
4903,116
4904,205
4905,180
4906,180
4907,106
4908,103
4909,142
4910,150
4911,168
4912,182
4913,166
4914,97
4915,133
4916,184
4917,148
4918,202
4919,133
4920,112
4921,143
4922,142
4923,177
4924,172
4925,157
4926,151
4927,131
4928,107
4929,141
4930,192
4931,123
4932,138
4933,140
4934,78
4935,132
4936,138
4937,168
4938,115
4939,167
4940,136
4941,134
4942,143
4943,129
4944,154
4945,133
4946,213
4947,115
4948,110
4949,144
4950,238
4951,170
4952,103
4953,156
4954,152
4955,111
4956,160
4957,142
4958,176
4959,188
4960,215
4961,220
4962,215
4963,128
4964,111
4965,158
4966,113
4967,139
4968,67
4969,151
4970,174
4971,67
4972,105
4973,154
4974,130
4975,149
4976,111
4977,127
4978,170
4979,116
4980,139
4981,110
4982,179
4983,88
4984,86
4985,74
4986,117
4987,195
4988,64
4989,147
4990,195
4991,135
4992,133
4993,125
4994,120
4995,82
4996,102
4997,125
4998,120
4999,94
5001,187
5002,152
5003,168
5004,208
5005,184
5006,168
5007,117
5008,107
5009,95
5010,105
5011,101
5012,159
5013,148
5014,121
5015,133
5016,157
5017,126
5018,152
5019,172
5020,179
5021,187
5022,145
5023,272
5024,113
5025,185
5026,80
5027,159
5028,135
5029,160
5030,234
5031,163
5032,167
5033,181
5034,193
5035,187
5036,201
5037,176
5038,207
5039,199
5040,161
5041,148
5042,154
5043,166
5044,202
5045,188
5046,170
5047,154
5048,131
5049,145
5050,136
5051,179
5052,96
5053,132
5054,235
5055,161
5056,61
5057,190
5058,136
5059,181
5060,173
5061,154
5062,188
5063,166
5064,171
5065,177
5066,178
5067,148
5068,174
5069,156
5070,161
5071,166
5072,154
5073,150
5074,206
5075,156
5076,143
5077,101
5078,116
5079,89
5080,119
5081,142
5082,134
5083,148
5084,148
5085,103
5086,183
5087,105
5088,143
5089,161
5090,171
5091,153
5092,125
5093,93
5094,133
5095,121
5096,127
5097,113
5098,142
5099,112
5100,120
5101,222
5102,273
5103,148
5104,238
5105,139
5106,201
5107,153
5108,161
5109,159
5110,181
5111,149
5112,149
5113,192
5114,214
5115,136
5116,153
5117,160
5118,160
5119,157
5120,134
5121,163
5122,201
5123,138
5124,156
5125,153
5126,96
5127,155
5128,169
5129,106
5130,126
5131,203
5132,173
5133,90
5134,134
5135,113
5136,155
5137,194
5138,148
5139,146
5140,104
5141,178
5142,135
5143,103
5144,88
5145,127
5146,140
5147,144
5148,139
5149,208
5150,55
5151,183
5152,119
5153,87
5154,88
5155,156
5156,162
5157,95
5158,148
5159,129
5160,102
5161,125
5162,146
5163,100
5164,91
5165,95
5166,98
5167,149
5168,149
5169,142
5170,85
5171,69
5172,117
5173,67
5174,98
5175,148
5176,153
5177,156
5178,194
5179,107
5180,143
5181,115
5182,153
5183,218
5184,136
5185,122
5186,128
5187,158
5188,146
5189,181
5190,147
5191,150
5192,145
5193,181
5194,116
5195,92
5196,144
5197,128
5198,123
5199,125
5200,102
5201,130
5202,135
5203,200
5204,137
5205,128
5206,195
5207,162
5208,191
5209,138
5210,117
5211,131
5212,192
5213,187
5214,157
5215,200
5216,184
5217,87
5218,137
5219,154
5220,152
5221,111
5222,151
5223,130
5224,129
5225,149
5226,151
5227,199
5228,183
5229,73
5230,103
5231,216
5232,129
5233,152
5234,165
5235,167
5236,175
5237,169
5238,161
5239,207
5240,160
5241,162
5242,213
5243,190
5244,174
5245,193
5246,149
5247,147
5248,133
5249,182
5250,163
5251,199
5252,166
5253,161
5254,173
5255,168
5256,146
5257,154
5258,209
5259,163
5260,172
5261,193
5262,180
5263,137
5264,198
5265,173
5266,179
5267,152
5268,187
5269,142
5270,178
5271,187
5272,181
5273,159
5274,172
5275,160
5276,183
5277,207
5278,164
5279,148
5280,148
5281,150
5282,186
5283,181
5284,142
5285,179
5286,103
5287,104
5288,140
5289,151
5290,182
5291,180
5292,184
5293,174
5294,153
5295,151
5296,128
5297,198
5298,160
5299,160
5300,114
5301,158
5302,114
5303,167
5304,152
5305,176
5306,139
5307,178
5308,84
5309,166
5310,152
5311,150
5312,185
5313,172
5314,132
5315,163
5316,181
5317,179
5318,121
5319,147
5320,187
5321,219
5322,173
5323,207
5324,171
5325,180
5326,145
5327,126
5328,164
5329,174
5330,186
5331,169
5332,140
5333,163
5334,128
5335,165
5336,141
5337,111
5338,163
5339,183
5340,113
5341,91
5342,176
5343,162
5344,162
5345,177
5346,138
5347,135
5348,172
5349,181
5350,160
5351,176
5352,212
5353,148
5354,166
5355,185
5356,158
5357,125
5358,192
5359,154
5360,158
5361,172
5362,152
5363,94
5364,99
5365,148
5366,186
5367,140
5368,165
5369,131
5370,214
5371,158
5372,172
5373,185
5374,111
5375,170
5376,145
5377,138
5378,170
5379,190
5380,187
5381,214
5382,144
5383,179
5384,188
5385,171
5386,165
5387,155
5388,90
5389,153
5390,138
5391,181
5392,177
5393,165
5394,169
5395,163
5396,179
5397,216
5398,105
5399,201
5400,140
5401,236
5402,259
5403,217
5404,183
5405,233
5406,182
5407,195
5408,214
5409,174
5410,224
5411,153
5412,188
5413,203
5414,166
5415,228
5416,201
5417,151
5418,201
5419,144
5420,221
5421,227
5422,203
5423,193
5424,169
5425,201
5426,148
5427,210
5428,182
5429,181
5430,217
5431,189
5432,207
5433,221
5434,149
5435,176
5436,165
5437,200
5438,154
5439,240
5440,197
5441,206
5442,242
5443,210
5444,207
5445,214
5446,184
5447,188
5448,253
5449,164
5450,130
5451,169
5452,185
5453,167
5454,147
5455,150
5456,214
5457,160
5458,141
5459,141
5460,144
5461,97
5462,80
5463,112
5464,178
5465,237
5466,178
5467,220
5468,112
5469,49
5470,69
5471,118
5472,191
5473,281
5474,189
5475,192
5476,238
5477,117
5478,166
5479,217
5480,116
5481,45
5482,185
5483,223
5484,143
5485,174
5486,189
5487,181
5488,234
5489,189
5490,180
5491,159
5492,206
5493,107
5494,195
5495,150
5496,159
5497,140
5498,188
5499,122
5500,171
5501,168
5502,155
5503,173
5504,246
5505,175
5506,175
5507,140
5508,154
5509,128
5510,158
5511,127
5512,212
5513,182
5514,172
5515,145
5516,141
5517,161
5518,209
5519,169
5520,166
5521,125
5522,218
5523,248
5524,194
5525,127
5526,181
5527,210
5528,196
5529,183
5530,228
5531,184
5532,159
5533,133
5534,187
5535,151
5536,151
5537,315
5538,209
5539,184
5540,232
5541,191
5542,162
5543,219
5544,151
5545,239
5546,122
5547,91
5548,248
5549,250
5550,145
5551,186
5552,174
5553,153
5554,98
5555,129
5556,166
5557,187
5558,207
5559,145
5560,147
5561,190
5562,145
5563,224
5564,241
5565,138
5566,152
5567,137
5568,161
5569,37
5570,115
5571,172
5572,154
5573,190
5574,253
5575,218
5576,61
5577,184
5578,147
5579,103
5580,183
5581,178
5582,187
5583,206
5584,187
5585,143
5586,129
5587,127
5588,105
5589,116
5590,151
5591,160
5592,148
5593,168
5594,53
5595,122
5596,92
5597,132
5598,122
5599,112
5600,80
5601,141
5602,112
5603,55
5604,77
5605,159
5606,140
5607,134
5608,176
5609,117
5610,113
5611,92
5612,126
5613,95
5614,117
5615,121
5616,122
5617,101
5618,56
5619,101
5620,100
5621,172
5622,170
5623,150
5624,103
5625,124
5626,66
5627,88
5628,112
5629,94
5630,59
5631,108
5632,151
5633,133
5634,117
5635,79
5636,84
5637,113
5638,76
5639,114
5640,101
5641,74
5642,119
5643,64
5644,132
5645,139
5646,80
5647,131
5648,126
5649,132
5650,97
5651,131
5652,124
5653,158
5654,132
5655,149
5656,77
5657,71
5658,113
5659,70
5660,107
5661,141
5662,109
5663,119
5664,78
5665,129
5666,51
5667,165
5668,99
5669,89
5670,93
5671,101
5672,132
5673,81
5674,64
5675,113
5676,154
5677,99
5678,133
5679,137
5680,198
5681,221
5682,166
5683,216
5684,157
5685,183
5686,169
5687,148
5688,147
5689,226
5690,171
5691,172
5692,185
5693,231
5694,196
5695,150
5696,215
5697,182
5698,175
5699,241
5700,180
5701,143
5702,203
5703,168
5704,149
5705,111
5706,148
5707,123
5708,129
5709,118
5710,170
5711,198
5712,186
5713,224
5714,177
5715,179
5716,159
5717,202
5718,150
5719,123
5720,284
5721,173
5722,153
5723,189
5724,220
5725,171
5726,192
5727,244
5728,148
5729,169
5730,193
5731,215
5732,140
5733,170
5734,204
5735,140
5736,265
5737,162
5738,197
5739,233
5740,223
5741,194
5742,180
5743,252
5744,229
5745,203
5746,226
5747,158
5748,169
5749,178
5750,110
5751,141
5752,244
5753,203
5754,121
5755,181
5756,234
5757,176
5758,224
5759,152
5760,236
5761,134
5762,65
5763,141
5764,191
5765,191
5766,192
5767,127
5768,204
5769,212
5770,61
5771,110
5772,186
5773,209
5774,103
5775,233
5776,236
5777,161
5778,167
5779,175
5780,211
5781,147
5782,200
5783,133
5784,142
5785,266
5786,145
5787,158
5788,162
5789,121
5790,236
5791,226
5792,121
5793,237
5794,182
5795,176
5796,162
5797,137
5798,205
5799,142
5800,145
5801,144
5802,161
5803,130
5804,173
5805,114
5806,110
5807,175
5808,180
5809,140
5810,233
5811,238
5812,166
5813,133
5814,112
5815,127
5816,120
5817,145
5818,80
5819,142
5820,183
5821,133
5822,83
5823,175
5824,53
5825,129
5826,159
5827,195
5828,117
5829,161
5830,185
5831,230
5832,213
5833,58
5834,124
5835,89
5836,144
5837,94
5838,165
5839,155
5840,144
5841,136
5842,133
5843,130
5844,98
5845,185
5846,131
5847,22
5848,125
5849,46
5850,132
5851,101
5852,102
5853,180
5854,184
5855,122
5856,219
5857,105
5858,57
5859,143
5860,120
5861,156
5862,123
5863,90
5864,91
5865,156
5866,97
5867,92
5868,166
5869,156
5870,121
5871,53
5872,86
5873,175
5874,188
5875,225
5876,185
5877,120
5878,223
5879,215
5880,158
5881,94
5882,215
5883,175
5884,174
5885,221
5886,166
5887,181
5888,154
5889,132
5890,139
5891,107
5892,193
5893,124
5894,177
5895,212
5896,208
5897,169
5898,123
5899,151
5900,108
5901,90
5902,128
5903,189
5904,78
5905,204
5906,206
5907,148
5908,171
5909,158
5910,194
5911,106
5912,262
5913,119
5914,154
5915,243
5916,87
5917,127
5918,208
5919,171
5920,170
5921,140
5922,122
5923,77
5924,130
5925,129
5926,117
5927,130
5928,104
5929,145
5930,130
5931,174
5932,115
5933,160
5934,171
5935,217
5936,102
5937,181
5938,154
5939,125
5940,65
5941,114
5942,218
5943,164
5944,188
5945,171
5946,145
5947,125
5948,138
5949,101
5950,119
5951,169
5952,115
5953,235
5954,34
5955,101
5956,135
5957,132
5958,121
5959,200
5960,131
5961,161
5962,150
5963,244
5964,147
5965,149
5966,180
5967,194
5968,126
5969,133
5970,165
5971,156
5972,134
5973,157
5974,224
5975,144
5976,95
5977,157
5978,191
5979,218
5980,162
5981,155
5982,132
5983,108
5984,177
5985,150
5986,98
5987,191
5988,130
5989,163
5990,139
5991,178
5992,167
5993,119
5994,142
5995,136
5996,117
5997,160
5998,208
5999,200
6001,78
6002,143
6003,104
6004,114
6005,250
6006,167
6007,257
6008,224
6009,195
6010,151
6011,203
6012,216
6013,267
6014,244
6015,291
6016,268
6017,217
6018,235
6019,165
6020,249
6021,177
6022,193
6023,69
6024,219
6025,150
6026,172
6027,217
6028,184
6029,143
6030,169
6031,262
6032,191
6033,219
6034,245
6035,181
6036,188
6037,214
6038,125
6039,221
6040,315
6041,194
6042,197
6043,154
6044,181
6045,257
6046,141
6047,173
6048,139
6049,183
6050,237
6051,110
6052,182
6053,131
6054,144
6055,137
6056,142
6057,153
6058,202
6059,184
6060,123
6061,178
6062,233
6063,184
6064,239
6065,200
6066,126
6067,127
6068,115
6069,106
6070,130
6071,104
6072,160
6073,114
6074,117
6075,119
6076,227
6077,78
6078,142
6079,232
6080,109
6081,130
6082,157
6083,125
6084,102
6085,90
6086,76
6087,132
6088,171
6089,165
6090,83
6091,148
6092,114
6093,155
6094,68
6095,148
6096,77
6097,179
6098,118
6099,168
6100,81
6101,74
6102,50
6103,47
6104,139
6105,67
6106,106
6107,117
6108,82
6109,24
6110,127
6111,114
6112,72
6113,76
6114,128
6115,84
6116,121
6117,77
6118,54
6119,162
6120,91
6121,30
6122,120
6123,68
6124,89
6125,140
6126,108
6127,71
6128,115
6129,47
6130,144
6131,69
6132,87
6133,38
6134,70
6135,84
6136,85
6137,93
6138,90
6139,97
6140,78
6141,67
6142,70
6143,78
6144,61
6145,50
6146,102
6147,85
6148,93
6149,90
6150,145
6151,109
6152,91
6153,95
6154,43
6155,100
6156,23
6157,14
6158,80
6159,54
6160,63
6161,74
6162,86
6163,21
6164,43
6165,87
6166,86
6167,65
6168,61
6169,84
6170,45
6171,41
6172,79
6173,131
6174,35
6175,49
6176,175
6177,82
6178,94
6179,88
6180,139
6181,76
6182,114
6183,147
6184,97
6185,112
6186,164
6187,182
6188,155
6189,127
6190,92
6191,212
6192,105
6193,164
6194,106
6195,43
6196,30
6197,14
6198,65
6199,109
6200,138
6201,175
6202,118
6203,138
6204,166
6205,100
6206,105
6207,118
6208,174
6209,115
6210,169
6211,106
6212,145
6213,98
6214,63
6215,164
6216,163
6217,119
6218,141
6219,132
6220,134
6221,146
6222,104
6223,153
6224,132
6225,124
6226,156
6227,26
6228,170
6229,129
6230,99
6231,95
6232,109
6233,112
6234,94
6235,125
6236,138
6237,144
6238,118
6239,80
6240,113
6241,151
6242,120
6243,79
6244,133
6245,125
6246,132
6247,114
6248,130
6249,83
6250,79
6251,135
6252,64
6253,182
6254,123
6255,153
6256,56
6257,135
6258,169
6259,90
6260,85
6261,140
6262,143
6263,122
6264,110
6265,105
6266,142
6267,115
6268,141
6269,114
6270,144
6271,84
6272,145
6273,127
6274,68
6275,100
6276,105
6277,84
6278,126
6279,134
6280,126
6281,97
6282,58
6283,83
6284,57
6285,120
6286,124
6287,132
6288,161
6289,93
6290,89
6291,41
6292,102
6293,92
6294,123
6295,158
6296,164
6297,73
6298,78
6299,118
6300,70
6301,101
6302,165
6303,118
6304,121
6305,93
6306,62
6307,88
6308,93
6309,60
6310,89
6311,59
6312,39
6313,8
6314,98
6315,27
6316,7
6317,26
6318,69
6319,85
6320,25
6321,40
6322,57
6323,67
6324,30
6325,53
6326,78
6327,17
6328,71
6329,36
6330,41
6331,20
6332,41
6333,69
6334,61
6335,10
6336,41
6337,50
6338,42
6339,63
6340,29
6341,62
6342,115
6343,94
6344,44
6345,19
6346,20
6347,58
6348,59
6349,94
6350,32
6351,49
6352,50
6353,65
6354,7
6355,64
6356,2
6357,9
6358,11
6359,6
6360,5
6361,5
6362,10
6363,38
6364,37
6365,3
6366,30
6367,66
6368,21
6369,35
6370,104
6371,3
6372,4
6373,2
6374,36
6375,1
6376,7
6377,5
6378,1
6379,4
6380,15
6381,19
6382,3
6383,51
6384,36
6385,11
6386,24
6387,39
6388,1
6389,2
6390,64
6391,52
6392,35
6393,33
6394,70
6395,33
6396,63
6397,106
6398,36
6399,133
6400,5
6401,4
6402,12
6403,1
6404,22
6405,77
6406,5
6407,4
6408,19
6409,25
6410,35
6411,44
6412,8
6413,23
6414,6
6415,28
6416,24
6417,74
6418,46
6419,14
6420,3
6421,22
6422,30
6423,28
6424,24
6425,22
6426,15
6427,11
6428,15
6429,3
6430,6
6431,4
6432,12
6433,57
6434,3
6435,5
6436,20
6437,8
6438,32
6439,4
6440,3
6441,30
6442,22
6443,66
6444,6
6445,14
6446,5
6447,1
6448,11
6449,36
6450,5
6451,8
6452,6
6454,7
6455,9
6456,4
6457,5
6458,2
6459,5
6460,4
6461,9
6462,2
6463,4
6464,24
6465,12
6466,10
6467,4
6468,7
6469,3
6470,3
6471,1
6472,1
6474,8
6475,6
6476,2
6477,6
6478,4
6479,2
6480,6
6481,14
6482,4
6483,2
6484,2
6486,2
6487,4
6488,5
6489,10
6490,2
6491,1
6492,6
6493,3
6494,2
6495,5
6496,3
6497,5
6498,3
6499,3
6500,3
6501,5
6502,3
6503,3
6504,6
6505,5
6506,1
6507,2
6508,2
6509,3
6510,2
6511,28
6512,8
6513,20
6514,22
6515,49
6516,27
6517,22
6518,22
6519,6
6520,5
6521,19
6522,5
6523,4
6524,8
6525,4
6526,10
6527,4
6528,3
6529,4
6531,4
6532,5
6533,1
6534,5
6535,3
6536,2
6537,7
6538,2
6539,9
6540,3
6541,21
6542,4
6543,2
6544,5
6545,20
6546,29
6547,19
6548,5
6549,12
6550,8
6551,3
6552,4
6554,2
6555,2
6556,5
6557,5
6558,4
6559,4
6560,6
6561,4
6562,3
6563,6
6564,1
6565,14
6566,56
6567,15
6568,3
6569,7
6570,5
6571,8
6572,4
6573,2
6574,15
6575,23
6576,4
6577,7
6579,6
6580,6
6581,5
6582,3
6583,5
6585,6
6586,4
6587,6
6588,20
6589,14
6590,9
6591,6
6592,5
6593,4
6594,2
6595,8
6596,5
6597,3
6598,23
6599,10
6601,3
6602,1
6603,4
6604,7
6606,3
6607,2
6608,1
6609,3
6610,7
6611,5
6612,18
6614,4
6615,5
6616,1
6617,5
6618,9
6619,2
6620,5
6621,4
6622,5
6624,1
6625,4
6626,16
6627,4
6628,2
6630,6
6631,2
6632,2
6633,3
6634,5
6635,4
6636,19
6637,5
6639,7
6640,1
6642,4
6643,4
6644,5
6646,2
6647,6
6648,2
6649,2
6650,2
6651,3
6652,3
6653,4
6654,1
6655,4
6656,7
6657,6
6658,3
6660,2
6661,6
6662,1
6663,3
6664,1
6665,2
6667,42
6668,3
6669,1
6670,2
6671,3
6672,3
6673,2
6675,7
6676,3
6677,5
6678,3
6680,1
6681,1
6682,2
6683,5
6684,5
6685,2
6686,4
6687,5
6688,7
6690,2
6691,2
6693,3
6694,8
6695,10
6696,20
6697,2
6698,4
6699,4
6700,5
6701,7
6702,6
6703,1
6704,5
6705,1
6706,1
6707,2
6708,4
6709,3
6710,2
6711,1
6713,3
6714,1
6715,1
6716,1
6717,2
6719,6
6720,5
6722,3
6723,3
6724,5
6725,3
6726,6
6727,3
6728,4
6729,4
6730,7
6732,5
6733,2
6734,3
6735,2
6736,1
6737,5
6738,6
6739,2
6740,2
6741,18
6742,2
6743,2
6744,37
6745,6
6746,2
6747,1
6748,5
6749,1
6750,4
6751,5
6752,1
6753,6
6754,2
6755,3
6756,4
6757,1
6758,3
6759,1
6760,3
6761,1
6762,1
6763,8
6764,5
6765,4
6766,5
6767,2
6768,3
6769,6
6771,4
6772,2
6773,2
6774,5
6775,8
6776,4
6777,2
6778,3
6779,1
6780,7
6781,5
6782,3
6783,2
6785,8
6786,2
6787,2
6788,18
6789,19
6790,2
6791,2
6792,10
6793,5
6794,5
6796,10
6797,3
6798,4
6799,6
6800,4
6802,2
6803,5
6804,6
6805,3
6806,2
6807,1
6808,6
6809,8
6810,7
6811,4
6812,7
6813,2
6814,2
6815,24
6816,5
6818,8
6819,4
6820,2
6821,10
6822,1
6823,6
6824,7
6825,6
6826,3
6827,1
6828,2
6829,1
6830,3
6831,4
6832,2
6834,8
6835,4
6836,5
6837,4
6838,5
6839,2
6840,11
6841,26
6842,6
6843,7
6844,19
6845,6
6846,1
6847,22
6848,9
6849,4
6850,6
6851,2
6852,9
6853,9
6854,2
6855,2
6856,6
6858,9
6859,7
6860,2
6861,2
6862,5
6863,1
6864,5
6865,2
6866,5
6867,7
6868,11
6869,4
6870,4
6871,3
6872,1
6873,4
6874,6
6875,3
6876,8
6877,8
6878,8
6879,7
6880,6
6881,3
6882,8
6883,11
6884,2
6885,6
6886,7
6887,2
6888,1
6889,5
6890,3
6891,5
6892,2
6893,3
6894,8
6895,7
6896,4
6897,5
6898,5
6899,7
6900,24
6901,26
6902,43
6903,8
6904,42
6905,42
6906,42
6907,4
6908,25
6909,24
6910,19
6911,45
6912,19
6913,31
6914,44
6915,2
6916,5
6917,3
6918,5
6919,5
6920,38
6921,24
6922,39
6923,40
6924,8
6926,4
6927,2
6928,4
6929,20
6930,1
6931,2
6932,8
6933,17
6934,16
6935,3
6936,22
6937,10
6938,4
6939,1
6940,2
6941,6
6942,1
6943,9
6944,3
6945,3
6946,6
6947,2
6948,3
6949,2
6950,6
6951,9
6952,7
6953,9
6954,9
6955,5
6956,29
6957,8
6958,6
6959,2
6960,9
6961,9
6962,11
6963,4
6964,9
6965,39
6966,2
6967,1
6969,4
6970,4
6971,5
6972,3
6973,7
6974,4
6975,2
6976,6
6977,3
6978,2
6979,2
6980,1
6981,2
6982,7
6983,10
6984,7
6985,6
6986,12
6987,13
6988,12
6989,3
6990,8
6991,2
6992,4
6993,5
6994,16
6995,8
6996,3
6997,5
6998,6
6999,1
7332,6
7333,7
7334,4
7335,4
7346,1
7347,1
7359,92
7360,102
7361,123
7362,59
7363,121
7364,62
7365,61
7366,35
7367,119
7368,49
7369,96
7370,62
7371,122
7372,62
7373,93
7374,88
7375,59
7376,62
7377,108
7378,62
7379,106
7380,106
7381,69
7382,61
7383,124
7384,59
7385,60
7386,54
7387,57
7388,61
7389,93
7390,38
7391,85
7392,61
7393,121
7394,122
7395,110
7396,62
7397,58
7398,24
7399,88
7400,60
7401,61
7402,93
7403,60
7404,60
7405,114
7406,95
7407,54
7408,98
7409,62
7410,98
7411,84
7412,32
7413,61
7414,60
7415,60
7416,120
7417,59
7418,79
7419,61
7420,102
7421,59
7422,60
7423,59
7424,4
7425,9
7426,92
7427,79
7428,61
7429,114
7430,61
7431,53
7432,124
7433,79
7434,43
7435,9
7436,83
7437,57
7438,98
7439,112
9178,8
9179,4
9180,4
9181,3
9182,1
9184,1
9300,2
9301,1
9313,1
9315,2
9341,1
9366,2
9370,7
9371,9
9372,7
9373,4
9374,4
9375,5
9376,3
9377,2
9378,3
9379,1
9380,1
9381,3
9385,5
9386,4
9387,2
9388,1
9389,1
9400,1
9401,1
